"SEQ_ITEM","PORT_CODE","BRANCH","CONTNO","NOPOL","BLOK","SLOT","ROW","TIER","CONTSIZE","CONTTYPE","CONTOWNER","CONTSTATUS","PRINCIPAL","DG_FLAG","HOLD_FLAG","DMG_FLAG","OD_FLAG","FREEUSED_FLAG","FULLMT","SEALNO","WEIGHT","CMDTY_CODE","CMDTY_DESC","VESSEL_VOYAGE","POL","POT","POD","BGKNO","BLNO","DWINO","RESERVE_FIELD","MOVE_TIME","REPO_TIME","VESSEL_OPERATOR","CONT_GRADE","FORM_ID","DOC_ID","KADE","CREATEDON","CREATEDBY","MODIFIEDBY","MODIFIEDON"
2,"1","2",HPCU1000002,NOP02,B,"2","2","1","40",HC,,,ONE,,,DM,,,E,SL0002,12500.00,C02,TEXT,VSL02,SGSIN,IDJKT,IDBLW,BGK02,BL02,DWI02,RES02,"1716700002",1716701002,ONE,GG,,,,,,,
3,"1","3",MSCU1000003,NOP03,C,"3","3","2","20",RF,,,CMA,,,AV,,,F,SL0003,13000.00,C03,CHEM,VSL03,MYTPP,IDJKT,IDSRG,BGK03,BL03,DWI03,RES03,"1716700003",1716701003,CMA,MK,,,,,,,
4,"1","1",MRLU1000004,NOP04,A,"4","4","2","40",OT,,,EVG,,,DM,,,E,SL0004,13500.00,C04,WOOD,VSL04,THBKK,IDJKT,IDSUB,BGK04,BL04,DWI04,RES04,"1716700004",1716701004,EVG,FG,,,,,,,
5,"1","2",MRTU1000005,NOP05,B,"5","5","3","20",GP,,,HPL,,,AV,,,F,SL0005,14000.00,C05,MACH,VSL05,VNSGN,IDJKT,IDBLW,BGK05,BL05,DWI05,RES05,"1716700005",1716701005,HPL,PG,,,,,,,
6,"1","3",HPCU1000006,NOP06,C,"6","1","3","40",HC,,,MSK,,,DM,,,E,SL0006,14500.00,C06,PAPER,VSL06,CNSHA,IDJKT,IDSRG,BGK06,BL06,DWI06,RES06,"1716700006",1716701006,MSK,GG,,,,,,,
7,"1","1",MSCU1000007,NOP07,A,"7","2","4","20",RF,,,ONE,,,AV,,,F,SL0007,15000.00,C07,STEEL,VSL07,KRPUS,IDJKT,IDSBY,BGK07,BL07,DWI07,RES07,"1716700007",1716701007,ONE,MK,,,,,,,
8,"1","2",MRLU1000008,NOP08,B,"8","3","4","40",OT,,,CMA,,,DM,,,E,SL0008,15500.00,C08,FROZ,VSL08,HKHKG,IDJKT,IDSUB,BGK08,BL08,DWI08,RES08,"1716700008",1716701008,CMA,FG,,,,,,,
9,"1","3",MRTU1000009,NOP09,C,"9","4","5","20",GP,,,EVG,,,AV,,,F,SL0009,16000.00,C09,RICE,VSL09,TWKHH,IDJKT,IDBLW,BGK09,BL09,DWI09,RES09,"1716700009",1716701009,EVG,PG,,,,,,,
10,"1","1",HPCU1000010,NOP10,A,"10","5","5","40",HC,,,HPL,,,DM,,,E,SL0010,16500.00,C10,PLAS,VSL10,JPTYO,IDJKT,IDSRG,BGK10,BL10,DWI10,RES10,"1716700010",1716701010,HPL,GG,,,,,,,
11,"1","2",MSCU1000011,NOP11,B,"1","1","1","20",GP,,,MSK,,,AV,,,F,SL0011,17000.00,C11,FOOD,VSL11,SGSIN,IDJKT,IDSBY,BGK11,BL11,DWI11,RES11,"1716700011",1716701011,MSK,MK,,,,,,,
12,"1","3",MRLU1000012,NOP12,C,"2","2","1","40",HC,,,ONE,,,DM,,,E,SL0012,17500.00,C12,TEXT,VSL12,SGSIN,IDJKT,IDBLW,BGK12,BL12,DWI12,RES12,"1716700012",1716701012,ONE,GG,,,,,,,
13,"1","1",MRTU1000013,NOP13,A,"3","3","2","20",RF,,,CMA,,,AV,,,F,SL0013,18000.00,C13,CHEM,VSL13,MYTPP,IDJKT,IDSRG,BGK13,BL13,DWI13,RES13,"1716700013",1716701013,CMA,FG,,,,,,,
14,"1","2",HPCU1000014,NOP14,B,"4","4","2","40",OT,,,EVG,,,DM,,,E,SL0014,18500.00,C14,WOOD,VSL14,THBKK,IDJKT,IDSUB,BGK14,BL14,DWI14,RES14,"1716700014",1716701014,EVG,PG,,,,,,,
15,"1","3",MSCU1000015,NOP15,C,"5","5","3","20",GP,,,HPL,,,AV,,,F,SL0015,19000.00,C15,MACH,VSL15,VNSGN,IDJKT,IDBLW,BGK15,BL15,DWI15,RES15,"1716700015",1716701015,HPL,MK,,,,,,,
16,"1","1",MRLU1000016,NOP16,A,"6","1","3","40",HC,,,MSK,,,DM,,,E,SL0016,19500.00,C16,PAPER,VSL16,CNSHA,IDJKT,IDSRG,BGK16,BL16,DWI16,RES16,"1716700016",1716701016,MSK,FG,,,,,,,
17,"1","2",MRTU1000017,NOP17,B,"7","2","4","20",RF,,,ONE,,,AV,,,F,SL0017,20000.00,C17,STEEL,VSL17,KRPUS,IDJKT,IDSBY,BGK17,BL17,DWI17,RES17,"1716700017",1716701017,ONE,PG,,,,,,,
18,"1","3",HPCU1000018,NOP18,C,"8","3","4","40",OT,,,CMA,,,DM,,,E,SL0018,20500.00,C18,FROZ,VSL18,HKHKG,IDJKT,IDSUB,BGK18,BL18,DWI18,RES18,"1716700018",1716701018,CMA,GG,,,,,,,
19,"1","1",MSCU1000019,NOP19,A,"9","4","5","20",GP,,,EVG,,,AV,,,F,SL0019,21000.00,C19,RICE,VSL19,TWKHH,IDJKT,IDBLW,BGK19,BL19,DWI19,RES19,"1716700019",1716701019,EVG,FG,,,,,,,
20,"1","2",MRLU1000020,NOP20,B,"10","5","5","40",HC,,,HPL,,,DM,,,E,SL0020,21500.00,C20,PLAS,VSL20,JPTYO,IDJKT,IDSRG,BGK20,BL20,DWI20,RES20,"1716700020",1716701020,HPL,MK,,,,,,,
1,"1","1",MRTU1000001,NOP01,A,"1","1","1","20",GP,,,MSK,,,AV,,,F,SL0001,12000.00,C01,FOOD,VSL01,SGSIN,IDJKT,IDSBY,BGK01,BL01,DWI01,RES01,"1716700001",1716701001,MAERSK,GG,,,,,,,
21,"1","1",MRTU1000011,NOP01,A,"1","1","2","20",GP,,,MSK,,,AV,,,E,SL0001,12000.00,C01,FOOD,VSL01,SGSIN,IDJKT,IDSBY,BGK01,BL01,DWI01,RES01,"1716700001",1716701001,MAERSK,GG,,,,,,,
22,"1","1",MRTU1000010,NOP01,A,"1","1","3","20",GP,,,MSK,,,AV,,,E,SL0001,12000.00,C01,FOOD,VSL01,SGSIN,IDJKT,IDSBY,BGK01,BL01,DWI01,RES01,"1716700001",1716701001,MAERSK,GG,,,,,,,
23,"1","1",MRTU1000011,NOP01,A,"1","1","4","20",GP,,,MSK,,,AV,,,E,SL0001,12000.00,C01,FOOD,VSL01,SGSIN,IDJKT,IDSBY,BGK01,BL01,DWI01,RES01,"1716700001",1716701001,MAERSK,GG,,,,,,,
24,"1","1",MRTU1000010,NOP01,A,"1","1","5","20",GP,,,MSK,,,AV,,,E,SL0001,12000.00,C01,FOOD,VSL01,SGSIN,IDJKT,IDSBY,BGK01,BL01,DWI01,RES01,"1716700001",1716701001,MAERSK,GG,,,,,,,
25,"1","1",MRTU1000011,NOP01,A,"1","1","6","20",GP,,,MSK,,,AV,,,E,SL0001,12000.00,C01,FOOD,VSL01,SGSIN,IDJKT,IDSBY,BGK01,BL01,DWI01,RES01,"1716700001",1716701001,MAERSK,GG,,,,,,,
26,"1","1",MRTU1000010,NOP01,A,"1","1","7","20",GP,,,MSK,,,AV,,,E,SL0001,12000.00,C01,FOOD,VSL01,SGSIN,IDJKT,IDSBY,BGK01,BL01,DWI01,RES01,"1716700001",1716701001,MAERSK,GG,,,,,,,
1174,IDJKT,JKT74,MRTU9619450,,,,,,"40",HC,,,,,,,,,E,,,,,,,,,,,,,"1781104320",,,,770,"39993","219",,,,
1175,IDJKT,JKT74,TRHU8915693,,,,,,"40",HC,,,,,,,,,E,,,,,,,,,,,,,"1781104440",,,,770,"39993","219",,,,
1178,IDJKT,JKT74,MRTU9619450,,,,,,"40",HC,,,,,,,,,E,,,,,,,,,,,,,"1781104320",,,,770,"39993","219",,,,
1179,IDJKT,JKT74,TRHU8915693,,,,,,"40",HC,,,,,,,,,E,,,,,,,,,,,,,"1781104440",,,,770,"39993","219",,,,
1181,IDJKT,JKT64,TXGU8488414,"6","1b",,,,"40",HC,,,,,,,,,E,,,,,,,,,,,,,"1781113020",,,,770,"40039","218",,,,
1182,IDJKT,JKT64,CAAU4955002,Ht04,"3a","30","5","1","40",HC,,,,,,,,,E,,,,,,,,,,,,,"1781110080",,,,770,"40035","218",,,,
1183,IDJKT,JKT64,TXGU8956259,Ht21,"3a","30","5","1","40",HC,,,,,,,,,E,,,,,,,,,,,,,"1781110440",,,,770,"40035","218",,,,
1184,IDJKT,JKT64,BMOU6035264,Ht19,"3a","30","5","3","40",HC,,,,,,,,,E,,,,,,,,,,,,,"1781111280",,,,770,"40035","218",,,,
1185,IDJKT,JKT64,SEGU4288445,Ht04,"3a","30","5",,"40",HC,,,,,,,,,E,,,,,,,,,,,,,"1781111760",,,,770,"40035","218",,,,
396,IDJKT,JKT64,GESU3407735,Ht04,"3a","3","1","4","20",GP,,,,,,,,,F,,,,,,,,,,,,,"1780896840",,,,770,"39672","218",,,,
398,IDJKT,JKT64,MRTU2102892,Ht06,"3a","3","2","3","20",GP,,,,,,,,,F,,,,,,,,,,,,,"1780896960",,,,770,"39672","218",,,,
399,IDJKT,JKT64,MRTU2259217,Ht14,"3a","3","5","5","20",GP,,,,,,,,,F,,,,,,,,,,,,,"1780896960",,,,770,"39672","218",,,,
401,IDJKT,JKT64,MRTU2202211,Ht13,"3a","4","1","3","20",GP,,,,,,,,,F,,,,,,,,,,,,,"1780899780",,,,770,"39672","218",,,,
406,IDJKT,JKT64,MRSU4362154,Ht17,"1b","12","5","1","40",HC,,,,,,,,,E,,,,,,,,,,,,,"1780965840",,,,770,"39796","218",,,,
407,IDJKT,JKT64,MRKU3964051,Ht03,"1b","12","5","2","40",HC,,,,,,,,,E,,,,,,,,,,,,,"1780965900",,,,770,"39796","218",,,,
408,IDJKT,JKT64,MRSU6911171,Ht30,"1b","6","1","1","40",HC,,,,,,,,,E,,,,,,,,,,,,,"1780968300",,,,770,"39796","218",,,,
409,IDJKT,JKT64,CAAU6628354,Ht15,"1b","12","2","3","40",HC,,,,,,,,,E,,,,,,,,,,,,,"1780968540",,,,770,"39796","218",,,,
410,IDJKT,JKT64,TRHU4340081,Ht29,"1b","12","3","5","40",HC,,,,,,,,,E,,,,,,,,,,,,,"1780968660",,,,770,"39796","218",,,,
411,IDJKT,JKT64,GAOU7551963,Ht07,"1n","12","5","4","40",HC,,,,,,,,,E,,,,,,,,,,,,,"1780968660",,,,770,"39796","218",,,,
412,IDJKT,JKT64,CAAU4660070,Ht18,"1b","12","5","3","40",HC,,,,,,,,,E,,,,,,,,,,,,,"1780968720",,,,770,"39796","218",,,,
413,IDJKT,JKT64,BSIU3089513,Ht28,"1b","10","1","1","20",GP,,,,,,,,,F,,,,,,,,,,,,,"1780978680",,,,770,"39796","218",,,,
795,IDJKT,JKT74,MRLU2355356,,,,,,"20",GP,,,,,,,,,E,,,,,,,,,,,,,"1781016180",,,,770,"39897","219",,,,
804,IDJKT,JKT74,MRTU2124649,,,,,,"20",GP,,,,,,,,,E,,,,,,,,,,,,,"1781016480",,,,770,"39897","219",,,,
1186,IDJKT,JKT74,MRTU9642378,,A,"2",,,"40",HC,,,,,,,,,E,,,,,,,,,,,,,"1781111280",,,,770,"40042","219",,,,
1187,IDJKT,JKT74,MRTU9607037,Ht04,A,"2",,,"40",HC,,,,,,,,,E,,,,,,,,,,,,,"1781111340",,,,770,"40042","219",,,,
809,IDJKT,JKT74,MRTU2107641,,,,,,"20",GP,,,,,,,,,E,,,,,,,,,,,,,"1781017020",,,,770,"39897","219",,,,
1188,IDJKT,JKT74,TRHU8899191,Ht03,C,"10",,,"40",HC,,,,,,,,,E,,,,,,,,,,,,,"1781114100",,,,770,"40042","219",,,,
811,IDJKT,JKT74,SEGU6295504,,,,,,"40",GP,,,,,,,,,E,,,,,,,,,,,,,"1781017080",,,,770,"39897","219",,,,
1189,IDJKT,JKT74,FCIU7029520,Ht06,C,"10",,,"40",HC,,,,,,,,,E,,,,,,,,,,,,,"1781114160",,,,770,"40042","219",,,,
1190,IDJKT,JKT74,MRLU5213186,Ht04,C,"10",,,"40",HC,,,,,,,,,E,,,,,,,,,,,,,"1781114160",,,,770,"40042","219",,,,
1191,IDJKT,JKT74,MRTU9610940,Ht18,C,"10",,,"40",HC,,,,,,,,,E,,,,,,,,,,,,,"1781114220",,,,770,"40042","219",,,,
1192,IDJKT,JKT74,MRTU9627835,Ht16,C,"10",,,"40",HC,,,,,,,,,E,,,,,,,,,,,,,"1781114280",,,,770,"40042","219",,,,
1193,IDJKT,JKT74,MRTU9618664,Ht22,C,"10",,,"40",HC,,,,,,,,,E,,,,,,,,,,,,,"1781114340",,,,770,"40042","219",,,,
820,IDJKT,JKT64,MRTU2168349,H28,"2a","9","1","1","20",GP,,,,,,,,,E,,,,,,,,,,,,,"1780994220",,,,770,"39860","218",,,,
821,IDJKT,JKT64,MRTU2232345,H28,"2a","9","1","2","20",GP,,,,,,,,,E,,,,,,,,,,,,,"1780994220",,,,770,"39860","218",,,,
822,IDJKT,JKT64,MRLU2382515,H25,"2a","9","1","3","20",EC,,,,,,,,,E,,,,,,,,,,,,,"1780994400",,,,770,"39860","218",,,,
823,IDJKT,JKT64,DFSU3191748,H25,"2a","9","1","4","20",GP,,,,,,,,,E,,,,,,,,,,,,,"1780994460",,,,770,"39860","218",,,,
824,IDJKT,JKT64,MRLU2387559,H20,"2a","9","4","1","20",GP,,,,,,,,,F,,,,,,,,,,,,,"1780994580",,,,770,"39860","218",,,,
825,IDJKT,JKT64,MRTU2194570,H20,"2a","9","4","2","20",GP,,,,,,,,,E,,,,,,,,,,,,,"1780994580",,,,770,"39860","218",,,,
826,IDJKT,JKT64,MRLU2351582,H01,"2a","9","4","3","20",GP,,,,,,,,,F,,,,,,,,,,,,,"1780994700",,,,770,"39860","218",,,,
827,IDJKT,JKT64,MRTU2204620,H01,"2a","9","4","4","20",GP,,,,,,,,,E,,,,,,,,,,,,,"1780994760",,,,770,"39860","218",,,,
828,IDJKT,JKT64,FCIU6092909,H19,"2a","8","1","1","20",GP,,,,,,,,,E,,,,,,,,,,,,,"1780994940",,,,770,"39860","218",,,,
829,IDJKT,JKT64,MRTU2098067,H19,"2a","8","1","2","20",GP,,,,,,,,,E,,,,,,,,,,,,,"1780995000",,,,770,"39860","218",,,,
830,IDJKT,JKT64,MRTU2033528,H27,"2a","8","1","3","20",GP,,,,,,,,,E,,,,,,,,,,,,,"1780995120",,,,770,"39860","218",,,,
831,IDJKT,JKT64,MRTU2006775,H27,"2a","8","1","4","20",GP,,,,,,,,,E,,,,,,,,,,,,,"1780995240",,,,770,"39860","218",,,,
832,IDJKT,JKT64,MRTU2086087,H18,"2a","5","2","1","20",GP,,,,,,,,,E,,,,,,,,,,,,,"1780995480",,,,770,"39860","218",,,,
834,IDJKT,JKT64,MRTU2159497,H14,"2a","5","2","3","20",GP,,,,,,,,,E,,,,,,,,,,,,,"1780995780",,,,770,"39860","218",,,,
835,IDJKT,JKT64,MRLU2341120,H14,"2a","5","2","4","20",GP,,,,,,,,,E,,,,,,,,,,,,,"1780995840",,,,770,"39860","218",,,,
836,IDJKT,JKT64,MRTU9635487,H07,"1a","12","1","1","40",HC,,,,,,,,,E,,,,,,,,,,,,,"1781014380",,,,770,"39860","218",,,,
837,IDJKT,JKT64,CAAU4954937,H19,"2a","12","1","2","40",HC,,,,,,,,,E,,,,,,,,,,,,,"1781014440",,,,770,"39860","218",,,,
838,IDJKT,JKT64,MRTU9625750,H05,"1a","12","1","3","40",HC,,,,,,,,,E,,,,,,,,,,,,,"1781014500",,,,770,"39860","218",,,,
839,IDJKT,JKT64,MRTU9623784,H02,"2s","2","1","1","40",HC,,,,,,,,,E,,,,,,,,,,,,,"1781014740",,,,770,"39860","218",,,,
840,IDJKT,JKT64,TXGU8450039,H16,"1a","2","1","2","40",HC,,,,,,,,,E,,,,,,,,,,,,,"1781014920",,,,770,"39860","218",,,,
841,IDJKT,JKT64,MRTU2199057,H12,"1a","5","4","1","20",GP,,,,,,,,,E,,,,,,,,,,,,,"1781015460",,,,770,"39860","218",,,,
843,IDJKT,JKT64,MRTU2200029,H18,"1a","5","4","3","20",GP,,,,,,,,,E,,,,,,,,,,,,,"1781015580",,,,770,"39860","218",,,,
844,IDJKT,JKT64,MRTU2109011,H18,"1a","5","4","4","20",GP,,,,,,,,,E,,,,,,,,,,,,,"1781015640",,,,770,"39860","218",,,,
845,IDJKT,JKT64,MRTU2101915,H14,"1a","5","6","1","20",GP,,,,,,,,,E,,,,,,,,,,,,,"1781015760",,,,770,"39860","218",,,,
846,IDJKT,JKT64,FCIU6090953,H14,"1a","5","6","2","20",GP,,,,,,,,,E,,,,,,,,,,,,,"1781015820",,,,770,"39860","218",,,,
847,IDJKT,JKT64,MRTU2047753,H19,"1a","5","6","3","20",GP,,,,,,,,,E,,,,,,,,,,,,,"1781016060",,,,770,"39860","218",,,,
415,IDJKT,JKT64,CAJU5094878,Ht18,"1b","6","1","2","40",HC,,,,,,,,,E,,,,,,,,,,,,,"1780978740",,,,770,"39796","218",,,,
416,IDJKT,JKT64,BMOU6356942,Ht28,"1b","4","2","1","40",HC,,,,,,,,,F,,,,,,,,,,,,,"1780978800",,,,770,"39796","218",,,,
417,IDJKT,JKT64,HASU4967649,Ht26,"1b","6","2","2","40",HC,,,,,,,,,F,,,,,,,,,,,,,"1780978860",,,,770,"39796","218",,,,
418,IDJKT,JKT64,SEGU6214884,Ht10,"1n","12","2","3","40",HC,,,,,,,,,E,,,,,,,,,,,,,"1780978980",,,,770,"39796","218",,,,
1194,IDJKT,JKT74,MRTU9606133,Ht01,C,"10",,,"40",HC,,,,,,,,,E,,,,,,,,,,,,,"1781114340",,,,770,"40042","219",,,,
421,IDJKT,JKT64,NYKU9737282,Ht30,"1b","15","3","1","20",GP,,,,,,,,,F,,,,,,,,,,,,,"1780979160",,,,770,"39796","218",,,,
423,IDJKT,JKT64,SITU2699975,Ht28,"1b","10","2","1","20",GP,,,,,,,,,F,,,,,,,,,,,,,"1780979280",,,,770,"39796","218",,,,
424,IDJKT,JKT64,FTAU1232280,Ht28,"1b","10","2","2","20",GP,,,,,,,,,F,,,,,,,,,,,,,"1780979340",,,,770,"39796","218",,,,
848,IDJKT,JKT64,TEXU2544743,H19,"1a","5","6","4","20",GP,,,,,,,,,E,,,,,,,,,,,,,"1781016180",,,,770,"39860","218",,,,
425,IDJKT,JKT64,HPCU4318802,Ht03,"1n","6","1","4","40",HC,,,,,,,,,F,,,,,,,,,,,,,"1780990080",,,,770,"39796","218",,,,
849,IDJKT,JKT64,MRTU2108268,H11,"1a","10","2","1","20",GP,,,,,,,,,E,,,,,,,,,,,,,"1781016660",,,,770,"39860","218",,,,
426,IDJKT,JKT64,CAAU9031450,Ht03,"1b","6","1","5","40",HC,,,,,,,,,E,,,,,,,,,,,,,"1780990080",,,,770,"39796","218",,,,
427,IDJKT,JKT64,MRTU2154469,Ht07,"1b","7","1","3","20",GP,,,,,,,,,E,,,,,,,,,,,,,"1780990500",,,,770,"39796","218",,,,
428,IDJKT,JKT64,MRTU2256115,Ht07,"1b","7","1","4","20",GP,,,,,,,,,E,,,,,,,,,,,,,"1780990560",,,,770,"39796","218",,,,
1195,IDJKT,JKT74,MRTU9607042,Ht01,C,"10",,,"40",HC,,,,,,,,,E,,,,,,,,,,,,,"1781114400",,,,770,"40042","219",,,,
1196,IDJKT,JKT74,MRTU9619613,Ht14,C,"10",,,"40",HC,,,,,,,,,E,,,,,,,,,,,,,"1781114460",,,,770,"40042","219",,,,
1198,IDJKT,JKT74,FCIU7016020,Ht24,C,"10",,,"40",HC,,,,,,,,,E,,,,,,,,,,,,,"1781114520",,,,770,"40042","219",,,,
1199,IDJKT,JKT74,MRTU9608985,Ht15,C,"10",,,"40",HC,,,,,,,,,E,,,,,,,,,,,,,"1781114520",,,,770,"40042","219",,,,
1200,IDJKT,JKT74,MRTU9633479,Ht03,C,"10",,,"40",HC,,,,,,,,,E,,,,,,,,,,,,,"1781114580",,,,770,"40042","219",,,,
1201,IDJKT,JKT64,TXGU8489909,Ht07,"2a","14","1","1","40",HC,,,,,,,,,E,,,,,,,,,,,,,"1781107680",,,,770,"40031","218",,,,
1202,IDJKT,JKT64,CAJU5096802,HT06,"2A","14","1","2","40",HC,,,,,,,,,E,,,,,,,,,,,,,"1781107920",,,,770,"40031","218",,,,
1203,IDJKT,JKT64,CGMU5623182,Ht23,"1b","2","6","2","40",RF,,,,,,,,,F,,,,,,,,,,,,,"1781136300",,,,770,"40047","218",,,,
1204,IDJKT,JKT64,HALU2449481,Ht16,"1b","10","1","1","20",GP,,,,,,,,,F,,,,,,,,,,,,,"1781138100",,,,770,"40047","218",,,,
1205,IDJKT,JKT64,MRTU2212518,Ht16,"1b","10","1","2","20",GP,,,,,,,,,F,,,,,,,,,,,,,"1781138160",,,,770,"40047","218",,,,
1206,IDJKT,JKT64,AMCU9392224,Ht05,"1b","2","6","3","40",RF,,,,,,,,,F,,,,,,,,,,,,,"1781139240",,,,770,"40047","218",,,,
1207,IDJKT,JKT64,CGMU6622299,Ht03,"1b","1","6","4","40",RF,,,,,,,,,F,,,,,,,,,,,,,"1781141760",,,,770,"40047","218",,,,
429,IDJKT,JKT64,MRTU2069182,Ht20,"1b","8","3","3","20",GP,,,,,,,,,E,,,,,,,,,,,,,"1780991100",,,,770,"39796","218",,,,
430,IDJKT,JKT64,MRTU2087674,Ht20,"1b","8","3","4","20",GP,,,,,,,,,E,,,,,,,,,,,,,"1780991160",,,,770,"39796","218",,,,
431,IDJKT,JKT64,FCIU6088750,Ht01,"1b","7","1","3","20",GP,,,,,,,,,E,,,,,,,,,,,,,"1780991220",,,,770,"39796","218",,,,
432,IDJKT,JKT64,MRTU2032368,Ht01,"1b","7","1","4","20",GP,,,,,,,,,E,,,,,,,,,,,,,"1780991280",,,,770,"39796","218",,,,
433,IDJKT,JKT64,UETU7224874,Ht19,"3a","10","1","3","40",HC,,,,,,,,,E,,,,,,,,,,,,,"1780972500",,,,770,"39795","218",,,,
435,IDJKT,JKT64,BMOU6811624,Ht23,"3a","10","4","4","40",HC,,,,,,,,,F,,,,,,,,,,,,,"1780972980",,,,770,"39795","218",,,,
437,IDJKT,JKT64,ECMU4819107,Ht30,"3a","2","1","2","40",HC,,,,,,,,,E,,,,,,,,,,,,,"1780974360",,,,770,"39795","218",,,,
440,IDJKT,JKT64,CIMU1801016,Ht03,"3a","0","1","2","20",GP,,,,,,,,,F,,,,,,,,,,,,,"1780974840",,,,770,"39795","218",,,,
446,IDJKT,JKT64,EXFU5666350,Ht05,"3a","0","3","2","20",TN,,,,,,,,,F,,,,,,,,,,,,,"1780976100",,,,770,"39795","218",,,,
447,IDJKT,JKT64,EXFU5610599,Ht05,"3a","0","3","3","20",TN,,,,,,,,,F,,,,,,,,,,,,,"1780976160",,,,770,"39795","218",,,,
449,IDJKT,JKT64,GLDU9794432,Ht14,"3a","4","3","2","20",GP,,,,,,,,,F,,,,,,,,,,,,,"1780976460",,,,770,"39795","218",,,,
450,IDJKT,JKT64,MRKU9036630,Ht23,"3a","7","6","1","20",GP,,,,,,,,,F,,,,,,,,,,,,,"1780982340",,,,770,"39795","218",,,,
456,IDJKT,JKT64,SEGU2495443,Ht29,"3a","16","2","3","20",GP,,,,,,,,,F,,,,,,,,,,,,,"1780985220",,,,770,"39795","218",,,,
460,IDJKT,JKT64,KKTU7705612,Ht12,"3a","0","1","3","20",GP,,,,,,,,,F,,,,,,,,,,,,,"1780988580",,,,770,"39795","218",,,,
461,IDJKT,JKT64,BEAU2921228,Ht12,"3a","0","1","4","20",GP,,,,,,,,,F,,,,,,,,,,,,,"1780988640",,,,770,"39795","218",,,,
462,IDJKT,JKT64,TCNU1117677,HT14,"1A","12","2","1","40",HC,,,,,,,,,E,,,,,,,,,,,,,"1780966620",,,,770,"39851","218",,,,
463,IDJKT,JKT64,FSCU8281114,HT02,"1A","12","2","2","40",HC,,,,,,,,,E,,,,,,,,,,,,,"1780966620",,,,770,"39851","218",,,,
464,IDJKT,JKT64,MRKU2380916,HT10,"1A","12","2","3","40",HC,,,,,,,,,E,,,,,,,,,,,,,"1780969080",,,,770,"39851","218",,,,
466,IDJKT,JKT64,CMAU5733319,HT02,"1A","12","1","2","40",HC,,,,,,,,,E,,,,,,,,,,,,,"1780971000",,,,770,"39851","218",,,,
467,IDJKT,JKT64,UETU7851766,HT15,"1A","8","6","1","40",HC,,,,,,,,,E,,,,,,,,,,,,,"1780972320",,,,770,"39851","218",,,,
468,IDJKT,JKT64,KMTU9337407,HT29,"1A","12","1","3","40",HC,,,,,,,,,F,,,,,,,,,,,,,"1780973640",,,,770,"39851","218",,,,
469,IDJKT,JKT64,CMAU8702456,HT26,"1A","12","1","4","40",HC,,,,,,,,,E,,,,,,,,,,,,,"1780973760",,,,770,"39851","218",,,,
470,IDJKT,JKT64,BMOU6237265,HT13,"1A","12","1","5","40",HC,,,,,,,,,F,,,,,,,,,,,,,"1780973820",,,,770,"39851","218",,,,
471,IDJKT,JKT64,DRYU2389614,HT26,"2A","11","2","1","20",GP,,,,,,,,,F,,,,,,,,,,,,,"1780977060",,,,770,"39851","218",,,,
472,IDJKT,JKT64,GCXU2236024,HT26,"2A","11","2","2","20",GP,,,,,,,,,F,,,,,,,,,,,,,"1780977120",,,,770,"39851","218",,,,
473,IDJKT,JKT64,MRTU9604110,HT10,"2A","4","3","3","40",HC,,,,,,,,,E,,,,,,,,,,,,,"1780983960",,,,770,"39851","218",,,,
476,IDJKT,JKT64,FCIU7016159,HT22,"1A","8","3","1","40",HC,,,,,,,,,F,,,,,,,,,,,,,"1780985160",,,,770,"39851","218",,,,
478,IDJKT,JKT64,FFAU5448520,HT06,"1A","12","1","5","40",HC,,,,,,,,,F,,,,,,,,,,,,,"1780986420",,,,770,"39851","218",,,,
479,IDJKT,JKT64,ECMU5148575,HT14,"2A","14","1","2","40",HC,,,,,,,,,E,,,,,,,,,,,,,"1780987500",,,,770,"39851","218",,,,
480,IDJKT,JKT64,ECMU7039887,HT30,"1A","8","3","2","40",HC,,,,,,,,,F,,,,,,,,,,,,,"1780988400",,,,770,"39851","218",,,,
481,IDJKT,JKT64,HPCU4457921,HT29,"1A","8","3","3","40",HC,,,,,,,,,E,,,,,,,,,,,,,"1780988580",,,,770,"39851","218",,,,
482,IDJKT,JKT64,MRTU9606299,HT26,"1A","8","3","4","40",GP,,,,,,,,,E,,,,,,,,,,,,,"1780988640",,,,770,"39851","218",,,,
483,IDJKT,JKT64,MRTU9609572,JT24,"1A","8","3","5","40",HC,,,,,,,,,E,,,,,,,,,,,,,"1780988880",,,,770,"39851","218",,,,
484,IDJKT,JKT64,TIIU6813050,HT17,"1A","8","1","4","20",HC,,,,,,,,,F,,,,,,,,,,,,,"1780989240",,,,770,"39851","218",,,,
485,IDJKT,JKT64,TXGU4073220,HT01,"2A","14","6","3","40",HC,,,,,,,,,F,,,,,,,,,,,,,"1780990200",,,,770,"39851","218",,,,
486,IDJKT,JKT64,MRTU9625616,HT11,"2A","14","6","4","40",HC,,,,,,,,,E,,,,,,,,,,,,,"1780990320",,,,770,"39851","218",,,,
487,IDJKT,JKT64,TXGU4086485,HT06,"3A","2","6","1","40",HC,,,,,,,,,F,,,,,,,,,,,,,"1780990380",,,,770,"39851","218",,,,
488,IDJKT,JKT64,HPCU4315716,HT22,"3A","2","6","2","40",HC,,,,,,,,,F,,,,,,,,,,,,,"1780990440",,,,770,"39851","218",,,,
850,IDJKT,JKT64,MRTU2152213,H11,"1a","10","2","2","20",GP,,,,,,,,,E,,,,,,,,,,,,,"1781016720",,,,770,"39860","218",,,,
851,IDJKT,JKT64,MRTU2012530,H22,"1a","10","2","3","20",GP,,,,,,,,,E,,,,,,,,,,,,,"1781017140",,,,770,"39860","218",,,,
852,IDJKT,JKT64,MRTU2253121,H22,"1a","10","2","4","20",GP,,,,,,,,,E,,,,,,,,,,,,,"1781017200",,,,770,"39860","218",,,,
489,IDJKT,JKT64,CAJU5078692,HT05,"3A","2","1","4","40",HC,,,,,,,,,F,,,,,,,,,,,,,"1780990920",,,,770,"39851","218",,,,
854,IDJKT,JKT64,MRTU2192108,H20,"1a","10","5","2","20",GP,,,,,,,,,E,,,,,,,,,,,,,"1781017560",,,,770,"39860","218",,,,
855,IDJKT,JKT64,MRTU2257528,H16,"1a","10","5","3","20",GP,,,,,,,,,E,,,,,,,,,,,,,"1781017860",,,,770,"39860","218",,,,
857,IDJKT,JKT64,MRTU2169514,H15,"1a","10","4","1","20",GP,,,,,,,,,E,,,,,,,,,,,,,"1781018100",,,,770,"39860","218",,,,
858,IDJKT,JKT64,MRTU2254895,H15,"1a","10","4","2","20",GP,,,,,,,,,F,,,,,,,,,,,,,"1781018160",,,,770,"39860","218",,,,
859,IDJKT,JKT64,MRTU2064072,H11,"2a","5","5","1","20",GP,,,,,,,,,E,,,,,,,,,,,,,"1781018760",,,,770,"39860","218",,,,
860,IDJKT,JKT64,MRTU2124700,H11,"2a","5","5","2","20",GP,,,,,,,,,E,,,,,,,,,,,,,"1781018820",,,,770,"39860","218",,,,
861,IDJKT,JKT64,MRTU2209535,H17,"2a","5","5","3","20",GP,,,,,,,,,E,,,,,,,,,,,,,"1781019120",,,,770,"39860","218",,,,
862,IDJKT,JKT64,MRTU2199294,H17,"2a","5","5","4","20",GP,,,,,,,,,E,,,,,,,,,,,,,"1781019180",,,,770,"39860","218",,,,
863,IDJKT,JKT64,MRTU2200965,H16,"2a","6","4","1","20",GP,,,,,,,,,E,,,,,,,,,,,,,"1781019300",,,,770,"39860","218",,,,
864,IDJKT,JKT64,MRTU2127777,H16,"2a","6","4","2","20",GP,,,,,,,,,F,,,,,,,,,,,,,"1781019360",,,,770,"39860","218",,,,
865,IDJKT,JKT64,MRTU2003776,H18,"2a","6","4","3","20",GP,,,,,,,,,E,,,,,,,,,,,,,"1781019780",,,,770,"39860","218",,,,
866,IDJKT,JKT64,MRTU2093384,H18,"2a","6","4","4","20",GP,,,,,,,,,E,,,,,,,,,,,,,"1781019780",,,,770,"39860","218",,,,
867,IDJKT,JKT64,DFSU3192214,H15,"2a","6","3","2","20",GP,,,,,,,,,F,,,,,,,,,,,,,"1781019840",,,,770,"39860","218",,,,
868,IDJKT,JKT64,MRTU2205360,H15,"2a","6","3","3","20",GP,,,,,,,,,E,,,,,,,,,,,,,"1781019900",,,,770,"39860","218",,,,
869,IDJKT,JKT64,MRTU9617499,Ht08,"3A","10","3","3","40",HC,,,,,,,,,E,,,,,,,,,,,,,"1780999080",,,,770,"39859","218",,,,
870,IDJKT,JKT64,FCIU7017514,Ht07,"3A","12","3","4","40",HC,,,,,,,,,E,,,,,,,,,,,,,"1780999260",,,,770,"39859","218",,,,
871,IDJKT,JKT64,HPCU4319270,Ht19,"3A","12","6","2","40",HC,,,,,,,,,F,Ada,,,,,,,,,,,,"1780999440",,,,770,"39859","218",,,,
872,IDJKT,JKT64,HPCU4316013,Ht14,"3A","12","6","3","40",HC,,,,,,,,,F,Ada,,,,,,,,,,,,"1780999500",,,,770,"39859","218",,,,
873,IDJKT,JKT64,TXGU8407325,Ht15,"3A","6","3","2","40",HC,,,,,,,,,F,Ada,,,,,,,,,,,,"1781000940",,,,770,"39859","218",,,,
874,IDJKT,JKT64,MRTU9646455,Ht17,"3A","6","3","3","40",HC,,,,,,,,,F,Ada,,,,,,,,,,,,"1781001000",,,,770,"39859","218",,,,
875,IDJKT,JKT64,SEGU4044942,Ht13,"3A","6","3","4","40",HC,,,,,,,,,F,Ada,,,,,,,,,,,,"1781001120",,,,770,"39859","218",,,,
877,IDJKT,JKT64,TXGU8453418,Ht29,"3A","2","1","1","40",HC,,,,,,,,,E,,,,,,,,,,,,,"1781018100",,,,770,"39859","218",,,,
878,IDJKT,JKT64,MRTU9633421,Ht26,"3A","2","1","2","40",HC,,,,,,,,,E,,,,,,,,,,,,,"1781018160",,,,770,"39859","218",,,,
879,IDJKT,JKT64,CXDU1848574,Ht27,"3A","2","1","3","40",HC,,,,,,,,,E,,,,,,,,,,,,,"1781018280",,,,770,"39859","218",,,,
880,IDJKT,JKT64,TCLU6589600,Ht25,"3A","6","3","3","40",HC,,,,,,,,,E,,,,,,,,,,,,,"1781018760",,,,770,"39859","218",,,,
881,IDJKT,JKT64,TXGU8102795,Ht26,"3A","6","3","4","40",HC,,,,,,,,,E,,,,,,,,,,,,,"1781019060",,,,770,"39859","218",,,,
490,IDJKT,JKT64,TXGU8462240,HT09,"3A","2","6","3","40",HC,,,,,,,,,E,,,,,,,,,,,,,"1780990980",,,,770,"39851","218",,,,
491,IDJKT,JKT64,MRTU9626063,HT28,"3A","2","6","4","40",HC,,,,,,,,,E,,,,,,,,,,,,,"1780991040",,,,770,"39851","218",,,,
492,IDJKT,JKT64,MRLU2377993,HT15,"2A","10","6","1","20",GP,,,,,,,,,E,,,,,,,,,,,,,"1780991040",,,,770,"39851","218",,,,
493,IDJKT,JKT64,SCZU7978874,HT15,"2A","10","6","2","20",GP,,,,,,,,,E,,,,,,,,,,,,,"1780991100",,,,770,"39851","218",,,,
496,IDJKT,JKT64,MRTU2178049,HT23,"2A","10","5","3","20",GP,,,,,,,,,E,,,,,,,,,,,,,"1780991400",,,,770,"39851","218",,,,
497,IDJKT,JKT64,MRTU2163331,HT23,"2A","10","5","4","20",GP,,,,,,,,,E,,,,,,,,,,,,,"1780991460",,,,770,"39851","218",,,,
504,IDJKT,JKT74,MRTU2267568,,,,,,"20",GP,,,,,,,,,E,,,,,,,,,,,,,"1780966380",,,,770,"39798","219",,,,
516,IDJKT,JKT74,MRTU2273576,,,,,,"20",GP,,,,,,,,,E,,,,,,,,,,,,,"1780967700",,,,770,"39798","219",,,,
544,IDJKT,JKT74,MRTU2019896,,,,,,"20",GP,,,,,,,,,E,,,,,,,,,,,,,"1780971180",,,,770,"39798","219",,,,
545,IDJKT,JKT74,MRTU2175477,,,,,,"20",GP,,,,,,,,,E,,,,,,,,,,,,,"1780971240",,,,770,"39798","219",,,,
546,IDJKT,JKT74,MRTU2008124,,,,,,"20",EC,,,,,,,,,E,,,,,,,,,,,,,"1780971240",,,,770,"39798","219",,,,
547,IDJKT,JKT74,MRTU2132222,,,,,,"20",GP,,,,,,,,,E,,,,,,,,,,,,,"1780971240",,,,770,"39798","219",,,,
548,IDJKT,JKT74,MRTU2041971,,,,,,"20",GP,,,,,,,,,E,,,,,,,,,,,,,"1780971960",,,,770,"39798","219",,,,
549,IDJKT,JKT74,MRLU2344834,,,,,,"20",GP,,,,,,,,,E,,,,,,,,,,,,,"1780972020",,,,770,"39798","219",,,,
550,IDJKT,JKT74,MRTU2230830,,,,,,"20",GP,,,,,,,,,E,,,,,,,,,,,,,"1780972140",,,,770,"39798","219",,,,
551,IDJKT,JKT74,MRTU2238235,,,,,,"20",GP,,,,,,,,,E,,,,,,,,,,,,,"1780972200",,,,770,"39798","219",,,,
552,IDJKT,JKT74,MRTU2201051,,,,,,"20",GP,,,,,,,,,E,,,,,,,,,,,,,"1780972200",,,,770,"39798","219",,,,
553,IDJKT,JKT74,MRTU2180998,,,,,,"20",GP,,,,,,,,,E,,,,,,,,,,,,,"1780972260",,,,770,"39798","219",,,,
554,IDJKT,JKT74,MRTU2221187,,,,,,"20",GP,,,,,,,,,E,,,,,,,,,,,,,"1780972440",,,,770,"39798","219",,,,
555,IDJKT,JKT74,MRTU2265499,,,,,,"20",GP,,,,,,,,,E,,,,,,,,,,,,,"1780972440",,,,770,"39798","219",,,,
556,IDJKT,JKT74,MRTU2180344,,,,,,"20",GP,,,,,,,,,E,,,,,,,,,,,,,"1780972500",,,,770,"39798","219",,,,
557,IDJKT,JKT74,MRTU2058819,,,,,,"20",GP,,,,,,,,,E,,,,,,,,,,,,,"1780972500",,,,770,"39798","219",,,,
882,IDJKT,JKT64,SELU4141522,Ht27,"3A","6","4","4","40",HC,,,,,,,,,E,,,,,,,,,,,,,"1781019180",,,,770,"39859","218",,,,
883,IDJKT,JKT64,SELU4541067,Ht30,"3A","2","1","4","40",HC,,,,,,,,,E,,,,,,,,,,,,,"1781019480",,,,770,"39859","218",,,,
886,IDJKT,JKT74,MRTU2137585,,,,,,"20",GP,,,,,,,,,E,,,,,,,,,,,,,"1781005380",,,,770,"39893","219",,,,
887,IDJKT,JKT74,MRTU2153518,,,,,,"20",GP,,,,,,,,,E,,,,,,,,,,,,,"1781005440",,,,770,"39893","219",,,,
888,IDJKT,JKT74,MRTU2132270,,,,,,"20",GP,,,,,,,,,E,,,,,,,,,,,,,"1781005500",,,,770,"39893","219",,,,
897,IDJKT,JKT74,MRLU2356012,,,,,,"20",GP,,,,,,,,,E,,,,,,,,,,,,,"1781005800",,,,770,"39893","219",,,,
900,IDJKT,JKT74,MRTU2000294,,,,,,"20",GP,,,,,,,,,E,,,,,,,,,,,,,"1781005860",,,,770,"39893","219",,,,
901,IDJKT,JKT74,MRLU2359752,,,,,,"20",GP,,,,,,,,,E,,,,,,,,,,,,,"1781005860",,,,770,"39893","219",,,,
905,IDJKT,JKT74,MRLU2376493,,,,,,"20",GP,,,,,,,,,E,,,,,,,,,,,,,"1781006400",,,,770,"39893","219",,,,
907,IDJKT,JKT74,MRTU2045318,,,,,,"20",GP,,,,,,,,,E,,,,,,,,,,,,,"1781010480",,,,770,"39893","219",,,,
916,IDJKT,JKT74,MRTU2157386,,,,,,"20",GP,,,,,,,,,E,,,,,,,,,,,,,"1781011140",,,,770,"39893","219",,,,
917,IDJKT,JKT74,MRTU2175121,,,,,,"20",GP,,,,,,,,,E,,,,,,,,,,,,,"1781011140",,,,770,"39893","219",,,,
918,IDJKT,JKT74,MRTU2250544,,,,,,"20",GP,,,,,,,,,E,,,,,,,,,,,,,"1781011380",,,,770,"39893","219",,,,
919,IDJKT,JKT74,MRTU2107699,,,,,,"20",GP,,,,,,,,,E,,,,,,,,,,,,,"1781011380",,,,770,"39893","219",,,,
920,IDJKT,JKT74,MRTU2201283,,,,,,"20",GP,,,,,,,,,E,,,,,,,,,,,,,"1781011500",,,,770,"39893","219",,,,
921,IDJKT,JKT74,MRTU2226511,,,,,,"20",GP,,,,,,,,,E,,,,,,,,,,,,,"1781011560",,,,770,"39893","219",,,,
922,IDJKT,JKT74,MRTU2131170,,,,,,"20",GP,,,,,,,,,E,,,,,,,,,,,,,"1781011920",,,,770,"39893","219",,,,
923,IDJKT,JKT74,MRTU2265328,,,,,,"20",GP,,,,,,,,,E,,,,,,,,,,,,,"1781011920",,,,770,"39893","219",,,,
924,IDJKT,JKT74,MRTU2267568,,,,,,"20",GP,,,,,,,,,E,,,,,,,,,,,,,"1781012280",,,,770,"39893","219",,,,
925,IDJKT,JKT74,MRTU2239247,,,,,,"20",GP,,,,,,,,,E,,,,,,,,,,,,,"1781012640",,,,770,"39893","219",,,,
926,IDJKT,JKT74,DFSU3190989,,,,,,"20",GP,,,,,,,,,E,,,,,,,,,,,,,"1781012700",,,,770,"39893","219",,,,
927,IDJKT,JKT74,MRTU2188108,,,,,,"20",GP,,,,,,,,,E,,,,,,,,,,,,,"1781015280",,,,770,"39893","219",,,,
928,IDJKT,JKT74,MRTU2154915,,,,,,"20",GP,,,,,,,,,E,,,,,,,,,,,,,"1781015280",,,,770,"39893","219",,,,
929,IDJKT,JKT74,MRTU2143000,,,,,,"20",GP,,,,,,,,,E,,,,,,,,,,,,,"1781015640",,,,770,"39893","219",,,,
930,IDJKT,JKT74,MRTU2244222,,,,,,"20",GP,,,,,,,,,E,,,,,,,,,,,,,"1781015640",,,,770,"39893","219",,,,
931,IDJKT,JKT74,MRTU2155803,,,,,,"20",GP,,,,,,,,,E,,,,,,,,,,,,,"1781015820",,,,770,"39893","219",,,,
933,IDJKT,JKT74,DFSU3190850,,,,,,"20",GP,,,,,,,,,E,,,,,,,,,,,,,"1781015880",,,,770,"39893","219",,,,
934,IDJKT,JKT74,MRTU2131566,,,,,,"20",GP,,,,,,,,,E,,,,,,,,,,,,,"1781015880",,,,770,"39893","219",,,,
936,IDJKT,JKT74,MRTU2222265,,,,,,"20",GP,,,,,,,,,E,,,,,,,,,,,,,"1781016000",,,,770,"39893","219",,,,
942,IDJKT,JKT74,MRTU2142555,,,,,,"20",GP,,,,,,,,,E,,,,,,,,,,,,,"1781017980",,,,770,"39893","219",,,,
943,IDJKT,JKT74,MRTU2106820,,,,,,"20",GP,,,,,,,,,E,,,,,,,,,,,,,"1781017980",,,,770,"39893","219",,,,
949,IDJKT,JKT74,CRXU1604220,,,,,,"20",GP,,,,,,,,,E,,,,,,,,,,,,,"1781018640",,,,770,"39893","219",,,,
950,IDJKT,JKT74,MRLU2388658,,,,,,"20",GP,,,,,,,,,E,,,,,,,,,,,,,"1781019780",,,,770,"39893","219",,,,
953,IDJKT,JKT74,MRTU2273468,,,,,,"20",GP,,,,,,,,,E,,,,,,,,,,,,,"1781020080",,,,770,"39893","219",,,,
956,IDJKT,JKT64,MRTU2233547,Ht18,"3a","27","5","1","20",GP,,,,,,,,,E,,,,,,,,,,,,,"1781006520",,,,770,"39894","218",,,,
957,IDJKT,JKT64,MRTU2238050,Ht18,"3a","37","5","2","20",GP,,,,,,,,,E,,,,,,,,,,,,,"1781006580",,,,770,"39894","218",,,,
958,IDJKT,JKT64,MRTU2056204,Ht22,"3a","27","5","3","20",GP,,,,,,,,,F,,,,,,,,,,,,,"1781006580",,,,770,"39894","218",,,,
959,IDJKT,JKT64,MRTU2299565,Ht22,"3a","27","5","4","20",GP,,,,,,,,,E,,,,,,,,,,,,,"1781006760",,,,770,"39894","218",,,,
960,IDJKT,JKT64,MRTU2220431,Ht13,"3a","26","4","1","20",GP,,,,,,,,,E,,,,,,,,,,,,,"1781006820",,,,770,"39894","218",,,,
961,IDJKT,JKT64,MRTU2046675,Ht13,"3a","26","4","2","20",GP,,,,,,,,,E,,,,,,,,,,,,,"1781006820",,,,770,"39894","218",,,,
962,IDJKT,JKT64,MRLU2352608,Ht24,"3a","26","4","3","20",EC,,,,,,,,,E,,,,,,,,,,,,,"1781006880",,,,770,"39894","218",,,,
963,IDJKT,JKT64,MRTU2133960,Ht24,"3a","26","4","4","20",GP,,,,,,,,,E,,,,,,,,,,,,,"1781007000",,,,770,"39894","218",,,,
964,IDJKT,JKT64,MRTU2128304,Ht17,"3a","26","1","1","20",GP,,,,,,,,,E,,,,,,,,,,,,,"1781007060",,,,770,"39894","218",,,,
965,IDJKT,JKT64,MRTU2151515,Ht17,"3a","26","2","1","20",GP,,,,,,,,,E,,,,,,,,,,,,,"1781007120",,,,770,"39894","218",,,,
966,IDJKT,JKT64,MRTU9630931,Ht01,"3a","46","4","1","40",HC,,,,,,,,,E,,,,,,,,,,,,,"1781007180",,,,770,"39894","218",,,,
967,IDJKT,JKT64,MRTU9616229,Ht05,"3a","46","4","2","40",HC,,,,,,,,,E,,,,,,,,,,,,,"1781007240",,,,770,"39894","218",,,,
968,IDJKT,JKT64,MRLU5212615,Ht02,"3a","46","4","3","40",HC,,,,,,,,,E,,,,,,,,,,,,,"1781007300",,,,770,"39894","218",,,,
969,IDJKT,JKT64,MRTU2162649,Ht17,"3a","42","1","1","20",GP,,,,,,,,,E,,,,,,,,,,,,,"1781007360",,,,770,"39894","218",,,,
970,IDJKT,JKT64,MRTU2136721,Ht17,"3a","42","1","2","20",GP,,,,,,,,,E,,,,,,,,,,,,,"1781007420",,,,770,"39894","218",,,,
971,IDJKT,JKT64,MRTU2159080,Ht16,"3a","42","1","3","20",GP,,,,,,,,,E,,,,,,,,,,,,,"1781007480",,,,770,"39894","218",,,,
972,IDJKT,JKT64,MRTU2182516,Ht16,"3a","42","1","4","20",GP,,,,,,,,,E,,,,,,,,,,,,,"1781007540",,,,770,"39894","218",,,,
973,IDJKT,JKT64,MRLU2352151,Ht26,"3a","38","2","2","20",GP,,,,,,,,,E,,,,,,,,,,,,,"1781007600",,,,770,"39894","218",,,,
975,IDJKT,JKT64,MRTU2228999,Ht23,"3a","37","5","1","20",GP,,,,,,,,,F,,,,,,,,,,,,,"1781007840",,,,770,"39894","218",,,,
976,IDJKT,JKT64,MRTU2211229,Ht23,"3a","37","5","2","20",GP,,,,,,,,,F,,,,,,,,,,,,,"1781007900",,,,770,"39894","218",,,,
977,IDJKT,JKT64,TGBU2391569,Ht12,"3a","37","5","3","20",GP,,,,,,,,,E,,,,,,,,,,,,,"1781007960",,,,770,"39894","218",,,,
978,IDJKT,JKT64,MRTU2201410,Ht12,"3a","37","5","4","20",GP,,,,,,,,,E,,,,,,,,,,,,,"1781008020",,,,770,"39894","218",,,,
979,IDJKT,JKT64,MRTU2297813,Ht18,"3a","38","1","1","20",GP,,,,,,,,,F,,,,,,,,,,,,,"1781008020",,,,770,"39894","218",,,,
980,IDJKT,JKT64,MRTU2185027,Ht18,"3a","38","1","2","20",GP,,,,,,,,,F,,,,,,,,,,,,,"1781008080",,,,770,"39894","218",,,,
981,IDJKT,JKT64,MRTU2304717,Ht22,"3a","38","1","3","20",GP,,,,,,,,,F,,,,,,,,,,,,,"1781008200",,,,770,"39894","218",,,,
982,IDJKT,JKT64,MRTU2316050,Ht22,"3a","38","1","4","20",GP,,,,,,,,,F,,,,,,,,,,,,,"1781008260",,,,770,"39894","218",,,,
983,IDJKT,JKT64,MRTU2126744,Ht15,"3a","42","4","1","20",GP,,,,,,,,,E,,,,,,,,,,,,,"1781013240",,,,770,"39894","218",,,,
984,IDJKT,JKT64,MRTU2062980,Ht15,"3a","42","4","2","20",GP,,,,,,,,,F,,,,,,,,,,,,,"1781013300",,,,770,"39894","218",,,,
985,IDJKT,JKT64,MRTU2159265,Ht13,"3a","42","4","3","20",GP,,,,,,,,,F,,,,,,,,,,,,,"1781013360",,,,770,"39894","218",,,,
986,IDJKT,JKT64,MRTU2319189,Ht13,"3a","41","4","1","20",GP,,,,,,,,,F,,,,,,,,,,,,,"1781013360",,,,770,"39894","218",,,,
987,IDJKT,JKT64,MRTU2237711,Ht17,"3a","38","6","4","20",GP,,,,,,,,,F,,,,,,,,,,,,,"1781013660",,,,770,"39894","218",,,,
988,IDJKT,JKT64,MRTU2305420,Ht17,"3a","37","3","3","20",GP,,,,,,,,,E,,,,,,,,,,,,,"1781013720",,,,770,"39894","218",,,,
989,IDJKT,JKT64,TLLU2463253,Ht22,"3A","17","4","1","20",GP,,,,,,,,,F,Ada,,,,,,,,,,,,"1781022900",,,,770,"39903","218",,,,
990,IDJKT,JKT64,MRTU2263372,Ht22,"3A","17","4","2","20",GP,,,,,,,,,F,Ada,,,,,,,,,,,,"1781022960",,,,770,"39903","218",,,,
991,IDJKT,JKT64,MRTU2146360,Ht20,"3A","17","4","3","20",GP,,,,,,,,,E,,,,,,,,,,,,,"1781023140",,,,770,"39903","218",,,,
992,IDJKT,JKT64,MRTU2183600,Ht20,"3A","17","4","4","20",GP,,,,,,,,,E,,,,,,,,,,,,,"1781023200",,,,770,"39903","218",,,,
993,IDJKT,JKT64,FCIU6079548,"2","1b",,,,"20",GP,,,,,,,,,F,,,,,,,,,,,,,"1781021400",,,,770,"39931","218",,,,
994,IDJKT,JKT64,MRTU2192290,"7","1b",,,,"20",GP,,,,,,,,,E,,,,,,,,,,,,,"1781021460",,,,770,"39931","218",,,,
995,IDJKT,JKT64,MRTU2064030,"6","1b",,,,"20",GP,,,,,,,,,E,,,,,,,,,,,,,"1781021700",,,,770,"39931","218",,,,
996,IDJKT,JKT64,TRHU3193155,"5","1b",,,,"20",GP,,,,,,,,,E,,,,,,,,,,,,,"1781021760",,,,770,"39931","218",,,,
997,IDJKT,JKT64,BEAU2397445,"7","1b",,,,"20",GP,,,,,,,,,E,,,,,,,,,,,,,"1781022060",,,,770,"39931","218",,,,
998,IDJKT,JKT64,MRTU2275291,"6","1b",,,,"20",GP,,,,,,,,,E,,,,,,,,,,,,,"1781022060",,,,770,"39931","218",,,,
999,IDJKT,JKT64,TEMU0179020,"8","1b",,,,"20",GP,,,,,,,,,E,,,,,,,,,,,,,"1781022180",,,,770,"39931","218",,,,
1000,IDJKT,JKT64,HPCU2216714,"7","1b",,,,"20",GP,,,,,,,,,E,,,,,,,,,,,,,"1781022240",,,,770,"39931","218",,,,
1001,IDJKT,JKT64,MRTU2021229,"6","1b",,,,"20",GP,,,,,,,,,E,,,,,,,,,,,,,"1781022480",,,,770,"39931","218",,,,
1002,IDJKT,JKT64,MRTU2096362,"5","1b",,,,"20",GP,,,,,,,,,E,,,,,,,,,,,,,"1781022480",,,,770,"39931","218",,,,
1003,IDJKT,JKT64,MRTU2101221,"6","1b",,,,"20",GP,,,,,,,,,F,,,,,,,,,,,,,"1781023140",,,,770,"39931","218",,,,
1004,IDJKT,JKT64,MRTU2125856,"6","1b",,,,"20",GP,,,,,,,,,F,,,,,,,,,,,,,"1781023200",,,,770,"39931","218",,,,
560,IDJKT,JKT74,MRTU2237481,,,,,,"20",GP,,,,,,,,,E,,,,,,,,,,,,,"1780973100",,,,770,"39798","219",,,,
561,IDJKT,JKT74,MRTU2088881,,,,,,"20",GP,,,,,,,,,E,,,,,,,,,,,,,"1780973100",,,,770,"39798","219",,,,
562,IDJKT,JKT74,MRTU2274799,,,,,,"20",GP,,,,,,,,,E,,,,,,,,,,,,,"1780973160",,,,770,"39798","219",,,,
563,IDJKT,JKT74,MRTU2207208,,,,,,"20",GP,,,,,,,,,E,,,,,,,,,,,,,"1780973160",,,,770,"39798","219",,,,
564,IDJKT,JKT74,MRTU2172950,,,,,,"20",GP,,,,,,,,,E,,,,,,,,,,,,,"1780973640",,,,770,"39798","219",,,,
565,IDJKT,JKT74,MRLU2387060,,,,,,"20",GP,,,,,,,,,E,,,,,,,,,,,,,"1780973640",,,,770,"39798","219",,,,
567,IDJKT,JKT74,MRTU2152255,,,,,,"20",GP,,,,,,,,,E,,,,,,,,,,,,,"1780973700",,,,770,"39798","219",,,,
575,IDJKT,JKT74,MRTU2005172,,,,,,"20",GP,,,,,,,,,E,,,,,,,,,,,,,"1780975140",,,,770,"39798","219",,,,
576,IDJKT,JKT74,MRTU2152050,,,,,,"20",GP,,,,,,,,,E,,,,,,,,,,,,,"1780975620",,,,770,"39798","219",,,,
586,IDJKT,JKT74,SCZU7924219,,,,,,"20",GP,,,,,,,,,E,,,,,,,,,,,,,"1780977000",,,,770,"39798","219",,,,
587,IDJKT,JKT74,MRLU2371784,,,,,,"20",GP,,,,,,,,,E,,,,,,,,,,,,,"1780977060",,,,770,"39798","219",,,,
588,IDJKT,JKT74,MRTU2003797,,,,,,"20",EC,,,,,,,,,E,,,,,,,,,,,,,"1780977060",,,,770,"39798","219",,,,
589,IDJKT,JKT74,MRLU2318630,,,,,,"20",EC,,,,,,,,,E,,,,,,,,,,,,,"1780977060",,,,770,"39798","219",,,,
591,IDJKT,JKT74,MRTU2027926,,,,,,"20",GP,,,,,,,,,E,,,,,,,,,,,,,"1780977180",,,,770,"39798","219",,,,
592,IDJKT,JKT74,MRTU2142576,,,,,,"20",GP,,,,,,,,,E,,,,,,,,,,,,,"1780977240",,,,770,"39798","219",,,,
1007,IDJKT,JKT64,MRTU2099818,"5","1b",,,,"20",GP,,,,,,,,,F,,,,,,,,,,,,,"1781024100",,,,770,"39931","218",,,,
600,IDJKT,JKT74,MRTU2022740,,,,,,"20",GP,,,,,,,,,E,,,,,,,,,,,,,"1780984260",,,,770,"39798","219",,,,
605,IDJKT,JKT74,MRLU2361596,,,,,,"20",GP,,,,,,,,,E,,,,,,,,,,,,,"1780986060",,,,770,"39798","219",,,,
607,IDJKT,JKT74,MRLU2373792,,,,,,"20",GP,,,,,,,,,E,,,,,,,,,,,,,"1780986360",,,,770,"39798","219",,,,
609,IDJKT,JKT74,MRTU2018776,,,,,,"20",GP,,,,,,,,,E,,,,,,,,,,,,,"1780986420",,,,770,"39798","219",,,,
612,IDJKT,JKT74,MRTU2156230,,,,,,"20",GP,,,,,,,,,E,,,,,,,,,,,,,"1780987260",,,,770,"39798","219",,,,
619,IDJKT,JKT74,MRTU9628791,,,,,,"40",HC,,,,,,,,,E,,,,,,,,,,,,,"1780965960",,,,770,"39799","219",,,,
620,IDJKT,JKT74,MRTU9620240,,,,,,"40",HC,,,,,,,,,E,,,,,,,,,,,,,"1780966320",,,,770,"39799","219",,,,
625,IDJKT,JKT74,GESU5972205,,,,,,"40",HC,,,,,,,,,E,,,,,,,,,,,,,"1780967160",,,,770,"39799","219",,,,
626,IDJKT,JKT74,MRTU9603746,,,,,,"40",HC,,,,,,,,,E,,,,,,,,,,,,,"1780967220",,,,770,"39799","219",,,,
632,IDJKT,JKT74,SEGU5176394,,,,,,"40",HC,,,,,,,,,E,,,,,,,,,,,,,"1780967940",,,,770,"39799","219",,,,
633,IDJKT,JKT74,SEGU4864387,,,,,,"40",HC,,,,,,,,,E,,,,,,,,,,,,,"1780968000",,,,770,"39799","219",,,,
634,IDJKT,JKT74,SEGU6288038,,,,,,"40",HC,,,,,,,,,E,,,,,,,,,,,,,"1780968060",,,,770,"39799","219",,,,
635,IDJKT,JKT74,MRTU9607926,,,,,,"40",HC,,,,,,,,,E,,,,,,,,,,,,,"1780968180",,,,770,"39799","219",,,,
636,IDJKT,JKT74,MRTU9612310,,,,,,"40",HC,,,,,,,,,E,,,,,,,,,,,,,"1780968240",,,,770,"39799","219",,,,
637,IDJKT,JKT74,MRTU9623300,,,,,,"40",HC,,,,,,,,,E,,,,,,,,,,,,,"1780968300",,,,770,"39799","219",,,,
638,IDJKT,JKT74,MRTU9624435,,,,,,"40",HC,,,,,,,,,E,,,,,,,,,,,,,"1780968480",,,,770,"39799","219",,,,
641,IDJKT,JKT74,MRTU9625241,,,,,,"40",HC,,,,,,,,,E,,,,,,,,,,,,,"1780969020",,,,770,"39799","219",,,,
645,IDJKT,JKT74,WWWU2611004,,,,,,"20",GP,,,,,,,,,E,,,,,,,,,,,,,"1780971900",,,,770,"39799","219",,,,
646,IDJKT,JKT74,MRTU2278536,,,,,,"20",GP,,,,,,,,,E,,,,,,,,,,,,,"1780971960",,,,770,"39799","219",,,,
654,IDJKT,JKT74,HPCU4319732,,,,,,"40",HC,,,,,,,,,E,,,,,,,,,,,,,"1780972500",,,,770,"39799","219",,,,
655,IDJKT,JKT74,MRTU9624477,,,,,,"40",HC,,,,,,,,,E,,,,,,,,,,,,,"1780972680",,,,770,"39799","219",,,,
658,IDJKT,JKT74,SEGU6542749,,,,,,"40",HC,,,,,,,,,E,,,,,,,,,,,,,"1780974120",,,,770,"39799","219",,,,
1008,IDJKT,JKT64,CAAU2947760,"5","1b",,,,"20",GP,,,,,,,,,E,,,,,,,,,,,,,"1781024160",,,,770,"39931","218",,,,
1009,IDJKT,JKT64,HPCU2224242,"6","1b",,,,"20",GP,,,,,,,,,F,,,,,,,,,,,,,"1781024400",,,,770,"39931","218",,,,
1010,IDJKT,JKT64,DFSU3191481,"6","1b",,,,"20",GP,,,,,,,,,F,,,,,,,,,,,,,"1781024400",,,,770,"39931","218",,,,
1011,IDJKT,JKT64,MRTU2021337,"6","1b",,,,"20",GP,,,,,,,,,F,,,,,,,,,,,,,"1781025060",,,,770,"39931","218",,,,
661,IDJKT,JKT74,MRTU2030914,,,,,,"20",GP,,,,,,,,,E,,,,,,,,,,,,,"1780974420",,,,770,"39799","219",,,,
669,IDJKT,JKT74,MRTU2267640,,,,,,"20",GP,,,,,,,,,E,,,,,,,,,,,,,"1780975800",,,,770,"39799","219",,,,
670,IDJKT,JKT74,MRTU2100375,,,,,,"20",GP,,,,,,,,,E,,,,,,,,,,,,,"1780975800",,,,770,"39799","219",,,,
671,IDJKT,JKT74,MRTU2052019,,,,,,"20",GP,,,,,,,,,E,,,,,,,,,,,,,"1780975860",,,,770,"39799","219",,,,
672,IDJKT,JKT74,MRTU2055255,,,,,,"20",GP,,,,,,,,,E,,,,,,,,,,,,,"1780975860",,,,770,"39799","219",,,,
679,IDJKT,JKT74,MRTU9665809,,,,,,"40",HC,,,,,,,,,E,,,,,,,,,,,,,"1780976220",,,,770,"39799","219",,,,
682,IDJKT,JKT74,MRTU9622258,,,,,,"40",HC,,,,,,,,,E,,,,,,,,,,,,,"1780983720",,,,770,"39799","219",,,,
683,IDJKT,JKT74,MRTU9625262,,,,,,"40",HC,,,,,,,,,E,,,,,,,,,,,,,"1780983780",,,,770,"39799","219",,,,
684,IDJKT,JKT74,MRTU9644154,,,,,,"40",HC,,,,,,,,,E,,,,,,,,,,,,,"1780983780",,,,770,"39799","219",,,,
685,IDJKT,JKT74,HPCU4318952,,,,,,"40",HC,,,,,,,,,E,,,,,,,,,,,,,"1780983840",,,,770,"39799","219",,,,
686,IDJKT,JKT74,GESU6577735,,,,,,"40",HC,,,,,,,,,E,,,,,,,,,,,,,"1780983840",,,,770,"39799","219",,,,
687,IDJKT,JKT74,MRTU9629972,,,,,,"40",HC,,,,,,,,,E,,,,,,,,,,,,,"1780983840",,,,770,"39799","219",,,,
688,IDJKT,JKT74,MRTU9617544,,,,,,"40",HC,,,,,,,,,E,,,,,,,,,,,,,"1780984200",,,,770,"39799","219",,,,
689,IDJKT,JKT74,FCIU7015065,,,,,,"40",HC,,,,,,,,,E,,,,,,,,,,,,,"1780984980",,,,770,"39799","219",,,,
690,IDJKT,JKT74,MRTU2119452,,,,,,"20",GP,,,,,,,,,E,,,,,,,,,,,,,"1780985340",,,,770,"39799","219",,,,
692,IDJKT,JKT74,SEGU4212985,,,,,,"40",HC,,,,,,,,,E,,,,,,,,,,,,,"1780985400",,,,770,"39799","219",,,,
693,IDJKT,JKT74,MRTU9668897,,,,,,"40",HC,,,,,,,,,E,,,,,,,,,,,,,"1780985460",,,,770,"39799","219",,,,
694,IDJKT,JKT74,SEGU4867874,,,,,,"40",HC,,,,,,,,,E,,,,,,,,,,,,,"1780986120",,,,770,"39799","219",,,,
695,IDJKT,JKT74,MRTU9630633,,,,,,"40",HC,,,,,,,,,E,,,,,,,,,,,,,"1780986180",,,,770,"39799","219",,,,
696,IDJKT,JKT74,MRTU9603849,,,,,,"40",HC,,,,,,,,,E,,,,,,,,,,,,,"1780986180",,,,770,"39799","219",,,,
697,IDJKT,JKT74,MRTU9624820,,,,,,"40",HC,,,,,,,,,E,,,,,,,,,,,,,"1780986180",,,,770,"39799","219",,,,
698,IDJKT,JKT74,MRTU9624306,,,,,,"40",HC,,,,,,,,,E,,,,,,,,,,,,,"1780986360",,,,770,"39799","219",,,,
699,IDJKT,JKT74,MRTU9641303,,,,,,"40",HC,,,,,,,,,E,,,,,,,,,,,,,"1780986540",,,,770,"39799","219",,,,
700,IDJKT,JKT74,CXDU1716710,,,,,,"40",HC,,,,,,,,,E,,,,,,,,,,,,,"1780986720",,,,770,"39799","219",,,,
702,IDJKT,JKT74,HPCU4312384,,,,,,"40",HC,,,,,,,,,E,,,,,,,,,,,,,"1780986960",,,,770,"39799","219",,,,
706,IDJKT,JKT74,MRLU2355905,,,,,,"20",GP,,,,,,,,,E,,,,,,,,,,,,,"1780987440",,,,770,"39799","219",,,,
707,IDJKT,JKT74,CRXU9949655,,,,,,"40",HC,,,,,,,,,E,,,,,,,,,,,,,"1780987500",,,,770,"39799","219",,,,
708,IDJKT,JKT74,MRTU9613301,,,,,,"40",HC,,,,,,,,,E,,,,,,,,,,,,,"1780987500",,,,770,"39799","219",,,,
709,IDJKT,JKT74,MRTU9608310,,,,,,"40",HC,,,,,,,,,E,,,,,,,,,,,,,"1780987680",,,,770,"39799","219",,,,
710,IDJKT,JKT74,CXDU2121682,,,,,,"40",HC,,,,,,,,,F,,,,,,,,,,,,,"1780987740",,,,770,"39799","219",,,,
715,IDJKT,JKT74,MRTU2021390,,,,,,"20",GP,,,,,,,,,E,,,,,,,,,,,,,"1780988220",,,,770,"39799","219",,,,
716,IDJKT,JKT74,MRTU2007128,,,,,,"20",GP,,,,,,,,,E,,,,,,,,,,,,,"1780988280",,,,770,"39799","219",,,,
719,IDJKT,JKT74,MRLU2377205,,,,,,"20",GP,,,,,,,,,E,,,,,,,,,,,,,"1780988640",,,,770,"39799","219",,,,
720,IDJKT,JKT74,MRLU2371470,,,,,,"20",GP,,,,,,,,,E,,,,,,,,,,,,,"1780988700",,,,770,"39799","219",,,,
722,IDJKT,JKT74,MRTU2118203,,,,,,"20",GP,,,,,,,,,E,,,,,,,,,,,,,"1780988760",,,,770,"39799","219",,,,
724,IDJKT,JKT74,MRLU2353796,,,,,,"20",GP,,,,,,,,,E,,,,,,,,,,,,,"1780988940",,,,770,"39799","219",,,,
725,IDJKT,JKT74,MRTU2171511,,,,,,"20",GP,,,,,,,,,E,,,,,,,,,,,,,"1780989060",,,,770,"39799","219",,,,
726,IDJKT,JKT74,SEKU1690687,,,,,,"20",GP,,,,,,,,,E,,,,,,,,,,,,,"1780989060",,,,770,"39799","219",,,,
727,IDJKT,JKT74,MRTU2046274,,,,,,"20",GP,,,,,,,,,E,,,,,,,,,,,,,"1780989180",,,,770,"39799","219",,,,
729,IDJKT,JKT74,HPCU2985827,,,,,,"20",GP,,,,,,,,,E,,,,,,,,,,,,,"1780989720",,,,770,"39799","219",,,,
730,IDJKT,JKT74,MRTU2098621,,,,,,"20",GP,,,,,,,,,E,,,,,,,,,,,,,"1780989720",,,,770,"39799","219",,,,
731,IDJKT,JKT74,MRLU2378979,,,,,,"20",GP,,,,,,,,,E,,,,,,,,,,,,,"1780989840",,,,770,"39799","219",,,,
735,IDJKT,JKT74,MRTU2149457,,,,,,"20",GP,,,,,,,,,E,,,,,,,,,,,,,"1780990020",,,,770,"39799","219",,,,
741,IDJKT,JKT64,GCXU5722204,Ht26,"3a","2","1",,"40",HC,,,,,,,,,E,,,,,,,,,,,,,"1780979160",,,,770,"39853","218",,,,
745,IDJKT,JKT64,CAAU7959254,Ht22,"3a","36","3","4","40",HC,,,,,,,,,E,,,,,,,,,,,,,"1780979640",,,,770,"39853","218",,,,
746,IDJKT,JKT64,TCNU5784214,Ht28,"3a","32","3","3","40",HC,,,,,,,,,E,,,,,,,,,,,,,"1780979700",,,,770,"39853","218",,,,
747,IDJKT,JKT64,TRHU4008987,Ht10,"3a","32","3","4","40",HC,,,,,,,,,E,,,,,,,,,,,,,"1780979760",,,,770,"39853","218",,,,
748,IDJKT,JKT64,MRSU7158170,Ht29,"3a","32","4","4","40",HC,,,,,,,,,E,,,,,,,,,,,,,"1780979820",,,,770,"39853","218",,,,
749,IDJKT,JKT64,TCKU7091750,Ht24,"3a","30","6","1","40",HC,,,,,,,,,E,,,,,,,,,,,,,"1780979880",,,,770,"39853","218",,,,
750,IDJKT,JKT64,MRKU5338680,Ht30,"3a","30","6","2","40",HC,,,,,,,,,E,,,,,,,,,,,,,"1780979940",,,,770,"39853","218",,,,
751,IDJKT,JKT64,CAAU8256446,Ht15,"3a","30","6","3","40",HC,,,,,,,,,E,,,,,,,,,,,,,"1780980000",,,,770,"39853","218",,,,
759,IDJKT,JKT74,MRTU9646753,,,,,,"20",GP,,,,,,,,,E,,,,,,,,,,,,,"1780998660",,,,770,"39858","219",,,,
760,IDJKT,JKT74,FCIU7016734,,,,,,"40",GP,,,,,,,,,E,,,,,,,,,,,,,"1780998660",,,,770,"39858","219",,,,
761,IDJKT,JKT74,MRLU5210382,,,,,,"40",GP,,,,,,,,,E,,,,,,,,,,,,,"1780998720",,,,770,"39858","219",,,,
762,IDJKT,JKT74,MRTU9605250,,,,,,"40",GP,,,,,,,,,E,,,,,,,,,,,,,"1780998840",,,,770,"39858","219",,,,
763,IDJKT,JKT74,TXGU8403720,,,,,,"40",GP,,,,,,,,,E,,,,,,,,,,,,,"1781001240",,,,770,"39858","219",,,,
764,IDJKT,JKT74,FCIU7027488,,,,,,"40",GP,,,,,,,,,E,,,,,,,,,,,,,"1781001300",,,,770,"39858","219",,,,
765,IDJKT,JKT74,CAJU5103244,,,,,,"40",GP,,,,,,,,,E,,,,,,,,,,,,,"1781001300",,,,770,"39858","219",,,,
766,IDJKT,JKT74,MRTU9635281,,,,,,"40",GP,,,,,,,,,E,,,,,,,,,,,,,"1781002500",,,,770,"39858","219",,,,
767,IDJKT,JKT74,MRTU9600916,,,,,,"40",GP,,,,,,,,,E,,,,,,,,,,,,,"1781002500",,,,770,"39858","219",,,,
771,IDJKT,JKT74,MRTU2137585,,,,,,"20",GP,,,,,,,,,E,,,,,,,,,,,,,"1781005380",,,,770,"39893","219",,,,
772,IDJKT,JKT74,MRTU2153518,,,,,,"20",GP,,,,,,,,,E,,,,,,,,,,,,,"1781005440",,,,770,"39893","219",,,,
773,IDJKT,JKT74,MRTU2132270,,,,,,"20",GP,,,,,,,,,E,,,,,,,,,,,,,"1781005500",,,,770,"39893","219",,,,
782,IDJKT,JKT74,MRLU2356012,,,,,,"20",GP,,,,,,,,,E,,,,,,,,,,,,,"1781005800",,,,770,"39893","219",,,,
785,IDJKT,JKT74,MRTU2000294,,,,,,"20",GP,,,,,,,,,E,,,,,,,,,,,,,"1781005860",,,,770,"39893","219",,,,
786,IDJKT,JKT74,MRLU2359752,,,,,,"20",GP,,,,,,,,,E,,,,,,,,,,,,,"1781005860",,,,770,"39893","219",,,,
790,IDJKT,JKT74,MRLU2376493,,,,,,"20",GP,,,,,,,,,E,,,,,,,,,,,,,"1781006400",,,,770,"39893","219",,,,
1012,IDJKT,JKT64,MRTU2032835,"5","1b",,,,"20",GP,,,,,,,,,F,,,,,,,,,,,,,"1781025120",,,,770,"39931","218",,,,
1013,IDJKT,JKT64,MRTU2173176,"7","1b",,,,"20",GP,,,,,,,,,F,,,,,,,,,,,,,"1781025180",,,,770,"39931","218",,,,
1014,IDJKT,JKT64,MRTU2254880,"6","1b",,,,"20",GP,,,,,,,,,E,,,,,,,,,,,,,"1781025240",,,,770,"39931","218",,,,
1015,IDJKT,JKT64,MRTU2163769,"6","1b",,,,"20",GP,,,,,,,,,F,,,,,,,,,,,,,"1781025240",,,,770,"39931","218",,,,
1016,IDJKT,JKT64,MRTU2100190,Wbi,,,,,"20",GP,,,,,,,,,F,,,,,,,,,,,,,"1781025300",,,,770,"39931","218",,,,
1020,IDJKT,JKT64,DFSU3193653,"6","1b",,,,"20",GP,,,,,,,,,E,,,,,,,,,,,,,"1781042160",,,,770,"39931","218",,,,
1021,IDJKT,JKT64,MRTU2112041,"6","1b",,,,"20",GP,,,,,,,,,E,,,,,,,,,,,,,"1781042160",,,,770,"39931","218",,,,
1023,IDJKT,JKT64,MRTU2308456,"5","1b",,,,"20",GP,,,,,,,,,E,,,,,,,,,,,,,"1781043660",,,,770,"39931","218",,,,
1024,IDJKT,JKT64,MRTU2223770,"6","1b",,,,"20",GP,,,,,,,,,E,,,,,,,,,,,,,"1781043660",,,,770,"39931","218",,,,
1025,IDJKT,JKT64,MRTU2247514,"5","1b",,,,"20",GP,,,,,,,,,E,,,,,,,,,,,,,"1781044200",,,,770,"39931","218",,,,
1026,IDJKT,JKT64,MRTU2195684,"6","1b",,,,"20",GP,,,,,,,,,E,,,,,,,,,,,,,"1781044260",,,,770,"39931","218",,,,
1027,IDJKT,JKT64,MRTU2298770,"6","1b",,,,"20",GP,,,,,,,,,E,,,,,,,,,,,,,"1781044320",,,,770,"39931","218",,,,
1028,IDJKT,JKT64,DFSU3189843,"5","1b",,,,"20",GP,,,,,,,,,E,,,,,,,,,,,,,"1781044380",,,,770,"39931","218",,,,
1029,IDJKT,JKT64,SEKU9432858,"6","1b",,,,"40",RF,,,,,,,,,F,,,,,,,,,,,,,"1781047380",,,,770,"39931","218",,,,
1033,IDJKT,JKT74,MRTU2178706,,B,"6",,,"20",GP,,,,,,,,,E,,,,,,,,,,,,,"1781037540",,,,770,"39909",Cy219,,,,
1034,IDJKT,JKT74,MRTU2123600,,B,"6",,,"20",GP,,,,,,,,,E,,,,,,,,,,,,,"1781037540",,,,770,"39909",Cy219,,,,
1035,IDJKT,JKT74,MRTU2021276,,B,"6",,,"20",GP,,,,,,,,,E,,,,,,,,,,,,,"1781037540",,,,770,"39909",Cy219,,,,
1036,IDJKT,JKT74,MRTU2041415,,B,"6",,,"20",GP,,,,,,,,,E,,,,,,,,,,,,,"1781037600",,,,770,"39909",Cy219,,,,
1037,IDJKT,JKT74,MRLU2372142,,B,"8",,,"20",GP,,,,,,,,,E,,,,,,,,,,,,,"1781038860",,,,770,"39909",Cy219,,,,
1038,IDJKT,JKT74,MRTU2195452,,B,"6",,,"20",GP,,,,,,,,,E,,,,,,,,,,,,,"1781038920",,,,770,"39909",Cy219,,,,
1039,IDJKT,JKT74,MRTU2302226,,B,"6",,,"20",GP,,,,,,,,,E,,,,,,,,,,,,,"1781038980",,,,770,"39909",Cy219,,,,
1040,IDJKT,JKT74,MRTU2045581,,B,"6",,,"20",GP,,,,,,,,,E,,,,,,,,,,,,,"1781038980",,,,770,"39909",Cy219,,,,
1041,IDJKT,JKT74,MRLU2387878,,B,"6",,,"20",GP,,,,,,,,,E,,,,,,,,,,,,,"1781038980",,,,770,"39909",Cy219,,,,
1042,IDJKT,JKT74,AXIU2012516,,B,"6",,,"20",GP,,,,,,,,,E,,,,,,,,,,,,,"1781039040",,,,770,"39909",Cy219,,,,
1043,IDJKT,JKT74,MRLU2344330,,B,"6",,,"20",GP,,,,,,,,,E,,,,,,,,,,,,,"1781039100",,,,770,"39909",Cy219,,,,
1052,IDJKT,JKT74,TLLU2302372,,C,"9",,,"20",GP,,,,,,,,,E,,,,,,,,,,,,,"1781042100",,,,770,"39909",Cy219,,,,
1053,IDJKT,JKT74,HPCU2228850,,C,"9",,,"20",GP,,,,,,,,,E,,,,,,,,,,,,,"1781042100",,,,770,"39909",Cy219,,,,
1054,IDJKT,JKT74,MRLU2380765,,C,"9",,,"20",GP,,,,,,,,,E,,,,,,,,,,,,,"1781042160",,,,770,"39909",Cy219,,,,
1055,IDJKT,JKT74,MRLU2350591,,C,"9",,,"20",GP,,,,,,,,,E,,,,,,,,,,,,,"1781042220",,,,770,"39909",Cy219,,,,
1056,IDJKT,JKT74,MRTU2213221,,C,"9",,,"20",GP,,,,,,,,,E,,,,,,,,,,,,,"1781042640",,,,770,"39909",Cy219,,,,
1057,IDJKT,JKT74,MRTU2229151,,C,"9",,,"20",GP,,,,,,,,,E,,,,,,,,,,,,,"1781042700",,,,770,"39909",Cy219,,,,
1058,IDJKT,JKT74,MRTU2046382,,C,"9",,,"20",GP,,,,,,,,,E,,,,,,,,,,,,,"1781042700",,,,770,"39909",Cy219,,,,
1059,IDJKT,JKT74,MRLU2358761,,C,"9",,,"20",GP,,,,,,,,,E,,,,,,,,,,,,,"1781042760",,,,770,"39909",Cy219,,,,
1060,IDJKT,JKT74,FCIU6080467,,C,"9",,,"20",GP,,,,,,,,,E,,,,,,,,,,,,,"1781042760",,,,770,"39909",Cy219,,,,
1061,IDJKT,JKT74,MRTU2056014,,C,"91",,,"40",GP,,,,,,,,,E,,,,,,,,,,,,,"1781042820",,,,770,"39909",Cy219,,,,
1062,IDJKT,JKT64,TRHU3370944,HT01,"3A","16","6","4","20",GP,,,,,,,,,E,,,,,,,,,,,,,"1781036160",,,,770,"39912","218",,,,
1063,IDJKT,JKT64,MRTU2224951,HT01,"3A","16","6","5","20",GP,,,,,,,,,F,,,,,,,,,,,,,"1781036220",,,,770,"39912","218",,,,
1064,IDJKT,JKT64,MRLU2363480,HT03,"3A","16","2","1","20",GP,,,,,,,,,F,,,,,,,,,,,,,"1781036580",,,,770,"39912","218",,,,
1066,IDJKT,JKT64,MRTU2167358,HT20,"2A","7","4","3","20",GP,,,,,,,,,F,,,,,,,,,,,,,"1781042340",,,,770,"39932","218",,,,
1067,IDJKT,JKT64,MRTU2111111,Ht20,"2A","7","4","4","20",GP,,,,,,,,,F,,,,,,,,,,,,,"1781043120",,,,770,"39932","218",,,,
1068,IDJKT,JKT64,MRTU2195719,Ht01,"2A","1","5","1","20",GP,,,,,,,,,E,,,,,,,,,,,,,"1781043780",,,,770,"39932","218",,,,
1069,IDJKT,JKT64,DFSU3191877,Ht01,"2A","1","5","2","20",GP,,,,,,,,,E,,,,,,,,,,,,,"1781043840",,,,770,"39932","218",,,,
1070,IDJKT,JKT64,MRTU2219132,Ht12,"2a","1","1","1","20",GP,,,,,,,,,F,,,,,,,,,,,,,"1781046840",,,,770,"39932","218",,,,
1071,IDJKT,JKT64,MRTU2124398,Ht14,"2A","1","1","2","20",GP,,,,,,,,,F,,,,,,,,,,,,,"1781046900",,,,770,"39932","218",,,,
1073,IDJKT,JKT64,HPCU4315336,Ht12,"2A","14","6","1","40",HC,,,,,,,,,F,,,,,,,,,,,,,"1781048160",,,,770,"39932","218",,,,
1074,IDJKT,JKT64,TXGU4074524,Ht30,"3a","36","3","1","40",HC,,,,,,,,,E,,,,,,,,,,,,,"1781022060",,,,770,"39905","218",,,,
1075,IDJKT,JKT64,UETU7504392,Ht25,"3a","36","3","2","40",HC,,,,,,,,,E,,,,,,,,,,,,,"1781022120",,,,770,"39905","218",,,,
1076,IDJKT,JKT64,MRTU9604866,Ht23,"3a","36","3","3","40",HC,,,,,,,,,E,,,,,,,,,,,,,"1781022180",,,,770,"39905","218",,,,
1077,IDJKT,JKT64,TXGU8325546,Ht28,"3a","40","6","5","40",HC,,,,,,,,,E,,,,,,,,,,,,,"1781022240",,,,770,"39905","218",,,,
1078,IDJKT,JKT64,MRTU2016623,Ht26,"3a","23","1","1","20",GP,,,,,,,,,E,,,,,,,,,,,,,"1781022840",,,,770,"39905","218",,,,
1079,IDJKT,JKT64,MRTU2004833,Ht26,"3a","23","1","2","20",GP,,,,,,,,,E,,,,,,,,,,,,,"1781022900",,,,770,"39905","218",,,,
1080,IDJKT,JKT64,MRLU2363639,Ht01,"3a","25","3","1","20",GP,,,,,,,,,F,,,,,,,,,,,,,"1781035080",,,,770,"39905","218",,,,
1084,IDJKT,JKT64,DFSU3191671,Ht07,"3a","25","3","3","20",GP,,,,,,,,,F,,,,,,,,,,,,,"1781037900",,,,770,"39905","218",,,,
1085,IDJKT,JKT64,HPCU2223992,Ht07,"3a","25","3","4","20",GP,,,,,,,,,E,,,,,,,,,,,,,"1781037960",,,,770,"39905","218",,,,
1086,IDJKT,JKT64,MRTU2246502,HT04,"3a","28","1","1","20",GP,,,,,,,,,E,,,,,,,,,,,,,"1781042520",,,,770,"39905","218",,,,
1087,IDJKT,JKT64,MRTU2228751,Ht04,"3a","28","1","2","20",GP,,,,,,,,,E,,,,,,,,,,,,,"1781042580",,,,770,"39905","218",,,,
1088,IDJKT,JKT64,MRTU2216853,Ht08,"3a","29","1","1","20",GP,,,,,,,,,E,,,,,,,,,,,,,"1781042640",,,,770,"39905","218",,,,
1089,IDJKT,JKT64,MAXU1390123,Ht08,"3a","29","1","2","20",GP,,,,,,,,,E,,,,,,,,,,,,,"1781042880",,,,770,"39905","218",,,,
1090,IDJKT,JKT64,TXGU8957471,HT16,"2A","14","6","1","40",HC,,,,,,,,,F,,,,,,,,,,,,,"1781051640",,,,770,"39935","218",,,,
1091,IDJKT,JKT64,HPCU4315819,HT14,"2A","14","6","2","40",HC,,,,,,,,,F,,,,,,,,,,,,,"1781051820",,,,770,"39935","218",,,,
1092,IDJKT,JKT64,HPCU4316158,HT15,"2A","14","6","3","40",HC,,,,,,,,,F,,,,,,,,,,,,,"1781051880",,,,770,"39935","218",,,,
1093,IDJKT,JKT64,TXGU8956304,HT10,"2A","14","6","4","40",HC,,,,,,,,,F,,,,,,,,,,,,,"1781051940",,,,770,"39935","218",,,,
1094,IDJKT,JKT64,TIIU5844930,HT14,"1A","2","4","1","40",HC,,,,,,,,,F,,,,,,,,,,,,,"1781055600",,,,770,"39935","218",,,,
1095,IDJKT,JKT64,MRTU9630607,HT19,"1A","2","4","2","40",HC,,,,,,,,,F,,,,,,,,,,,,,"1781055720",,,,770,"39935","218",,,,
1096,IDJKT,JKT64,MRTU2200306,Ht29,"3a","41","1","1","20",GP,,,,,,,,,E,,,,,,,,,,,,,"1781057460",,,,770,"39986","218",,,,
1097,IDJKT,JKT64,MRTU2224714,Ht29,"3a","41","1","2","20",GP,,,,,,,,,E,,,,,,,,,,,,,"1781057520",,,,770,"39986","218",,,,
1098,IDJKT,JKT64,MRTU2126322,Ht05,"3a","41","1","3","20",GP,,,,,,,,,E,,,,,,,,,,,,,"1781057580",,,,770,"39986","218",,,,
1099,IDJKT,JKT64,MRTU2028964,Ht05,"3a","41","1","4","20",GP,,,,,,,,,E,,,,,,,,,,,,,"1781057640",,,,770,"39986","218",,,,
1100,IDJKT,JKT64,MRTU9641432,Ht15,"3a","40","1",,"40",HC,,,,,,,,,F,,,,,,,,,,,,,"1781057640",,,,770,"39986","218",,,,
1101,IDJKT,JKT64,TXGU8955838,Ht16,"3a","40","1","2","40",HC,,,,,,,,,F,,,,,,,,,,,,,"1781057700",,,,770,"39986","218",,,,
1102,IDJKT,JKT64,TXGU8954615,Ht12,"3a","40","1","3","40",HC,,,,,,,,,F,,,,,,,,,,,,,"1781057760",,,,770,"39986","218",,,,
1103,IDJKT,JKT64,MRTU2250729,Ht13,"3a","41","4","4","20",GP,,,,,,,,,E,,,,,,,,,,,,,"1781057820",,,,770,"39986","218",,,,
1104,IDJKT,JKT64,MRTU2187631,Ht13,"3a","41","3","4","20",GP,,,,,,,,,E,,,,,,,,,,,,,"1781057880",,,,770,"39986","218",,,,
1105,IDJKT,JKT64,MRTU2205904,Ht11,"3a","41","3","5","20",GP,,,,,,,,,E,,,,,,,,,,,,,"1781057940",,,,770,"39986","218",,,,
1106,IDJKT,JKT64,MRTU2202850,Ht11,"3a","42","5","2","20",GP,,,,,,,,,E,,,,,,,,,,,,,"1781058000",,,,770,"39986","218",,,,
1109,IDJKT,JKT64,MRTU2184381,Ht19,"3a","38","5","4","20",GP,,,,,,,,,E,,,,,,,,,,,,,"1781067120",,,,770,"39986","218",,,,
1110,IDJKT,JKT64,MRTU2194604,Ht19,"3a","37","1","1","20",GP,,,,,,,,,E,,,,,,,,,,,,,"1781067180",,,,770,"39986","218",,,,
1111,IDJKT,JKT64,MRTU2182820,Ht03,"1b","7","1","1","20",GP,,,,,,,,,E,,,,,,,,,,,,,"1781050680",,,,770,"39994","218",,,,
1112,IDJKT,JKT64,MRTU2124490,Ht03,"1b","7","1","2","20",GP,,,,,,,,,E,,,,,,,,,,,,,"1781050740",,,,770,"39994","218",,,,
1113,IDJKT,JKT64,MRTU2123771,Ht07,"1b","8","1","5","20",GP,,,,,,,,,E,,,,,,,,,,,,,"1781051040",,,,770,"39994","218",,,,
1114,IDJKT,JKT64,MRTU2264825,Ht07,"1b","8","2","4","20",GP,,,,,,,,,E,,,,,,,,,,,,,"1781051100",,,,770,"39994","218",,,,
1115,IDJKT,JKT64,MRTU2154509,Ht06,"1b","7","1","3","20",GP,,,,,,,,,E,,,,,,,,,,,,,"1781051160",,,,770,"39994","218",,,,
1116,IDJKT,JKT64,MRTU2244428,Ht06,"1b","7","1","4","20",GP,,,,,,,,,E,,,,,,,,,,,,,"1781051400",,,,770,"39994","218",,,,
1117,IDJKT,JKT64,FCIU6084272,Ht04,"1b","8","1","3","20",GP,,,,,,,,,E,,,,,,,,,,,,,"1781051640",,,,770,"39994","218",,,,
1118,IDJKT,JKT64,FCIU6088107,Ht04,"1b","8","1","4","20",GP,,,,,,,,,E,,,,,,,,,,,,,"1781051640",,,,770,"39994","218",,,,
1119,IDJKT,JKT64,MRTU2178959,Ht09,"1b","8","1","1","20",GP,,,,,,,,,E,,,,,,,,,,,,,"1781051700",,,,770,"39994","218",,,,
1120,IDJKT,JKT64,MRTU2190044,Ht09,"1b","8","1","2","20",GP,,,,,,,,,E,,,,,,,,,,,,,"1781051760",,,,770,"39994","218",,,,
1121,IDJKT,JKT64,MRTU2173284,Ht03,"1b","8","1","3","20",GP,,,,,,,,,E,,,,,,,,,,,,,"1781052240",,,,770,"39994","218",,,,
1122,IDJKT,JKT64,MRTU2194055,Ht03,"1b","8","1","4","20",GP,,,,,,,,,E,,,,,,,,,,,,,"1781052240",,,,770,"39994","218",,,,
1123,IDJKT,JKT64,MRTU2234815,Ht06,"1b","8","1","5","20",GP,,,,,,,,,E,,,,,,,,,,,,,"1781052420",,,,770,"39994","218",,,,
1124,IDJKT,JKT64,MRTU2169751,Ht06,"1b","8","2","1","20",GP,,,,,,,,,E,,,,,,,,,,,,,"1781052480",,,,770,"39994","218",,,,
1125,IDJKT,JKT64,MRTU2208380,Ht07,"1b","7","5","1","20",GP,,,,,,,,,E,,,,,,,,,,,,,"1781053620",,,,770,"39994","218",,,,
1126,IDJKT,JKT64,MRTU2143633,Ht07,"1b","7","5","2","20",GP,,,,,,,,,E,,,,,,,,,,,,,"1781053680",,,,770,"39994","218",,,,
1127,IDJKT,JKT64,MRTU2316596,Ht03,"1b","18","2","1","20",GP,,,,,,,,,E,,,,,,,,,,,,,"1781055420",,,,770,"39994","218",,,,
1128,IDJKT,JKT64,MRTU2241012,Ht03,"1b","18","2","2","20",GP,,,,,,,,,E,,,,,,,,,,,,,"1781055480",,,,770,"39994","218",,,,
1129,IDJKT,JKT64,MRTU2252043,Ht04,"1b","18","5","3","20",GP,,,,,,,,,E,,,,,,,,,,,,,"1781055660",,,,770,"39994","218",,,,
1130,IDJKT,JKT64,SEKU1619626,Ht04,"1b","18","5","4","20",GP,,,,,,,,,E,,,,,,,,,,,,,"1781055720",,,,770,"39994","218",,,,
1131,IDJKT,JKT64,MRTU2135788,Ht08,"1b","18","3","1","20",GP,,,,,,,,,E,,,,,,,,,,,,,"1781056260",,,,770,"39994","218",,,,
1132,IDJKT,JKT64,MRTU2091530,Ht08,"1b","18","3","2","20",GP,,,,,,,,,E,,,,,,,,,,,,,"1781056500",,,,770,"39994","218",,,,
1133,IDJKT,JKT64,MRTU2301739,Ht16,"1b","16","6","1","20",GP,,,,,,,,,F,,,,,,,,,,,,,"1781056920",,,,770,"39994","218",,,,
1134,IDJKT,JKT64,MRTU2234538,Ht16,"1b","16","6","2","20",GP,,,,,,,,,F,,,,,,,,,,,,,"1781056980",,,,770,"39994","218",,,,
1135,IDJKT,JKT64,HPCU2226482,Ht05,"1b","16","5","3","20",GP,,,,,,,,,E,,,,,,,,,,,,,"1781057040",,,,770,"39994","218",,,,
1136,IDJKT,JKT64,MRTU2255680,Ht05,"1b","16","5","4","20",GP,,,,,,,,,E,,,,,,,,,,,,,"1781057100",,,,770,"39994","218",,,,
1137,IDJKT,JKT64,MRTU2155655,Ht06,"1b","18","3","3","20",GP,,,,,,,,,E,,,,,,,,,,,,,"1781057220",,,,770,"39994","218",,,,
1138,IDJKT,JKT64,MRTU2159115,Ht06,"1b","18","3","4","20",GP,,,,,,,,,E,,,,,,,,,,,,,"1781057220",,,,770,"39994","218",,,,
1139,IDJKT,JKT64,MRTU2292513,Ht07,"1b","16","3","1","20",GP,,,,,,,,,E,,,,,,,,,,,,,"1781057280",,,,770,"39994","218",,,,
1140,IDJKT,JKT64,MRTU2072993,Ht07,"1b","16","3","2","20",GP,,,,,,,,,E,,,,,,,,,,,,,"1781057340",,,,770,"39994","218",,,,
1141,IDJKT,JKT64,MRTU2167846,Ht03,"1b","16","6","3","20",GP,,,,,,,,,E,,,,,,,,,,,,,"1781057640",,,,770,"39994","218",,,,
1142,IDJKT,JKT64,CZZU1658512,Ht03,"1b","16","6","4","20",GP,,,,,,,,,F,,,,,,,,,,,,,"1781057700",,,,770,"39994","218",,,,
1143,IDJKT,JKT64,FCIU6077653,Ht10,"1b","18","5","1","20",GP,,,,,,,,,E,,,,,,,,,,,,,"1781057760",,,,770,"39994","218",,,,
1144,IDJKT,JKT64,FCIU6085010,Ht10,"1b","18","5","2","20",GP,,,,,,,,,E,,,,,,,,,,,,,"1781057760",,,,770,"39994","218",,,,
1145,IDJKT,JKT74,CRXU3293699,,,,,,"20",GP,,,,,,,,,E,,,,,,,,,,,,,"1781050320",,,,770,"39938","219",,,,
1146,IDJKT,JKT74,FCIU6081036,,,,,,"20",GP,,,,,,,,,E,,,,,,,,,,,,,"1781050320",,,,770,"39938","219",,,,
1147,IDJKT,JKT74,MRTU2034400,,,,,,"20",GP,,,,,,,,,E,,,,,,,,,,,,,"1781050440",,,,770,"39938","219",,,,
1148,IDJKT,JKT74,MRTU2118230,,,,,,"20",GP,,,,,,,,,E,,,,,,,,,,,,,"1781050500",,,,770,"39938","219",,,,
1149,IDJKT,JKT74,GESU3395594,,,,,,"20",GP,,,,,,,,,E,,,,,,,,,,,,,"1781050620",,,,770,"39938","219",,,,
1150,IDJKT,JKT74,MRTU2239273,,,,,,"20",GP,,,,,,,,,E,,,,,,,,,,,,,"1781050620",,,,770,"39938","219",,,,
1151,IDJKT,JKT74,MRTU2156749,,,,,,"20",GP,,,,,,,,,E,,,,,,,,,,,,,"1781050740",,,,770,"39938","219",,,,
1152,IDJKT,JKT74,MRTU2189758,,,,,,"20",GP,,,,,,,,,E,,,,,,,,,,,,,"1781050800",,,,770,"39938","219",,,,
1153,IDJKT,JKT74,MRTU2236850,,,,,,"20",GP,,,,,,,,,E,,,,,,,,,,,,,"1781050920",,,,770,"39938","219",,,,
1154,IDJKT,JKT74,MRTU2204847,,,,,,"20",GP,,,,,,,,,E,,,,,,,,,,,,,"1781050920",,,,770,"39938","219",,,,
1155,IDJKT,JKT74,MRLU2354370,,,,,,"20",GP,,,,,,,,,E,,,,,,,,,,,,,"1781051040",,,,770,"39938","219",,,,
1156,IDJKT,JKT74,MRTU2305523,,,,,,"20",GP,,,,,,,,,E,,,,,,,,,,,,,"1781051040",,,,770,"39938","219",,,,
1157,IDJKT,JKT74,MRTU2196490,,,,,,"20",GP,,,,,,,,,E,,,,,,,,,,,,,"1781051160",,,,770,"39938","219",,,,
1158,IDJKT,JKT74,MRTU2049400,,,,,,"20",GP,,,,,,,,,E,,,,,,,,,,,,,"1781051160",,,,770,"39938","219",,,,
1159,IDJKT,JKT74,MRLU2376317,,,,,,"20",GP,,,,,,,,,E,,,,,,,,,,,,,"1781051220",,,,770,"39938","219",,,,
1160,IDJKT,JKT74,MRTU2151520,,,,,,"20",GP,,,,,,,,,E,,,,,,,,,,,,,"1781051280",,,,770,"39938","219",,,,
1161,IDJKT,JKT74,MRTU2049247,,,,,,"20",GP,,,,,,,,,E,,,,,,,,,,,,,"1781051460",,,,770,"39938","219",,,,
1162,IDJKT,JKT74,MRTU2037415,,,,,,"20",GP,,,,,,,,,E,,,,,,,,,,,,,"1781051460",,,,770,"39938","219",,,,
1163,IDJKT,JKT74,MRLU2354046,,,,,,"20",GP,,,,,,,,,E,,,,,,,,,,,,,"1781051940",,,,770,"39938","219",,,,
1164,IDJKT,JKT74,MRTU2069264,,,,,,"20",GP,,,,,,,,,E,,,,,,,,,,,,,"1781052000",,,,770,"39938","219",,,,
1165,IDJKT,JKT74,MRTU2066199,,,,,,"20",GP,,,,,,,,,E,,,,,,,,,,,,,"1781052060",,,,770,"39938","219",,,,
1166,IDJKT,JKT74,MRTU2115210,,,,,,"20",GP,,,,,,,,,E,,,,,,,,,,,,,"1781052060",,,,770,"39938","219",,,,
1167,IDJKT,JKT74,MRTU2199484,,,,,,"20",GP,,,,,,,,,E,,,,,,,,,,,,,"1781052180",,,,770,"39938","219",,,,
1168,IDJKT,JKT74,MRLU2376750,,,,,,"20",GP,,,,,,,,,E,,,,,,,,,,,,,"1781052240",,,,770,"39938","219",,,,
1169,IDJKT,JKT74,MRLU2385828,,,,,,"20",GP,,,,,,,,,E,,,,,,,,,,,,,"1781052360",,,,770,"39938","219",,,,
1170,IDJKT,JKT74,MRTU2044097,,,,,,"20",GP,,,,,,,,,E,,,,,,,,,,,,,"1781052420",,,,770,"39938","219",,,,
1171,IDJKT,JKT74,MRTU2007112,,,,,,"20",GP,,,,,,,,,E,,,,,,,,,,,,,"1781052780",,,,770,"39938","219",,,,
1172,IDJKT,JKT74,MRLU2384884,,,,,,"20",GP,,,,,,,,,E,,,,,,,,,,,,,"1781052780",,,,770,"39938","219",,,,
1208,IDJKT,JKT64,MRTU2083766,Ht14,"1b","8","6","1","20",GP,,,,,,,,,E,,,,,,,,,,,,,"11-06-2026 11:20",,,,770,"40121",Cy218,,,,
1209,IDJKT,JKT64,TEGU7159988,Ht14,"1b","8","6","2","20",GP,,,,,,,,,E,,,,,,,,,,,,,"11-06-2026 11:21",,,,770,"40121",Cy218,,,,
1210,IDJKT,JKT64,HPCU4456252,Ht13,"1b","4","2","1","40",HC,,,,,,,,,F,,,,,,,,,,,,,"11-06-2026 11:21",,,,770,"40121",Cy218,,,,
1211,IDJKT,JKT64,HPCU4313591,Ht14,"1b","4","2","2","40",HC,,,,,,,,,F,,,,,,,,,,,,,"11-06-2026 11:22",,,,770,"40121",Cy218,,,,
1212,IDJKT,JKT64,MRTU9649290,Ht13,"1b","4","2","3","40",HC,,,,,,,,,F,,,,,,,,,,,,,"11-06-2026 11:23",,,,770,"40121",Cy218,,,,
1213,IDJKT,JKT64,HPCU4316287,Ht21,"1b","4","2","4","40",HC,,,,,,,,,F,,,,,,,,,,,,,"11-06-2026 11:23",,,,770,"40121",Cy218,,,,
1214,IDJKT,JKT64,MRTU2109773,Ht11,"1b","9","6","1","20",GP,,,,,,,,,F,,,,,,,,,,,,,"11-06-2026 12:05",,,,770,"40121",Cy218,,,,
1215,IDJKT,JKT64,MRTU2132433,Ht11,"1b","8","6","3","20",GP,,,,,,,,,E,,,,,,,,,,,,,"11-06-2026 12:07",,,,770,"40121",Cy218,,,,
1216,IDJKT,JKT64,TEGU3096053,Ht12,"1b","8","6","4","20",GP,,,,,,,,,E,,,,,,,,,,,,,"11-06-2026 12:09",,,,770,"40121",Cy218,,,,
1217,IDJKT,JKT64,MRLU2304641,Ht12,"1b","8","5","1","20",GP,,,,,,,,,E,,,,,,,,,,,,,"11-06-2026 12:12",,,,770,"40121",Cy218,,,,
1218,IDJKT,JKT64,MRTU2255335,Ht20,"1b","8","5","2","20",GP,,,,,,,,,E,,,,,,,,,,,,,"11-06-2026 12:13",,,,770,"40121",Cy218,,,,
1219,IDJKT,JKT64,IKSU2598028,Ht20,"1b","8","5","3","20",GP,,,,,,,,,E,,,,,,,,,,,,,"11-06-2026 12:14",,,,770,"40121",Cy218,,,,
1220,IDJKT,JKT64,MRTU2053170,Ht12,"1b","9","6","2","20",GP,,,,,,,,,E,,,,,,,,,,,,,"11-06-2026 12:15",,,,770,"40121",Cy218,,,,
1221,IDJKT,JKT64,MRTU2144630,Ht12,"1b","9","6","3","20",GP,,,,,,,,,E,,,,,,,,,,,,,"11-06-2026 12:16",,,,770,"40121",Cy218,,,,
1222,IDJKT,JKT64,MRTU2174450,Ht20,"1b","7","6","1","20",GP,,,,,,,,,E,,,,,,,,,,,,,"11-06-2026 12:17",,,,770,"40121",Cy218,,,,
1223,IDJKT,JKT64,CRXU3003819,Ht20,"1b","7","6","2","20",GP,,,,,,,,,E,,,,,,,,,,,,,"11-06-2026 12:18",,,,770,"40121",Cy218,,,,
1224,IDJKT,JKT64,TXGU8914612,Ht03,"1b","6","2","2","40",HC,,,,,,,,,E,,,,,,,,,,,,,"11-06-2026 12:20",,,,770,"40121",Cy218,,,,
1225,IDJKT,JKT64,PSKU2571115,Ht28,"1b","9","6","4","20",TN,,,,,,,,,E,,,,,,,,,,,,,"11-06-2026 12:22",,,,770,"40121",Cy218,,,,
1226,IDJKT,JKT64,TEGU2912445,Ht28,"1b","9","6","5","20",GP,,,,,,,,,E,,,,,,,,,,,,,"11-06-2026 12:26",,,,770,"40121",Cy218,,,,
1227,IDJKT,JKT64,MRTU2083766,Ht14,"1b","8","6","1","20",GP,,,,,,,,,E,,,,,,,,,,,,,"11-06-2026 11:20",,,,770,"40121",Cy218,,,,
1228,IDJKT,JKT64,TEGU7159988,Ht14,"1b","8","6","2","20",GP,,,,,,,,,E,,,,,,,,,,,,,"11-06-2026 11:21",,,,770,"40121",Cy218,,,,
1229,IDJKT,JKT64,HPCU4456252,Ht13,"1b","4","2","1","40",HC,,,,,,,,,F,,,,,,,,,,,,,"11-06-2026 11:21",,,,770,"40121",Cy218,,,,
1230,IDJKT,JKT64,HPCU4313591,Ht14,"1b","4","2","2","40",HC,,,,,,,,,F,,,,,,,,,,,,,"11-06-2026 11:22",,,,770,"40121",Cy218,,,,
1231,IDJKT,JKT64,MRTU9649290,Ht13,"1b","4","2","3","40",HC,,,,,,,,,F,,,,,,,,,,,,,"11-06-2026 11:23",,,,770,"40121",Cy218,,,,
1232,IDJKT,JKT64,HPCU4316287,Ht21,"1b","4","2","4","40",HC,,,,,,,,,F,,,,,,,,,,,,,"11-06-2026 11:23",,,,770,"40121",Cy218,,,,
1233,IDJKT,JKT64,MRTU2109773,Ht11,"1b","9","6","1","20",GP,,,,,,,,,F,,,,,,,,,,,,,"11-06-2026 12:05",,,,770,"40121",Cy218,,,,
1234,IDJKT,JKT64,MRTU2132433,Ht11,"1b","8","6","3","20",GP,,,,,,,,,E,,,,,,,,,,,,,"11-06-2026 12:07",,,,770,"40121",Cy218,,,,
1235,IDJKT,JKT64,TEGU3096053,Ht12,"1b","8","6","4","20",GP,,,,,,,,,E,,,,,,,,,,,,,"11-06-2026 12:09",,,,770,"40121",Cy218,,,,
1236,IDJKT,JKT64,MRLU2304641,Ht12,"1b","8","5","1","20",GP,,,,,,,,,E,,,,,,,,,,,,,"11-06-2026 12:12",,,,770,"40121",Cy218,,,,
1237,IDJKT,JKT64,MRTU2255335,Ht20,"1b","8","5","2","20",GP,,,,,,,,,E,,,,,,,,,,,,,"11-06-2026 12:13",,,,770,"40121",Cy218,,,,
1238,IDJKT,JKT64,IKSU2598028,Ht20,"1b","8","5","3","20",GP,,,,,,,,,E,,,,,,,,,,,,,"11-06-2026 12:14",,,,770,"40121",Cy218,,,,
1239,IDJKT,JKT64,MRTU2053170,Ht12,"1b","9","6","2","20",GP,,,,,,,,,E,,,,,,,,,,,,,"11-06-2026 12:15",,,,770,"40121",Cy218,,,,
1240,IDJKT,JKT64,MRTU2144630,Ht12,"1b","9","6","3","20",GP,,,,,,,,,E,,,,,,,,,,,,,"11-06-2026 12:16",,,,770,"40121",Cy218,,,,
1241,IDJKT,JKT64,MRTU2174450,Ht20,"1b","7","6","1","20",GP,,,,,,,,,E,,,,,,,,,,,,,"11-06-2026 12:17",,,,770,"40121",Cy218,,,,
1242,IDJKT,JKT64,CRXU3003819,Ht20,"1b","7","6","2","20",GP,,,,,,,,,E,,,,,,,,,,,,,"11-06-2026 12:18",,,,770,"40121",Cy218,,,,
1243,IDJKT,JKT64,TXGU8914612,Ht03,"1b","6","2","2","40",HC,,,,,,,,,E,,,,,,,,,,,,,"11-06-2026 12:20",,,,770,"40121",Cy218,,,,
1244,IDJKT,JKT64,PSKU2571115,Ht28,"1b","9","6","4","20",TN,,,,,,,,,E,,,,,,,,,,,,,"11-06-2026 12:22",,,,770,"40121",Cy218,,,,
1245,IDJKT,JKT64,TEGU2912445,Ht28,"1b","9","6","5","20",GP,,,,,,,,,E,,,,,,,,,,,,,"11-06-2026 12:26",,,,770,"40121",Cy218,,,,
1246,IDJKT,JKT64,MRTU9623531,Ht18,"1b","6","2","3","40",HC,,,,,,,,,F,,,,,,,,,,,,,"11-06-2026 14:32",,,,770,"40121",Cy218,,,,
1247,IDJKT,JKT74,MRTU2035048,,,,,,"20",GP,,,,,,,,,E,,,,,,,,,,,,,"11-06-2026 12:33",,,,770,"40133","219",,,,
1248,IDJKT,JKT74,MRTU2103060,,,,,,"20",GP,,,,,,,,,E,,,,,,,,,,,,,"11-06-2026 12:33",,,,770,"40133","219",,,,
1249,IDJKT,JKT74,SEKU1600066,,,,,,"20",GP,,,,,,,,,E,,,,,,,,,,,,,"11-06-2026 12:34",,,,770,"40133","219",,,,
1250,IDJKT,JKT74,MRTU2062830,,,,,,"20",GP,,,,,,,,,E,,,,,,,,,,,,,"11-06-2026 12:34",,,,770,"40133","219",,,,
1251,IDJKT,JKT74,MRTU2007869,,,,,,"20",GP,,,,,,,,,E,,,,,,,,,,,,,"11-06-2026 12:34",,,,770,"40133","219",,,,
1252,IDJKT,JKT74,MRTU2117779,,,,,,"20",GP,,,,,,,,,E,,,,,,,,,,,,,"11-06-2026 12:35",,,,770,"40133","219",,,,
1253,IDJKT,JKT74,MRTU2092412,,,,,,"20",GP,,,,,,,,,E,,,,,,,,,,,,,"11-06-2026 12:35",,,,770,"40133","219",,,,
1254,IDJKT,JKT74,MRTU2186548,,,,,,"20",GP,,,,,,,,,E,,,,,,,,,,,,,"11-06-2026 12:36",,,,770,"40133","219",,,,
1255,IDJKT,JKT74,MRTU2063857,,,,,,"20",GP,,,,,,,,,E,,,,,,,,,,,,,"11-06-2026 12:36",,,,770,"40133","219",,,,
1256,IDJKT,JKT74,MRTU2055168,,,,,,"20",GP,,,,,,,,,E,,,,,,,,,,,,,"11-06-2026 12:37",,,,770,"40133","219",,,,
1257,IDJKT,JKT74,MRTU2224885,,,,,,"20",GP,,,,,,,,,E,,,,,,,,,,,,,"11-06-2026 12:38",,,,770,"40133","219",,,,
1258,IDJKT,JKT74,MRTU2187122,,,,,,"20",GP,,,,,,,,,E,,,,,,,,,,,,,"11-06-2026 12:39",,,,770,"40133","219",,,,
1259,IDJKT,JKT74,MRTU2156461,,,,,,"20",GP,,,,,,,,,E,,,,,,,,,,,,,"11-06-2026 12:39",,,,770,"40133","219",,,,
1260,IDJKT,JKT74,MRTU2191673,,,,,,"20",GP,,,,,,,,,E,,,,,,,,,,,,,"11-06-2026 12:39",,,,770,"40133","219",,,,
1261,IDJKT,JKT74,MRTU2164791,,,,,,"20",GP,,,,,,,,,E,,,,,,,,,,,,,"11-06-2026 12:40",,,,770,"40133","219",,,,
1262,IDJKT,JKT74,MRTU2130678,,,,,,"20",GP,,,,,,,,,E,,,,,,,,,,,,,"11-06-2026 12:41",,,,770,"40133","219",,,,
1263,IDJKT,JKT74,MRTU2009033,,,,,,"20",GP,,,,,,,,,E,,,,,,,,,,,,,"11-06-2026 12:42",,,,770,"40133","219",,,,
1264,IDJKT,JKT74,MRTU2099171,,,,,,"20",GP,,,,,,,,,E,,,,,,,,,,,,,"11-06-2026 12:43",,,,770,"40133","219",,,,
1265,IDJKT,JKT74,MRTU2135920,,,,,,"20",GP,,,,,,,,,E,,,,,,,,,,,,,"11-06-2026 12:43",,,,770,"40133","219",,,,
1266,IDJKT,JKT74,MRTU2097693,,,,,,"20",GP,,,,,,,,,E,,,,,,,,,,,,,"11-06-2026 12:47",,,,770,"40133","219",,,,
1267,IDJKT,JKT74,MRTU2191225,,,,,,"20",GP,,,,,,,,,E,,,,,,,,,,,,,"11-06-2026 14:21",,,,770,"40133","219",,,,
1268,IDJKT,JKT74,MRTU2168333,,,,,,"20",GP,,,,,,,,,E,,,,,,,,,,,,,"11-06-2026 14:22",,,,770,"40133","219",,,,
1269,IDJKT,JKT74,MRTU2195616,,,,,,"20",GP,,,,,,,,,E,,,,,,,,,,,,,"11-06-2026 14:23",,,,770,"40133","219",,,,
1270,IDJKT,JKT74,SCZU7123246,,,,,,"20",GP,,,,,,,,,E,,,,,,,,,,,,,"11-06-2026 14:23",,,,770,"40133","219",,,,
1271,IDJKT,JKT74,MRTU2160409,,,,,,"20",GP,,,,,,,,,E,,,,,,,,,,,,,"11-06-2026 14:25",,,,770,"40133","219",,,,
1272,IDJKT,JKT74,MRTU2197917,,,,,,"20",GP,,,,,,,,,E,,,,,,,,,,,,,"11-06-2026 14:25",,,,770,"40133","219",,,,
1273,IDJKT,JKT74,MRTU2108165,,,,,,"20",GP,,,,,,,,,E,,,,,,,,,,,,,"11-06-2026 14:26",,,,770,"40133","219",,,,
1274,IDJKT,JKT74,MRTU2277524,,,,,,"20",GP,,,,,,,,,E,,,,,,,,,,,,,"11-06-2026 14:27",,,,770,"40133","219",,,,
1275,IDJKT,JKT74,MRTU2099850,,,,,,"20",GP,,,,,,,,,E,,,,,,,,,,,,,"11-06-2026 14:28",,,,770,"40133","219",,,,
1276,IDJKT,JKT74,MRTU2215224,,,,,,"20",GP,,,,,,,,,E,,,,,,,,,,,,,"11-06-2026 14:29",,,,770,"40133","219",,,,
1277,IDJKT,JKT64,MRTU9631250,H30,"1a","8","6","1","40",HC,,,,,,,,,F,,,,,,,,,,,,,"11-06-2026 13:22",,,,770,"40134","218",,,,
1278,IDJKT,JKT64,MRTU9653407,H23,"1a","8","6","2","40",HC,,,,,,,,,F,,,,,,,,,,,,,"11-06-2026 13:24",,,,770,"40134","218",,,,
1279,IDJKT,JKT64,HPCU4456376,H06,"1a","2","4","4","40",HC,,,,,,,,,F,,,,,,,,,,,,,"11-06-2026 13:26",,,,770,"40134","218",,,,
1280,IDJKT,JKT64,MRTU9654039,H08,"1a","12","5","1","40",HC,,,,,,,,,F,,,,,,,,,,,,,"11-06-2026 13:32",,,,770,"40134","218",,,,
1281,IDJKT,JKT64,HPCU4315927,H27,"1a","12","5","2","40",HC,,,,,,,,,F,,,,,,,,,,,,,"11-06-2026 13:33",,,,770,"40134","218",,,,
1282,IDJKT,JKT64,FCIU7032458,H26,"1a","12","5","3","40",HC,,,,,,,,,F,,,,,,,,,,,,,"11-06-2026 13:52",,,,770,"40134","218",,,,
1283,IDJKT,JKT64,MRTU9659806,H27,"1a","12","5","4","40",HC,,,,,,,,,F,,,,,,,,,,,,,"11-06-2026 13:53",,,,770,"40134","218",,,,
1285,IDJKT,JKT64,TEGU3017136,Ht10,"3a","24","2","2","20",GP,,,,,,,,,E,,,,,,,,,,,,,"11-06-2026 12:24",,,,770,"40142","218",,,,
1286,IDJKT,JKT64,TEGU7148469,Ht16,"3a","24","1","1","20",GP,,,,,,,,,E,,,,,,,,,,,,,"11-06-2026 12:26",,,,770,"40142","218",,,,
1287,IDJKT,JKT64,MRTU2027084,Ht16,"3a","24","1","2","20",GP,,,,,,,,,F,,,,,,,,,,,,,"11-06-2026 12:27",,,,770,"40142","218",,,,
1288,IDJKT,JKT64,TCLU2024334,Ht11,"3a","24","5","2","20",GP,,,,,,,,,E,,,,,,,,,,,,,"11-06-2026 12:29",,,,770,"40142","218",,,,
1289,IDJKT,JKT64,TEGU3008242,Ht11,"3a","24","5","3","20",GP,,,,,,,,,E,,,,,,,,,,,,,"11-06-2026 12:30",,,,770,"40142","218",,,,
1290,IDJKT,JKT64,MRTU2239756,Ht11,"3a","24","3","3","20",GP,,,,,,,,,E,,,,,,,,,,,,,"11-06-2026 12:31",,,,770,"40142","218",,,,
1293,IDJKT,JKT64,FCIU6092555,Ht11,"3a","24","4","4","20",GP,,,,,,,,,E,,,,,,,,,,,,,"11-06-2026 14:16",,,,770,"40142","218",,,,
1294,IDJKT,JKT64,MRTU2128182,Ht15,"3a","24","3","4","20",GP,,,,,,,,,E,,,,,,,,,,,,,"11-06-2026 14:18",,,,770,"40142","218",,,,
1295,IDJKT,JKT64,MRTU2267280,Ht15,"3a","24","5","5","20",GP,,,,,,,,,E,,,,,,,,,,,,,"11-06-2026 14:20",,,,770,"40142","218",,,,
1296,IDJKT,JKT64,DRYU9948205,Ht03,"3a","40","3","5","40",HC,,,,,,,,,F,,,,,,,,,,,,,"11-06-2026 14:21",,,,770,"40142","218",,,,
1297,IDJKT,JKT64,MRTU9606869,Ht22,"3a","46","4","4","40",HC,,,,,,,,,E,,,,,,,,,,,,,"11-06-2026 14:23",,,,770,"40142","218",,,,
1298,IDJKT,JKT64,MRTU2237368,Ht05,"3a","29","6","1","20",GP,,,,,,,,,E,,,,,,,,,,,,,"11-06-2026 14:24",,,,770,"40142","218",,,,
1299,IDJKT,JKT64,TRHU3079991,Ht05,"3a","29","6","1","20",GP,,,,,,,,,E,,,,,,,,,,,,,"11-06-2026 14:25",,,,770,"40142","218",,,,
1300,IDJKT,JKT74,GESU6360400,,,,,,"40",GP,,,,,,,,,E,,,,,,,,,,,,,"11-06-2026 13:40",,,,770,"40131","219",,,,
1301,IDJKT,JKT74,TEGU6829133,,,,,,"40",GP,,,,,,,,,E,,,,,,,,,,,,,"11-06-2026 13:41",,,,770,"40131","219",,,,
1302,IDJKT,JKT74,TEGU2914833,,,,,,"20",GP,,,,,,,,,E,,,,,,,,,,,,,"11-06-2026 13:42",,,,770,"40131","219",,,,
1303,IDJKT,JKT74,TEGU3069823,,,,,,"20",GP,,,,,,,,,E,,,,,,,,,,,,,"11-06-2026 13:42",,,,770,"40131","219",,,,
1304,IDJKT,JKT74,TEGU3076355,,,,,,"20",GP,,,,,,,,,E,,,,,,,,,,,,,"11-06-2026 13:43",,,,770,"40131","219",,,,
1305,IDJKT,JKT74,TEGU3037507,,,,,,"40",GP,,,,,,,,,E,,,,,,,,,,,,,"11-06-2026 13:44",,,,770,"40131","219",,,,
1306,IDJKT,JKT74,TEGU2897588,,,,,,"20",GP,,,,,,,,,E,,,,,,,,,,,,,"11-06-2026 13:44",,,,770,"40131","219",,,,
1307,IDJKT,JKT74,TRLU9640990,,,,,,"20",GP,,,,,,,,,E,,,,,,,,,,,,,"11-06-2026 13:46",,,,770,"40131","219",,,,
1308,IDJKT,JKT74,TEGU7028099,,,,,,"20",GP,,,,,,,,,E,,,,,,,,,,,,,"11-06-2026 14:28",,,,770,"40131","219",,,,
1309,IDJKT,JKT74,TEGU3088510,,,,,,"20",GP,,,,,,,,,E,,,,,,,,,,,,,"11-06-2026 14:29",,,,770,"40131","219",,,,
1310,IDJKT,JKT74,TEGU7111156,,,,,,"20",GP,,,,,,,,,E,,,,,,,,,,,,,"11-06-2026 14:33",,,,770,"40131","219",,,,
1311,IDJKT,JKT74,TEGU3014570,,,,,,"40",GP,,,,,,,,,E,,,,,,,,,,,,,"11-06-2026 14:34",,,,770,"40131","219",,,,
1312,IDJKT,JKT74,TEGU3004890,,,,,,"20",GP,,,,,,,,,E,,,,,,,,,,,,,"11-06-2026 14:35",,,,770,"40131","219",,,,
1313,IDJKT,JKT74,TEGU2934188,,,,,,"20",GP,,,,,,,,,E,,,,,,,,,,,,,"11-06-2026 14:40",,,,770,"40131","219",,,,
1314,IDJKT,JKT74,TEGU2934188,,,,,,"20",GP,,,,,,,,,E,,,,,,,,,,,,,"11-06-2026 14:41",,,,770,"40131","219",,,,
1315,IDJKT,JKT74,TEGU3033116,,,,,,"20",GP,,,,,,,,,E,,,,,,,,,,,,,"11-06-2026 14:42",,,,770,"40131","219",,,,
1316,IDJKT,JKT74,TEGU2963186,,,,,,"20",GP,,,,,,,,,E,,,,,,,,,,,,,"11-06-2026 14:43",,,,770,"40131","219",,,,
1321,IDJKT,JKT74,TEGU7103762,,,,,,"20",GP,,,,,,,,,E,,,,,,,,,,,,,"11-06-2026 14:52",,,,770,"40131","219",,,,
1322,IDJKT,JKT74,TEGU7103762,,,,,,"20",GP,,,,,,,,,E,,,,,,,,,,,,,"11-06-2026 14:53",,,,770,"40131","219",,,,
1323,IDJKT,JKT74,TEGU3050432,,,,,,"20",GP,,,,,,,,,E,,,,,,,,,,,,,"11-06-2026 14:55",,,,770,"40131","219",,,,
1324,IDJKT,JKT74,TEGU3094894,,,,,,"20",GP,,,,,,,,,E,,,,,,,,,,,,,"11-06-2026 14:55",,,,770,"40131","219",,,,
1325,IDJKT,JKT74,TEGU3094894,,,,,,"20",GP,,,,,,,,,E,,,,,,,,,,,,,"11-06-2026 14:57",,,,770,"40131","219",,,,
1326,IDJKT,JKT74,TEGU3094894,,,,,,"20",GP,,,,,,,,,E,,,,,,,,,,,,,"11-06-2026 14:58",,,,770,"40131","219",,,,
1327,IDJKT,JKT74,TEGU3050432,,,,,,"20",GP,,,,,,,,,E,,,,,,,,,,,,,"11-06-2026 14:59",,,,770,"40131","219",,,,
1328,IDJKT,JKT74,TEGU3018549,,,,,,"20",GP,,,,,,,,,E,,,,,,,,,,,,,"11-06-2026 15:03",,,,770,"40131","219",,,,
1329,IDJKT,JKT74,TEGU3094894,,,,,,"40",GP,,,,,,,,,E,,,,,,,,,,,,,"11-06-2026 15:23",,,,770,"40131","219",,,,
1330,IDJKT,JKT74,TEGU3018549,,,,,,"20",GP,,,,,,,,,E,,,,,,,,,,,,,"11-06-2026 15:29",,,,770,"40131","219",,,,
1331,IDJKT,JKT74,HPCU4457691,,,,,,"40",GP,,,,,,,,,E,,,,,,,,,,,,,"11-06-2026 15:31",,,,770,"40131","219",,,,
1332,IDJKT,JKT74,MRLU5211497,,,,,,"40",GP,,,,,,,,,E,,,,,,,,,,,,,"11-06-2026 15:33",,,,770,"40131","219",,,,
1333,IDJKT,JKT74,MRTU9633123,,,,,,"40",GP,,,,,,,,,E,,,,,,,,,,,,,"11-06-2026 15:34",,,,770,"40131","219",,,,
1334,IDJKT,JKT74,MRTU9617502,,,,,,"40",GP,,,,,,,,,E,,,,,,,,,,,,,"11-06-2026 15:35",,,,770,"40131","219",,,,
1335,IDJKT,JKT74,TEGU7091810,,,,,,"20",GP,,,,,,,,,E,,,,,,,,,,,,,"11-06-2026 15:35",,,,770,"40131","219",,,,
1336,IDJKT,JKT74,TGHU9240843,,,,,,"40",GP,,,,,,,,,E,,,,,,,,,,,,,"11-06-2026 15:37",,,,770,"40131","219",,,,
1337,IDJKT,JKT74,SEGU4378940,,,,,,"40",GP,,,,,,,,,E,,,,,,,,,,,,,"11-06-2026 15:38",,,,770,"40131","219",,,,
1338,IDJKT,JKT74,TXGU8952084,,,,,,"40",GP,,,,,,,,,E,,,,,,,,,,,,,"11-06-2026 15:39",,,,770,"40131","219",,,,
1339,IDJKT,JKT74,TXGU8952084,,,,,,"40",GP,,,,,,,,,E,,,,,,,,,,,,,"11-06-2026 15:40",,,,770,"40131","219",,,,
1340,IDJKT,JKT74,MRTU9627732,,,,,,"40",GP,,,,,,,,,E,,,,,,,,,,,,,"11-06-2026 15:45",,,,770,"40131","219",,,,
1341,IDJKT,JKT74,MRTU2055949,,,,,,"20",GP,,,,,,,,,E,,,,,,,,,,,,,"11-06-2026 15:46",,,,770,"40131","219",,,,
1342,IDJKT,JKT74,,,,,,,,,,,,,,,,,,,,,,,,,,,,,,,,,,770,"40131","219",,,,
1343,IDJKT,JKT74,GESU6360400,,,,,,"40",GP,,,,,,,,,E,,,,,,,,,,,,,"11-06-2026 13:40",,,,770,"40131","219",,,,
1344,IDJKT,JKT74,TEGU6829133,,,,,,"40",GP,,,,,,,,,E,,,,,,,,,,,,,"11-06-2026 13:41",,,,770,"40131","219",,,,
1345,IDJKT,JKT74,TEGU2914833,,,,,,"20",GP,,,,,,,,,E,,,,,,,,,,,,,"11-06-2026 13:42",,,,770,"40131","219",,,,
1346,IDJKT,JKT74,TEGU3069823,,,,,,"20",GP,,,,,,,,,E,,,,,,,,,,,,,"11-06-2026 13:42",,,,770,"40131","219",,,,
1347,IDJKT,JKT74,TEGU3076355,,,,,,"20",GP,,,,,,,,,E,,,,,,,,,,,,,"11-06-2026 13:43",,,,770,"40131","219",,,,
1348,IDJKT,JKT74,TEGU3037507,,,,,,"40",GP,,,,,,,,,E,,,,,,,,,,,,,"11-06-2026 13:44",,,,770,"40131","219",,,,
1349,IDJKT,JKT74,TEGU2897588,,,,,,"20",GP,,,,,,,,,E,,,,,,,,,,,,,"11-06-2026 13:44",,,,770,"40131","219",,,,
1350,IDJKT,JKT74,TRLU9640990,,,,,,"20",GP,,,,,,,,,E,,,,,,,,,,,,,"11-06-2026 13:46",,,,770,"40131","219",,,,
1351,IDJKT,JKT74,TEGU7028099,,,,,,"20",GP,,,,,,,,,E,,,,,,,,,,,,,"11-06-2026 14:28",,,,770,"40131","219",,,,
1352,IDJKT,JKT74,TEGU3088510,,,,,,"20",GP,,,,,,,,,E,,,,,,,,,,,,,"11-06-2026 14:29",,,,770,"40131","219",,,,
1353,IDJKT,JKT74,TEGU7111156,,,,,,"20",GP,,,,,,,,,E,,,,,,,,,,,,,"11-06-2026 14:33",,,,770,"40131","219",,,,
1354,IDJKT,JKT74,TEGU3014570,,,,,,"40",GP,,,,,,,,,E,,,,,,,,,,,,,"11-06-2026 14:34",,,,770,"40131","219",,,,
1355,IDJKT,JKT74,TEGU3004890,,,,,,"20",GP,,,,,,,,,E,,,,,,,,,,,,,"11-06-2026 14:35",,,,770,"40131","219",,,,
1356,IDJKT,JKT74,TEGU2934188,,,,,,"20",GP,,,,,,,,,E,,,,,,,,,,,,,"11-06-2026 14:40",,,,770,"40131","219",,,,
1357,IDJKT,JKT74,TEGU2934188,,,,,,"20",GP,,,,,,,,,E,,,,,,,,,,,,,"11-06-2026 14:41",,,,770,"40131","219",,,,
1358,IDJKT,JKT74,TEGU3033116,,,,,,"20",GP,,,,,,,,,E,,,,,,,,,,,,,"11-06-2026 14:42",,,,770,"40131","219",,,,
1359,IDJKT,JKT74,TEGU2963186,,,,,,"20",GP,,,,,,,,,E,,,,,,,,,,,,,"11-06-2026 14:43",,,,770,"40131","219",,,,
1360,IDJKT,JKT74,MRTU2147069,,,,,,"20",GP,,,,,,,,,E,,,,,,,,,,,,,"11-06-2026 14:47",,,,770,"40131","219",,,,
1361,IDJKT,JKT74,MRTU2068191,,,,,,"20",GP,,,,,,,,,E,,,,,,,,,,,,,"11-06-2026 14:47",,,,770,"40131","219",,,,
1362,IDJKT,JKT74,FCIU6083846,,,,,,"20",GP,,,,,,,,,E,,,,,,,,,,,,,"11-06-2026 14:48",,,,770,"40131","219",,,,
1364,IDJKT,JKT74,TEGU7103762,,,,,,"20",GP,,,,,,,,,E,,,,,,,,,,,,,"11-06-2026 14:52",,,,770,"40131","219",,,,
1365,IDJKT,JKT74,TEGU7103762,,,,,,"20",GP,,,,,,,,,E,,,,,,,,,,,,,"11-06-2026 14:53",,,,770,"40131","219",,,,
1366,IDJKT,JKT74,TEGU3050432,,,,,,"20",GP,,,,,,,,,E,,,,,,,,,,,,,"11-06-2026 14:55",,,,770,"40131","219",,,,
1367,IDJKT,JKT74,TEGU3094894,,,,,,"20",GP,,,,,,,,,E,,,,,,,,,,,,,"11-06-2026 14:55",,,,770,"40131","219",,,,
1368,IDJKT,JKT74,TEGU3094894,,,,,,"20",GP,,,,,,,,,E,,,,,,,,,,,,,"11-06-2026 14:57",,,,770,"40131","219",,,,
1369,IDJKT,JKT74,TEGU3094894,,,,,,"20",GP,,,,,,,,,E,,,,,,,,,,,,,"11-06-2026 14:58",,,,770,"40131","219",,,,
1370,IDJKT,JKT74,TEGU3050432,,,,,,"20",GP,,,,,,,,,E,,,,,,,,,,,,,"11-06-2026 14:59",,,,770,"40131","219",,,,
1371,IDJKT,JKT74,TEGU3018549,,,,,,"20",GP,,,,,,,,,E,,,,,,,,,,,,,"11-06-2026 15:03",,,,770,"40131","219",,,,
1372,IDJKT,JKT74,TEGU3094894,,,,,,"40",GP,,,,,,,,,E,,,,,,,,,,,,,"11-06-2026 15:23",,,,770,"40131","219",,,,
1373,IDJKT,JKT74,TEGU3018549,,,,,,"20",GP,,,,,,,,,E,,,,,,,,,,,,,"11-06-2026 15:29",,,,770,"40131","219",,,,
1374,IDJKT,JKT74,HPCU4457691,,,,,,"40",GP,,,,,,,,,E,,,,,,,,,,,,,"11-06-2026 15:31",,,,770,"40131","219",,,,
1375,IDJKT,JKT74,MRLU5211497,,,,,,"40",GP,,,,,,,,,E,,,,,,,,,,,,,"11-06-2026 15:33",,,,770,"40131","219",,,,
1376,IDJKT,JKT74,MRTU9633123,,,,,,"40",GP,,,,,,,,,E,,,,,,,,,,,,,"11-06-2026 15:34",,,,770,"40131","219",,,,
1377,IDJKT,JKT74,MRTU9617502,,,,,,"40",GP,,,,,,,,,E,,,,,,,,,,,,,"11-06-2026 15:35",,,,770,"40131","219",,,,
1378,IDJKT,JKT74,TEGU7091810,,,,,,"20",GP,,,,,,,,,E,,,,,,,,,,,,,"11-06-2026 15:35",,,,770,"40131","219",,,,
1379,IDJKT,JKT74,TGHU9240843,,,,,,"40",GP,,,,,,,,,E,,,,,,,,,,,,,"11-06-2026 15:37",,,,770,"40131","219",,,,
1380,IDJKT,JKT74,SEGU4378940,,,,,,"40",GP,,,,,,,,,E,,,,,,,,,,,,,"11-06-2026 15:38",,,,770,"40131","219",,,,
1381,IDJKT,JKT74,TXGU8952084,,,,,,"40",GP,,,,,,,,,E,,,,,,,,,,,,,"11-06-2026 15:39",,,,770,"40131","219",,,,
1382,IDJKT,JKT74,TXGU8952084,,,,,,"40",GP,,,,,,,,,E,,,,,,,,,,,,,"11-06-2026 15:40",,,,770,"40131","219",,,,
1383,IDJKT,JKT74,MRTU9627732,,,,,,"40",GP,,,,,,,,,E,,,,,,,,,,,,,"11-06-2026 15:45",,,,770,"40131","219",,,,
1384,IDJKT,JKT74,MRTU2055949,,,,,,"20",GP,,,,,,,,,E,,,,,,,,,,,,,"11-06-2026 15:46",,,,770,"40131","219",,,,
1385,IDJKT,JKT74,MRTU2035048,,,,,,"20",GP,,,,,,,,,E,,,,,,,,,,,,,"11-06-2026 12:33",,,,770,"40133","219",,,,
1386,IDJKT,JKT74,MRTU2103060,,,,,,"20",GP,,,,,,,,,E,,,,,,,,,,,,,"11-06-2026 12:33",,,,770,"40133","219",,,,
1387,IDJKT,JKT74,SEKU1600066,,,,,,"20",GP,,,,,,,,,E,,,,,,,,,,,,,"11-06-2026 12:34",,,,770,"40133","219",,,,
1388,IDJKT,JKT74,MRTU2062830,,,,,,"20",GP,,,,,,,,,E,,,,,,,,,,,,,"11-06-2026 12:34",,,,770,"40133","219",,,,
1389,IDJKT,JKT74,MRTU2007869,,,,,,"20",GP,,,,,,,,,E,,,,,,,,,,,,,"11-06-2026 12:34",,,,770,"40133","219",,,,
1390,IDJKT,JKT74,MRTU2117779,,,,,,"20",GP,,,,,,,,,E,,,,,,,,,,,,,"11-06-2026 12:35",,,,770,"40133","219",,,,
1391,IDJKT,JKT74,MRTU2092412,,,,,,"20",GP,,,,,,,,,E,,,,,,,,,,,,,"11-06-2026 12:35",,,,770,"40133","219",,,,
1392,IDJKT,JKT74,MRTU2186548,,,,,,"20",GP,,,,,,,,,E,,,,,,,,,,,,,"11-06-2026 12:36",,,,770,"40133","219",,,,
1393,IDJKT,JKT74,MRTU2063857,,,,,,"20",GP,,,,,,,,,E,,,,,,,,,,,,,"11-06-2026 12:36",,,,770,"40133","219",,,,
1394,IDJKT,JKT74,MRTU2055168,,,,,,"20",GP,,,,,,,,,E,,,,,,,,,,,,,"11-06-2026 12:37",,,,770,"40133","219",,,,
1395,IDJKT,JKT74,MRTU2224885,,,,,,"20",GP,,,,,,,,,E,,,,,,,,,,,,,"11-06-2026 12:38",,,,770,"40133","219",,,,
1396,IDJKT,JKT74,MRTU2187122,,,,,,"20",GP,,,,,,,,,E,,,,,,,,,,,,,"11-06-2026 12:39",,,,770,"40133","219",,,,
1397,IDJKT,JKT74,MRTU2156461,,,,,,"20",GP,,,,,,,,,E,,,,,,,,,,,,,"11-06-2026 12:39",,,,770,"40133","219",,,,
1398,IDJKT,JKT74,MRTU2191673,,,,,,"20",GP,,,,,,,,,E,,,,,,,,,,,,,"11-06-2026 12:39",,,,770,"40133","219",,,,
1399,IDJKT,JKT74,MRTU2164791,,,,,,"20",GP,,,,,,,,,E,,,,,,,,,,,,,"11-06-2026 12:40",,,,770,"40133","219",,,,
1400,IDJKT,JKT74,MRTU2130678,,,,,,"20",GP,,,,,,,,,E,,,,,,,,,,,,,"11-06-2026 12:41",,,,770,"40133","219",,,,
1401,IDJKT,JKT74,MRTU2009033,,,,,,"20",GP,,,,,,,,,E,,,,,,,,,,,,,"11-06-2026 12:42",,,,770,"40133","219",,,,
1402,IDJKT,JKT74,MRTU2099171,,,,,,"20",GP,,,,,,,,,E,,,,,,,,,,,,,"11-06-2026 12:43",,,,770,"40133","219",,,,
1403,IDJKT,JKT74,MRTU2135920,,,,,,"20",GP,,,,,,,,,E,,,,,,,,,,,,,"11-06-2026 12:43",,,,770,"40133","219",,,,
1404,IDJKT,JKT74,MRTU2097693,,,,,,"20",GP,,,,,,,,,E,,,,,,,,,,,,,"11-06-2026 12:47",,,,770,"40133","219",,,,
1405,IDJKT,JKT74,MRTU2191225,,,,,,"20",GP,,,,,,,,,E,,,,,,,,,,,,,"11-06-2026 14:21",,,,770,"40133","219",,,,
1406,IDJKT,JKT74,MRTU2168333,,,,,,"20",GP,,,,,,,,,E,,,,,,,,,,,,,"11-06-2026 14:22",,,,770,"40133","219",,,,
1407,IDJKT,JKT74,MRTU2195616,,,,,,"20",GP,,,,,,,,,E,,,,,,,,,,,,,"11-06-2026 14:23",,,,770,"40133","219",,,,
1408,IDJKT,JKT74,SCZU7123246,,,,,,"20",GP,,,,,,,,,E,,,,,,,,,,,,,"11-06-2026 14:23",,,,770,"40133","219",,,,
1409,IDJKT,JKT74,MRTU2160409,,,,,,"20",GP,,,,,,,,,E,,,,,,,,,,,,,"11-06-2026 14:25",,,,770,"40133","219",,,,
1410,IDJKT,JKT74,MRTU2197917,,,,,,"20",GP,,,,,,,,,E,,,,,,,,,,,,,"11-06-2026 14:25",,,,770,"40133","219",,,,
1411,IDJKT,JKT74,MRTU2108165,,,,,,"20",GP,,,,,,,,,E,,,,,,,,,,,,,"11-06-2026 14:26",,,,770,"40133","219",,,,
1412,IDJKT,JKT74,MRTU2277524,,,,,,"20",GP,,,,,,,,,E,,,,,,,,,,,,,"11-06-2026 14:27",,,,770,"40133","219",,,,
1413,IDJKT,JKT74,MRTU2099850,,,,,,"20",GP,,,,,,,,,E,,,,,,,,,,,,,"11-06-2026 14:28",,,,770,"40133","219",,,,
1414,IDJKT,JKT74,MRTU2215224,,,,,,"20",GP,,,,,,,,,E,,,,,,,,,,,,,"11-06-2026 14:29",,,,770,"40133","219",,,,
1415,IDJKT,JKT74,HPCU4317811,,,,,,"40",GP,,,,,,,,,E,,,,,,,,,,,,,"11-06-2026 17:10",,,,770,"40147","219",,,,
1416,IDJKT,JKT74,HPCU4315110,,,,,,"40",GP,,,,,,,,,E,,,,,,,,,,,,,"11-06-2026 17:11",,,,770,"40147","219",,,,
1417,IDJKT,JKT74,MRTU9619629,,,,,,"40",GP,,,,,,,,,E,,,,,,,,,,,,,"11-06-2026 17:12",,,,770,"40147","219",,,,
1418,IDJKT,JKT74,FCIU7027425,,,,,,"20",GP,,,,,,,,,E,,,,,,,,,,,,,"11-06-2026 17:12",,,,770,"40147","219",,,,
1419,IDJKT,JKT74,TXGU4073092,,,,,,"40",GP,,,,,,,,,E,,,,,,,,,,,,,"11-06-2026 17:13",,,,770,"40147","219",,,,
1420,IDJKT,JKT74,MRTU9609554,,,,,,"40",GP,,,,,,,,,E,,,,,,,,,,,,,"11-06-2026 17:14",,,,770,"40147","219",,,,
1421,IDJKT,JKT74,MRTU9600222,,,,,,"20",GP,,,,,,,,,E,,,,,,,,,,,,,"11-06-2026 17:15",,,,770,"40147","219",,,,
1422,IDJKT,JKT74,TEGU6839810,,,,,,"40",GP,,,,,,,,,E,,,,,,,,,,,,,"11-06-2026 17:16",,,,770,"40147","219",,,,
1423,IDJKT,JKT74,TEGU6839810,,,,,,"40",GP,,,,,,,,,E,,,,,,,,,,,,,"11-06-2026 17:16",,,,770,"40147","219",,,,
1424,IDJKT,JKT74,TEGU3051486,,,,,,"40",GP,,,,,,,,,E,,,,,,,,,,,,,"11-06-2026 17:17",,,,770,"40147","219",,,,
1425,IDJKT,JKT74,TEGU3051486,,,,,,"20",GP,,,,,,,,,E,,,,,,,,,,,,,"11-06-2026 17:17",,,,770,"40147","219",,,,
1426,,JKT74,MRTU2224334,,,,,,"40",GP,,,,,,,,,E,,,,,,,,,,,,,"11-06-2026 17:47",,,,770,"40157","219",,,,
1427,,JKT74,MRTU2153800,,,,,,"20",GP,,,,,,,,,E,,,,,,,,,,,,,"11-06-2026 17:47",,,,770,"40157","219",,,,
1428,,JKT74,MRTU2239817,,,,,,"20",GP,,,,,,,,,E,,,,,,,,,,,,,"11-06-2026 17:48",,,,770,"40157","219",,,,
1429,,JKT74,MRTU2182244,,,,,,"20",GP,,,,,,,,,E,,,,,,,,,,,,,"11-06-2026 17:48",,,,770,"40157","219",,,,
1430,,JKT74,MRTU2311763,,,,,,"20",GP,,,,,,,,,E,,,,,,,,,,,,,"11-06-2026 17:48",,,,770,"40157","219",,,,
1431,,JKT74,MRTU2023659,,,,,,"20",GP,,,,,,,,,E,,,,,,,,,,,,,"11-06-2026 17:49",,,,770,"40157","219",,,,
1432,,JKT74,MRTU2226595,,,,,,"20",GP,,,,,,,,,E,,,,,,,,,,,,,"11-06-2026 17:49",,,,770,"40157","219",,,,
1433,,JKT74,MRTU2029580,,,,,,"20",GP,,,,,,,,,E,,,,,,,,,,,,,"11-06-2026 17:50",,,,770,"40157","219",,,,
1434,,JKT74,MRTU2156137,,,,,,"20",GP,,,,,,,,,E,,,,,,,,,,,,,"11-06-2026 17:50",,,,770,"40157","219",,,,
1435,,JKT74,MRTU2156137,,,,,,"20",GP,,,,,,,,,E,,,,,,,,,,,,,"11-06-2026 17:51",,,,770,"40157","219",,,,
1436,,JKT74,MRTU2079961,,,,,,"20",GP,,,,,,,,,E,,,,,,,,,,,,,"11-06-2026 17:52",,,,770,"40157","219",,,,
1437,,JKT74,MRTU2103944,,,,,,"20",GP,,,,,,,,,E,,,,,,,,,,,,,"11-06-2026 17:52",,,,770,"40157","219",,,,
1438,,JKT74,MRTU2223148,,,,,,"20",GP,,,,,,,,,E,,,,,,,,,,,,,"11-06-2026 17:53",,,,770,"40157","219",,,,
1439,,JKT74,MRLU2359921,,,,,,"20",GP,,,,,,,,,E,,,,,,,,,,,,,"11-06-2026 17:54",,,,770,"40157","219",,,,
1440,,JKT74,MRTU2179127,,,,,,"20",GP,,,,,,,,,E,,,,,,,,,,,,,"11-06-2026 17:54",,,,770,"40157","219",,,,
1441,,JKT74,MRTU2111560,,,,,,"20",GP,,,,,,,,,E,,,,,,,,,,,,,"11-06-2026 17:55",,,,770,"40157","219",,,,
1442,,JKT74,CRXU3164449,,,,,,"20",GP,,,,,,,,,E,,,,,,,,,,,,,"11-06-2026 17:56",,,,770,"40157","219",,,,
1443,,JKT74,MRTU2054984,,,,,,"20",GP,,,,,,,,,E,,,,,,,,,,,,,"11-06-2026 17:57",,,,770,"40157","219",,,,
1444,IDJKT,JKT64,TRHU8896464,HT06,"1A","10","2","3","40",HC,,,,,,,,,F,,,,,,,,,,,,,"18-06-2026 13:12",,,,770,"40974","218",,,,
1445,IDJKT,JKT64,MRTU2235236,HT01,"2A","2","2","3","20",GP,,,,,,,,,F,,,,,,,,,,,,,"18-06-2026 13:12",,,,770,"40974","218",,,,
1446,IDJKT,JKT64,MRTU2305966,HT01,"2A","2","2","4","20",GP,,,,,,,,,F,,,,,,,,,,,,,"18-06-2026 13:13",,,,770,"40974","218",,,,
1447,IDJKT,JKT64,MRTU2122899,HT12,"2A","2","1","3","20",GP,,,,,,,,,F,,,,,,,,,,,,,"18-06-2026 13:14",,,,770,"40974","218",,,,
1448,IDJKT,JKT64,MRTU2134842,HT12,"2A","2","1","4","20",GP,,,,,,,,,F,,,,,,,,,,,,,"18-06-2026 13:15",,,,770,"40974","218",,,,
1449,IDJKT,JKT64,SEKU1691298,HT09,"1A","9","5","1","20",GP,,,,,,,,,F,,,,,,,,,,,,,"18-06-2026 13:25",,,,770,"40974","218",,,,
1450,IDJKT,JKT64,MRTU2240926,HT09,"1A","9","5","2","20",GP,,,,,,,,,F,,,,,,,,,,,,,"18-06-2026 13:26",,,,770,"40974","218",,,,
1451,IDJKT,JKT64,HPCU2225892,HT10,"1A","9","5","3","20",GP,,,,,,,,,F,,,,,,,,,,,,,"18-06-2026 13:27",,,,770,"40974","218",,,,
1452,IDJKT,JKT64,MRTU2219791,HT10,"1A","9","5","4","20",GP,,,,,,,,,F,,,,,,,,,,,,,"18-06-2026 13:28",,,,770,"40974","218",,,,
1453,IDJKT,JKT64,HPCU4313246,HT19,"1A","12","1","1","40",HC,,,,,,,,,F,,,,,,,,,,,,,"18-06-2026 13:31",,,,770,"40974","218",,,,
1454,IDJKT,JKT64,MRTU2215610,HT13,"1A","10","5","1","20",GP,,,,,,,,,F,,,,,,,,,,,,,"18-06-2026 13:32",,,,770,"40974","218",,,,
1455,IDJKT,JKT64,MRTU2143525,HT13,"1A","10","5","2","20",GP,,,,,,,,,E,,,,,,,,,,,,,"18-06-2026 13:33",,,,770,"40974","218",,,,
1456,IDJKT,JKT64,TRHU8899205,HT21,"1A","12","1","2","40",HC,,,,,,,,,F,,,,,,,,,,,,,"18-06-2026 13:35",,,,770,"40974","218",,,,
1457,IDJKT,JKT64,MRTU2142827,HT08,"1A","10","3","1","20",GP,,,,,,,,,F,,,,,,,,,,,,,"18-06-2026 13:43",,,,770,"40974","218",,,,
1458,IDJKT,JKT64,MRTU2157724,HT08,"1A","10","3","2","20",GP,,,,,,,,,F,,,,,,,,,,,,,"18-06-2026 13:44",,,,770,"40974","218",,,,
1459,IDJKT,JKT64,MRTU9645171,HT30,"1A","12","1","3","40",HC,,,,,,,,,F,,,,,,,,,,,,,"18-06-2026 13:46",,,,770,"40974","218",,,,
1460,IDJKT,JKT64,MRTU2252439,HT07,"1A","10","3","3","20",GP,,,,,,,,,F,,,,,,,,,,,,,"18-06-2026 14:12",,,,770,"40974","218",,,,
1461,IDJKT,JKT64,MRTU2237440,HT07,"1A","10","3","4","20",GP,,,,,,,,,F,,,,,,,,,,,,,"18-06-2026 14:13",,,,770,"40974","218",,,,
1462,IDJKT,JKT64,HPCU4317447,HT11,"1A","12","1","4","40",HC,,,,,,,,,F,,,,,,,,,,,,,"18-06-2026 14:30",,,,770,"40974","218",,,,
1463,IDJKT,JKT64,MRTU9641068,HT02,"1A","12","5","1","40",HC,,,,,,,,,F,,,,,,,,,,,,,"18-06-2026 14:31",,,,770,"40974","218",,,,
1464,IDJKT,JKT64,MRTU9666750,HT13,"1A","12","5","2","40",HC,,,,,,,,,F,,,,,,,,,,,,,"18-06-2026 14:32",,,,770,"40974","218",,,,
1465,IDJKT,JKT64,HPCU4317283,HT04,"2A","14","5","1","40",HC,,,,,,,,,F,,,,,,,,,,,,,"18-06-2026 14:33",,,,770,"40974","218",,,,
1466,IDJKT,JKT64,TXGU8956710,HT21,"2A","12","5","2","40",HC,,,,,,,,,F,,,,,,,,,,,,,"18-06-2026 14:34",,,,770,"40974","218",,,,
1467,IDJKT,JKT64,SEGU4506526,HT21,"2A","14","5","3","40",HC,,,,,,,,,E,,,,,,,,,,,,,"18-06-2026 15:04",,,,770,"40974","218",,,,
1468,IDJKT,JKT64,MRTU2089430,B9028,,,,,"20",GP,,,,,,,,,E,,,,,,,,,,,,,"18-06-2026 15:09",,,,770,"40974","218",,,,
1470,IDJKT,JKT64,HPCU4457198,HT01,"1A","12","4","2","40",HC,,,,,,,,,F,,,,,,,,,,,,,"18-06-2026 15:31",,,,770,"40974","218",,,,
1472,IDJKT,JKT64,MRTU9611947,HT21,"1A","12","4",,"40",HC,,,,,,,,,F,,,,,,,,,,,,,"18-06-2026 15:38",,,,770,"40974","218",,,,
1473,IDJKT,JKT64,SEGU6544870,HT23,"1A","12","4","5","40",HC,,,,,,,,,F,,,,,,,,,,,,,"18-06-2026 15:42",,,,770,"40974","218",,,,
1474,IDJKT,JKT64,MRTU9622828,Ht12,"3a","6","2","3","40",HC,,,,,,,,,F,,,,,,,,,,,,,"18-06-2026 12:25",,,,770,"40952","218",,,,
1475,IDJKT,JKT64,CAAU4954670,Ht14,"3a","12","2","2","40",HC,,,,,,,,,F,,,,,,,,,,,,,"18-06-2026 12:26",,,,770,"40952","218",,,,
1476,IDJKT,JKT64,TXGU8403696,Ht08,"3a","6","6","4","40",HC,,,,,,,,,F,,,,,,,,,,,,,"18-06-2026 12:27",,,,770,"40952","218",,,,
1477,IDJKT,JKT64,TXGU8406988,Ht11,"3a","6","2","4","40",HC,,,,,,,,,F,,,,,,,,,,,,,"18-06-2026 12:28",,,,770,"40952","218",,,,
1478,IDJKT,JKT64,MRTU9642465,Ht16,"3a","6","1","4","20",HC,,,,,,,,,F,,,,,,,,,,,,,"18-06-2026 12:30",,,,770,"40952","218",,,,
1479,IDJKT,JKT64,TIIU5847060,Ht22,"3a","2","1","1","40",HC,,,,,,,,,F,,,,,,,,,,,,,"18-06-2026 12:31",,,,770,"40952","218",,,,
1480,IDJKT,JKT64,TCNU4515036,Ht26,"3a","2","1","2","40",HC,,,,,,,,,F,,,,,,,,,,,,,"18-06-2026 12:32",,,,770,"40952","218",,,,
1481,IDJKT,JKT64,HPCU4312506,Ht14,"3a","2","1","3","40",HC,,,,,,,,,F,,,,,,,,,,,,,"18-06-2026 12:33",,,,770,"40952","218",,,,
1482,IDJKT,JKT64,FCIU7022151,Ht30,"3a","12","2","3","40",HC,,,,,,,,,F,,,,,,,,,,,,,"18-06-2026 13:47",,,,770,"40952","218",,,,
1483,IDJKT,JKT64,TRHU8911548,Ht22,"3a","12","2","4","40",HC,,,,,,,,,F,,,,,,,,,,,,,"18-06-2026 13:49",,,,770,"40952","218",,,,
1484,IDJKT,JKT64,MRTU2298912,Ht27,"3a","17","4","1","20",GP,,,,,,,,,F,,,,,,,,,,,,,"18-06-2026 13:50",,,,770,"40952","218",,,,
1485,IDJKT,JKT64,MRTU2276765,Ht27,"3a","17","4","2","20",GP,,,,,,,,,E,,,,,,,,,,,,,"18-06-2026 13:52",,,,770,"40952","218",,,,
1486,IDJKT,JKT64,MRTU2313154,Ht02,"3a","17","2","1","20",GP,,,,,,,,,F,,,,,,,,,,,,,"18-06-2026 13:53",,,,770,"40952","218",,,,
1487,IDJKT,JKT64,MRTU2082266,Ht02,"3a","17","2","2","20",GP,,,,,,,,,E,,,,,,,,,,,,,"18-06-2026 13:54",,,,770,"40952","218",,,,
1488,IDJKT,JKT64,FCIU6089274,Ht04,"3a","17","1","2","20",GP,,,,,,,,,F,,,,,,,,,,,,,"18-06-2026 13:54",,,,770,"40952","218",,,,
1489,IDJKT,JKT64,MRTU2241054,Ht04,"3a","17","1","3","20",GP,,,,,,,,,F,,,,,,,,,,,,,"18-06-2026 13:55",,,,770,"40952","218",,,,
1490,IDJKT,JKT64,MRTU2038474,Ht23,"3a","13","5","1","20",GP,,,,,,,,,F,,,,,,,,,,,,,"18-06-2026 15:00",,,,770,"40952","218",,,,
1491,IDJKT,JKT64,MRTU2030719,Ht23,"3a","13","5","2","20",GP,,,,,,,,,F,,,,,,,,,,,,,"18-06-2026 15:01",,,,770,"40952","218",,,,
1492,IDJKT,JKT64,MRTU2240361,Ht05,"3a","13","5","3","20",GP,,,,,,,,,F,,,,,,,,,,,,,"18-06-2026 15:06",,,,770,"40952","218",,,,
1493,IDJKT,JKT64,MRTU2208415,Ht05,"3a","13","5","4","20",GP,,,,,,,,,F,,,,,,,,,,,,,"18-06-2026 15:07",,,,770,"40952","218",,,,
1494,IDJKT,JKT64,MRTU2242575,Ht30,"3a","13","4","1","20",GP,,,,,,,,,F,,,,,,,,,,,,,"18-06-2026 15:11",,,,770,"40952","218",,,,
1495,IDJKT,JKT64,MRTU2179364,Ht30,"3a","13","4","2","20",GP,,,,,,,,,F,,,,,,,,,,,,,"18-06-2026 15:12",,,,770,"40952","218",,,,
1496,IDJKT,JKT64,MRTU9613390,Ht02,"3a","6","5","2","40",HC,,,,,,,,,F,,,,,,,,,,,,,"18-06-2026 15:54",,,,770,"40952","218",,,,
1497,IDJKT,JKT64,MRTU2269555,Ht14,"1b","19","2","1","20",GP,,,,,,,,,F,,,,,,,,,,,,,"18-06-2026 13:59",,,,770,"40955","218",,,,
1498,IDJKT,JKT64,MRTU2198549,Ht14,"1b","19","2","2","20",GP,,,,,,,,,F,,,,,,,,,,,,,"18-06-2026 14:00",,,,770,"40955","218",,,,
1499,IDJKT,JKT64,MRTU2223678,Ht23,"1b","11","1","1","20",GP,,,,,,,,,F,,,,,,,,,,,,,"18-06-2026 14:35",,,,770,"40955","218",,,,
1500,IDJKT,JKT64,MRTU2155526,Ht23,"1b","11","1","2","20",GP,,,,,,,,,F,,,,,,,,,,,,,"18-06-2026 14:37",,,,770,"40955","218",,,,
1501,IDJKT,JKT64,MRTU2228284,Ht14,"1b","11","1","3","20",GP,,,,,,,,,F,,,,,,,,,,,,,"18-06-2026 14:55",,,,770,"40955","218",,,,
1502,IDJKT,JKT64,MRTU2256814,Ht14,"1b","11","1","4","20",GP,,,,,,,,,F,,,,,,,,,,,,,"18-06-2026 14:56",,,,770,"40955","218",,,,
1503,IDJKT,JKT64,MRTU9620574,Ht01,"1b","6","3","1","40",HC,,,,,,,,,F,,,,,,,,,,,,,"18-06-2026 15:18",,,,770,"40955","218",,,,
1504,IDJKT,JKT64,MRTU2045386,Ht15,"1b","8","2","1","20",GP,,,,,,,,,F,,,,,,,,,,,,,"18-06-2026 15:44",,,,770,"40955","218",,,,
1505,IDJKT,JKT64,MRTU2176848,Ht15,"1b","8","2","2","20",GP,,,,,,,,,F,,,,,,,,,,,,,"18-06-2026 15:45",,,,770,"40955","218",,,,
1506,IDJKT,JKT64,MRTU2044224,Ht13,"1b","8","2","3","20",GP,,,,,,,,,F,,,,,,,,,,,,,"18-06-2026 15:47",,,,770,"40955","218",,,,
1507,IDJKT,JKT64,MRTU2223615,Ht13,"1b","8","2","4","20",GP,,,,,,,,,F,,,,,,,,,,,,,"18-06-2026 15:51",,,,770,"40955","218",,,,
1508,IDJKT,JKT64,MRTU2189491,Ht28,"1b","8","4","1","20",GP,,,,,,,,,F,,,,,,,,,,,,,"18-06-2026 15:53",,,,770,"40955","218",,,,
1509,IDJKT,JKT64,MRTU2076685,Ht28,"1b","8","4","2","20",GP,,,,,,,,,F,,,,,,,,,,,,,"18-06-2026 15:54",,,,770,"40955","218",,,,
1510,IDJKT,JKT74,MRTU2010190,,,,,,"20",GP,,,,,,,,,E,,,,,,,,,,,,,"18-06-2026 13:42",,,,770,"38554","219",,,,
1511,IDJKT,JKT74,MRTU2058927,,,,,,"20",GP,,,,,,,,,E,,,,,,,,,,,,,"18-06-2026 13:42",,,,770,"38554","219",,,,
1512,IDJKT,JKT74,MRLU2382768,,,,,,"20",GP,,,,,,,,,E,,,,,,,,,,,,,"18-06-2026 15:25",,,,770,"38554","219",,,,
1513,IDJKT,JKT74,DFSU3193782,,,,,,"20",GP,,,,,,,,,E,,,,,,,,,,,,,"18-06-2026 15:25",,,,770,"38554","219",,,,
1514,IDJKT,JKT74,MRTU2298281,,,,,,"20",GP,,,,,,,,,E,,,,,,,,,,,,,"18-06-2026 15:26",,,,770,"38554","219",,,,
1515,IDJKT,JKT74,MRLU2345506,,,,,,"20",GP,,,,,,,,,E,,,,,,,,,,,,,"18-06-2026 15:26",,,,770,"38554","219",,,,
1516,IDJKT,JKT74,MRTU2039531,,,,,,"20",GP,,,,,,,,,E,,,,,,,,,,,,,"18-06-2026 15:28",,,,770,"38554","219",,,,
1517,IDJKT,JKT74,MRTU2099335,,,,,,"20",GP,,,,,,,,,E,,,,,,,,,,,,,"18-06-2026 15:28",,,,770,"38554","219",,,,
1518,IDJKT,JKT74,MRTU2160230,,,,,,"20",GP,,,,,,,,,E,,,,,,,,,,,,,"18-06-2026 15:31",,,,770,"38554","219",,,,
1519,IDJKT,JKT74,MRTU2159861,,,,,,"20",GP,,,,,,,,,E,,,,,,,,,,,,,"18-06-2026 15:32",,,,770,"38554","219",,,,
1520,IDJKT,JKT74,MRTU2197162,,,,,,"20",GP,,,,,,,,,E,,,,,,,,,,,,,"18-06-2026 15:32",,,,770,"38554","219",,,,
1521,IDJKT,JKT74,MRLU2388513,,,,,,"20",GP,,,,,,,,,E,,,,,,,,,,,,,"18-06-2026 15:32",,,,770,"38554","219",,,,
1522,IDJKT,JKT74,MRTU2078332,,,,,,"20",GP,,,,,,,,,E,,,,,,,,,,,,,"18-06-2026 15:36",,,,770,"38554","219",,,,
1523,IDJKT,JKT74,MRTU2275861,,,,,,"20",GP,,,,,,,,,E,,,,,,,,,,,,,"18-06-2026 15:36",,,,770,"38554","219",,,,
1524,IDJKT,JKT74,MRTU2294162,,,,,,"20",GP,,,,,,,,,E,,,,,,,,,,,,,"18-06-2026 15:37",,,,770,"38554","219",,,,
1525,IDJKT,JKT74,MRTU2038290,,,,,,"20",GP,,,,,,,,,E,,,,,,,,,,,,,"18-06-2026 15:37",,,,770,"38554","219",,,,
1526,IDJKT,JKT74,MRTU2124762,,,,,,"20",GP,,,,,,,,,E,,,,,,,,,,,,,"18-06-2026 15:40",,,,770,"38554","219",,,,
1527,IDJKT,JKT74,MRTU2317817,,,,,,"20",GP,,,,,,,,,E,,,,,,,,,,,,,"18-06-2026 15:40",,,,770,"38554","219",,,,
1528,IDJKT,JKT74,MRLU2373555,,,,,,"20",GP,,,,,,,,,E,,,,,,,,,,,,,"18-06-2026 15:41",,,,770,"38554","219",,,,
1529,IDJKT,JKT74,MRTU2137353,,,,,,"20",GP,,,,,,,,,E,,,,,,,,,,,,,"18-06-2026 15:41",,,,770,"38554","219",,,,
1530,IDJKT,JKT74,MRLU2345091,,,,,,"20",GP,,,,,,,,,E,,,,,,,,,,,,,"18-06-2026 15:46",,,,770,"38554","219",,,,
1531,IDJKT,JKT74,EMCU3959681,,,,,,"20",GP,,,,,,,,,E,,,,,,,,,,,,,"18-06-2026 15:47",,,,770,"38554","219",,,,
1532,IDJKT,JKT74,MRTU2024510,,,,,,"20",GP,,,,,,,,,E,,,,,,,,,,,,,"18-06-2026 15:47",,,,770,"38554","219",,,,
1533,IDJKT,JKT74,DFSU3189530,,,,,,"20",GP,,,,,,,,,E,,,,,,,,,,,,,"18-06-2026 15:48",,,,770,"38554","219",,,,
1534,IDJKT,JKT74,MRTU2145493,,,,,,"20",GP,,,,,,,,,E,,,,,,,,,,,,,"18-06-2026 15:54",,,,770,"38554","219",,,,
1535,IDJKT,JKT74,MRTU2191354,,,,,,"20",GP,,,,,,,,,E,,,,,,,,,,,,,"18-06-2026 15:54",,,,770,"38554","219",,,,
1536,IDJKT,JKT74,MRLU2353353,,,,,,"20",GP,,,,,,,,,E,,,,,,,,,,,,,"18-06-2026 15:54",,,,770,"38554","219",,,,
1537,IDJKT,JKT74,MRTU2146015,,,,,,"20",GP,,,,,,,,,E,,,,,,,,,,,,,"18-06-2026 15:55",,,,770,"38554","219",,,,
1538,IDJKT,JKT74,MRLU2355968,,,,,,"20",GP,,,,,,,,,E,,,,,,,,,,,,,"18-06-2026 15:57",,,,770,"38554","219",,,,
1539,IDJKT,JKT74,MRLU2378557,,,,,,"20",GP,,,,,,,,,E,,,,,,,,,,,,,"18-06-2026 15:57",,,,770,"38554","219",,,,
1540,IDJKT,JKT74,MRTU2071019,,,,,,"20",GP,,,,,,,,,E,,,,,,,,,,,,,"18-06-2026 16:00",,,,770,"38554","219",,,,
1541,IDJKT,JKT74,MRTU2187210,,,,,,"20",GP,,,,,,,,,E,,,,,,,,,,,,,"18-06-2026 16:02",,,,770,"38554","219",,,,
1542,IDJKT,JKT74,MRTU2059163,,,,,,"20",GP,,,,,,,,,E,,,,,,,,,,,,,"18-06-2026 16:03",,,,770,"38554","219",,,,
1543,IDJKT,JKT74,MRLU5211645,,,,,,"40",HC,,,,,,,,,E,,,,,,,,,,,,,"18-06-2026 13:45",,,,770,"40941","219",,,,
1544,IDJKT,JKT74,MRTU9608809,,,,,,"40",HC,,,,,,,,,E,,,,,,,,,,,,,"18-06-2026 13:45",,,,770,"40941","219",,,,
1545,IDJKT,JKT74,SEGU4137618,,,,,,"40",HC,,,,,,,,,E,,,,,,,,,,,,,"18-06-2026 13:48",,,,770,"40941","219",,,,
1546,IDJKT,JKT74,MRTU9607150,,,,,,"40",HC,,,,,,,,,E,,,,,,,,,,,,,"18-06-2026 15:03",,,,770,"40941","219",,,,
1547,IDJKT,JKT74,MRTU9611660,,,,,,"40",HC,,,,,,,,,E,,,,,,,,,,,,,"18-06-2026 15:07",,,,770,"40941","219",,,,
1548,IDJKT,JKT74,MRTU9620471,,,,,,"40",HC,,,,,,,,,E,,,,,,,,,,,,,"18-06-2026 15:07",,,,770,"40941","219",,,,
1549,IDJKT,JKT74,SEGU4912823,,,,,,"40",HC,,,,,,,,,E,,,,,,,,,,,,,"18-06-2026 15:19",,,,770,"40941","219",,,,
1550,IDJKT,JKT74,MRLU5213139,,,,,,"40",HC,,,,,,,,,E,,,,,,,,,,,,,"18-06-2026 15:57",,,,770,"40941","219",,,,
1551,IDJKT,JKT64,TXGU8407011,Ht04,"3a","20","3","1","40",HC,,,,,,,,,F,,,,,,,,,,,,,"18-06-2026 12:46",,,,770,"40969","218",,,,
1552,IDJKT,JKT64,CAJU5085351,Ht06,"3a","20","3","2","40",HC,,,,,,,,,F,,,,,,,,,,,,,"18-06-2026 12:47",,,,770,"40969","218",,,,
1553,IDJKT,JKT64,MRTU2319810,Ht02,"3a","22","4","1","20",GP,,,,,,,,,F,,,,,,,,,,,,,"18-06-2026 12:49",,,,770,"40969","218",,,,
1554,IDJKT,JKT64,MRTU2281648,Ht02,"3a","22","4","2","20",GP,,,,,,,,,F,,,,,,,,,,,,,"18-06-2026 12:50",,,,770,"40969","218",,,,
1555,IDJKT,JKT64,MRTU2139187,Ht04,"3a","24","6","1","20",GP,,,,,,,,,F,,,,,,,,,,,,,"18-06-2026 15:11",,,,770,"40969","218",,,,
1556,IDJKT,JKT64,MRTU2124253,Ht04,"3a","22","6","2","20",GP,,,,,,,,,F,,,,,,,,,,,,,,,,,770,"40969","218",,,,
1557,IDJKT,JKT64,FCIU6086505,Ht06,"3a","24","6","3","20",GP,,,,,,,,,F,,,,,,,,,,,,,"18-06-2026 15:15",,,,770,"40969","218",,,,
1558,IDJKT,JKT64,MRTU2295528,Ht06,"3a","24","6","4","20",GP,,,,,,,,,F,,,,,,,,,,,,,"18-06-2026 15:17",,,,770,"40969","218",,,,
1559,IDJKT,JKT64,MRTU2200076,Ht19,"3a","24","6","5","20",GP,,,,,,,,,F,,,,,,,,,,,,,"18-06-2026 15:50",,,,770,"40969","218",,,,
1560,IDJKT,JKT64,MRTU2098658,Ht19,"3a","24","3","3","20",GP,,,,,,,,,E,,,,,,,,,,,,,"18-06-2026 15:52",,,,770,"40969","218",,,,
1561,IDJKT,JKT64,MRTU2194564,Ht02,"3a","24","2","3","20",GP,,,,,,,,,F,,,,,,,,,,,,,"18-06-2026 15:56",,,,770,"40969","218",,,,
1562,IDJKT,JKT64,MRTU2124926,Ht02,"3a","24","4","4","20",GP,,,,,,,,,E,,,,,,,,,,,,,"18-06-2026 16:01",,,,770,"40969","218",,,,
1563,IDJKT,JKT74,MRTU2010190,,,,,,"20",GP,,,,,,,,,E,,,,,,,,,,,,,"18-06-2026 13:42",,,,770,"40966","219",,,,
1564,IDJKT,JKT74,MRTU2058927,,,,,,"20",GP,,,,,,,,,E,,,,,,,,,,,,,"18-06-2026 13:42",,,,770,"40966","219",,,,
1565,IDJKT,JKT74,MRLU2382768,,,,,,"20",GP,,,,,,,,,E,,,,,,,,,,,,,"18-06-2026 16:46",,,,770,"40966","219",,,,
1566,IDJKT,JKT74,DFSU3193782,,,,,,"20",GP,,,,,,,,,E,,,,,,,,,,,,,"18-06-2026 16:47",,,,770,"40966","219",,,,
1567,IDJKT,JKT74,MRTU2298281,,,,,,"20",GP,,,,,,,,,E,,,,,,,,,,,,,"18-06-2026 16:49",,,,770,"40966","219",,,,
1568,IDJKT,JKT74,MRLU2345506,,,,,,"20",GP,,,,,,,,,E,,,,,,,,,,,,,"18-06-2026 16:50",,,,770,"40966","219",,,,
1569,IDJKT,JKT74,MRTU2039531,,,,,,"20",GP,,,,,,,,,E,,,,,,,,,,,,,"18-06-2026 16:50",,,,770,"40966","219",,,,
1570,IDJKT,JKT74,MRTU2099335,,,,,,"20",GP,,,,,,,,,E,,,,,,,,,,,,,"18-06-2026 16:50",,,,770,"40966","219",,,,
1571,IDJKT,JKT74,MRTU2160230,,,,,,"20",GP,,,,,,,,,E,,,,,,,,,,,,,"18-06-2026 16:51",,,,770,"40966","219",,,,
1572,IDJKT,JKT74,MRTU2159861,,,,,,"20",GP,,,,,,,,,E,,,,,,,,,,,,,"18-06-2026 16:51",,,,770,"40966","219",,,,
1573,IDJKT,JKT74,MRTU2197162,,,,,,"20",GP,,,,,,,,,E,,,,,,,,,,,,,"18-06-2026 16:51",,,,770,"40966","219",,,,
1574,IDJKT,JKT74,MRLU2388513,,,,,,"20",GP,,,,,,,,,E,,,,,,,,,,,,,"18-06-2026 16:52",,,,770,"40966","219",,,,
1575,IDJKT,JKT74,MRTU2078332,,,,,,"20",GP,,,,,,,,,E,,,,,,,,,,,,,"18-06-2026 16:52",,,,770,"40966","219",,,,
1576,IDJKT,JKT74,MRTU2275861,,,,,,"20",GP,,,,,,,,,E,,,,,,,,,,,,,"18-06-2026 16:53",,,,770,"40966","219",,,,
1577,IDJKT,JKT74,MRTU2294162,,,,,,"20",GP,,,,,,,,,E,,,,,,,,,,,,,"18-06-2026 16:53",,,,770,"40966","219",,,,
1578,IDJKT,JKT74,MRTU2038290,,,,,,"20",GP,,,,,,,,,E,,,,,,,,,,,,,"18-06-2026 16:54",,,,770,"40966","219",,,,
1579,IDJKT,JKT74,MRTU2124762,,,,,,"20",GP,,,,,,,,,E,,,,,,,,,,,,,"18-06-2026 16:54",,,,770,"40966","219",,,,
1580,IDJKT,JKT74,MRTU2317817,,,,,,"20",GP,,,,,,,,,E,,,,,,,,,,,,,"18-06-2026 16:54",,,,770,"40966","219",,,,
1581,IDJKT,JKT74,MRLU2373555,,,,,,"20",GP,,,,,,,,,E,,,,,,,,,,,,,"18-06-2026 16:55",,,,770,"40966","219",,,,
1582,IDJKT,JKT74,MRTU2137353,,,,,,"20",GP,,,,,,,,,E,,,,,,,,,,,,,"18-06-2026 16:55",,,,770,"40966","219",,,,
1583,IDJKT,JKT74,MRLU2345091,,,,,,"20",GP,,,,,,,,,E,,,,,,,,,,,,,"18-06-2026 16:56",,,,770,"40966","219",,,,
1584,IDJKT,JKT74,EMCU3959681,,,,,,"20",GP,,,,,,,,,E,,,,,,,,,,,,,"18-06-2026 16:56",,,,770,"40966","219",,,,
1585,IDJKT,JKT74,MRTU2024510,,,,,,"20",GP,,,,,,,,,E,,,,,,,,,,,,,"18-06-2026 16:57",,,,770,"40966","219",,,,
1586,IDJKT,JKT74,DFSU3189530,,,,,,"20",GP,,,,,,,,,E,,,,,,,,,,,,,"18-06-2026 16:57",,,,770,"40966","219",,,,
1587,IDJKT,JKT74,MRTU2145493,,,,,,"20",GP,,,,,,,,,E,,,,,,,,,,,,,"18-06-2026 16:58",,,,770,"40966","219",,,,
1588,IDJKT,JKT74,MRTU2191354,,,,,,"20",GP,,,,,,,,,E,,,,,,,,,,,,,"18-06-2026 16:59",,,,770,"40966","219",,,,
1589,IDJKT,JKT74,MRLU2353353,,,,,,"20",GP,,,,,,,,,E,,,,,,,,,,,,,"18-06-2026 16:59",,,,770,"40966","219",,,,
1590,IDJKT,JKT74,MRTU2146015,,,,,,"20",GP,,,,,,,,,E,,,,,,,,,,,,,"18-06-2026 16:59",,,,770,"40966","219",,,,
1591,IDJKT,JKT74,MRLU2355968,,,,,,"20",GP,,,,,,,,,E,,,,,,,,,,,,,"18-06-2026 17:00",,,,770,"40966","219",,,,
1592,IDJKT,JKT74,MRLU2378557,,,,,,"20",GP,,,,,,,,,E,,,,,,,,,,,,,"18-06-2026 17:02",,,,770,"40966","219",,,,
1593,IDJKT,JKT74,MRTU2095453,,,,,,"20",GP,,,,,,,,,E,,,,,,,,,,,,,"18-06-2026 17:04",,,,770,"40966","219",,,,
1594,IDJKT,JKT74,MRTU2071019,,,,,,"20",GP,,,,,,,,,E,,,,,,,,,,,,,"18-06-2026 17:05",,,,770,"40966","219",,,,
1595,IDJKT,JKT74,MRTU2187210,,,,,,"20",GP,,,,,,,,,E,,,,,,,,,,,,,"18-06-2026 17:05",,,,770,"40966","219",,,,
1596,IDJKT,JKT74,MRTU2059163,,,,,,"20",GP,,,,,,,,,E,,,,,,,,,,,,,"18-06-2026 17:06",,,,770,"40966","219",,,,
1597,IDJKT,JKT74,MRTU9603031,,,,,,"40",HC,,,,,,,,,E,,,,,,,,,,,,,"18-06-2026 16:11",,,,770,"40987","219",,,,
1598,IDJKT,JKT74,MRTU9625350,,,,,,"40",HC,,,,,,,,,E,,,,,,,,,,,,,"18-06-2026 16:11",,,,770,"40987","219",,,,
1599,IDJKT,JKT74,MRTU9608115,,,,,,"40",HC,,,,,,,,,E,,,,,,,,,,,,,"18-06-2026 17:00",,,,770,"40987","219",,,,
1600,IDJKT,JKT74,MRTU9657995,,,,,,"40",HC,,,,,,,,,E,,,,,,,,,,,,,"18-06-2026 17:00",,,,770,"40987","219",,,,
1601,IDJKT,JKT74,MRTU9641788,,,,,,"40",HC,,,,,,,,,E,,,,,,,,,,,,,"18-06-2026 17:00",,,,770,"40987","219",,,,
1602,IDJKT,JKT74,CRSU9175500,,,,,,"40",HC,,,,,,,,,E,,,,,,,,,,,,,"18-06-2026 17:05",,,,770,"40987","219",,,,
1603,IDJKT,JKT74,MRTU9621781,,,,,,"40",HC,,,,,,,,,E,,,,,,,,,,,,,"18-06-2026 17:05",,,,770,"40987","219",,,,
1604,IDJKT,JKT74,TIIU6805856,,,,,,"40",HC,,,,,,,,,E,,,,,,,,,,,,,"18-06-2026 17:12",,,,770,"40987","219",,,,
1605,IDJKT,JKT74,MRTU9605158,,,,,,"40",OD,,,,,,,,,E,,,,,,,,,,,,,"18-06-2026 17:12",,,,770,"40987","219",,,,
1606,IDJKT,JKT74,SEGU6546180,,,,,,"40",HC,,,,,,,,,E,,,,,,,,,,,,,"18-06-2026 17:19",,,,770,"40987","219",,,,
1607,IDJKT,JKT74,MRTU9623296,,,,,,"40",HC,,,,,,,,,E,,,,,,,,,,,,,"18-06-2026 17:19",,,,770,"40987","219",,,,
1608,IDJKT,JKT74,MRTU9618469,,,,,,"40",HC,,,,,,,,,E,,,,,,,,,,,,,"18-06-2026 17:20",,,,770,"40987","219",,,,
1609,IDJKT,JKT74,TIIU5845031,,,,,,"40",HC,,,,,,,,,E,,,,,,,,,,,,,"18-06-2026 17:21",,,,770,"40987","219",,,,
1615,IDJKT,JKT74,MRTU9634731,,,,,,"40",HC,,,,,,,,,E,,,,,,,,,,,,,"18-06-2026 17:32",,,,770,"40987","219",,,,
1616,IDJKT,JKT74,TXGU8955695,,,,,,"40",HC,,,,,,,,,E,,,,,,,,,,,,,"18-06-2026 17:32",,,,770,"40987","219",,,,
1620,IDJKT,JKT74,HPCU4319901,,,,,,"40",HC,,,,,,,,,E,,,,,,,,,,,,,"18-06-2026 19:28",,,,770,"40987","219",,,,
1621,IDJKT,JKT74,TCNU1065418,,,,,,"40",HC,,,,,,,,,E,,,,,,,,,,,,,"18-06-2026 19:37",,,,770,"40987","219",,,,
1622,IDJKT,JKT64,TRHU8911635,HT07,"2A","4","2","1","40",HC,,,,,,,,,F,,,,,,,,,,,,,"18-06-2026 16:26",,,,770,"40988","218",,,,
1625,IDJKT,JKT64,SEGU3512695,HT29,"2A","11","2","1","20",GP,,,,,,,,,F,,,,,,,,,,,,,"18-06-2026 17:03",,,,770,"40988","218",,,,
1626,IDJKT,JKT64,SEGU3513500,HT29,"2A","11","2","2","20",GP,,,,,,,,,F,,,,,,,,,,,,,"18-06-2026 17:04",,,,770,"40988","218",,,,
1627,IDJKT,JKT64,FTAU2399939,HT16,"2A","11","1","1","20",GP,,,,,,,,,F,,,,,,,,,,,,,"18-06-2026 17:04",,,,770,"40988","218",,,,
1628,IDJKT,JKT64,SITU2841333,HT16,"2A","11","1","2","20",GP,,,,,,,,,F,,,,,,,,,,,,,"18-06-2026 17:06",,,,770,"40988","218",,,,
1629,IDJKT,JKT64,TCNU3734997,HT16,"3A","2","1","11","40",HC,,,,,,,,,E,,,,,,,,,,,,,"18-06-2026 19:13",,,,770,"40988","218",,,,
1630,IDJKT,JKT64,ECMU5492071,HT09,"3A","2","1","2","40",HC,,,,,,,,,F,,,,,,,,,,,,,"18-06-2026 19:15",,,,770,"40988","218",,,,
1631,IDJKT,JKT64,CMAU7912210,HT28,"3A","2","1","3","40",HC,,,,,,,,,E,,,,,,,,,,,,,"18-06-2026 19:37",,,,770,"40988","218",,,,
1632,IDJKT,JKT64,SEGU6624153,HT26,"3A","2","1","4","40",HC,,,,,,,,,E,,,,,,,,,,,,,"18-06-2026 19:39",,,,770,"40988","218",,,,
1633,IDJKT,JKT64,CMAU9382315,HT10,"3A","2","5","5","40",HC,,,,,,,,,E,,,,,,,,,,,,,"18-06-2026 19:40",,,,770,"40988","218",,,,
1634,IDJKT,JKT64,TCNU1373196,HT19,"3A","2","4","5","40",HC,,,,,,,,,E,,,,,,,,,,,,,"18-06-2026 19:41",,,,770,"40988","218",,,,
1635,IDJKT,JKT64,TCKU1008732,B9832,,,,,"20",GP,,,,,,,,,F,,,,,,,,,,,,,"18-06-2026 19:44",,,,770,"40988","218",,,,
1636,IDJKT,JKT74,TEMU5081280,,,,,,"20",GP,,,,,,,,,E,,,,,,,,,,,,,"18-06-2026 17:45",,,,770,"40986","219",,,,
1637,IDJKT,JKT74,MRTU2204343,,,,,,"20",GP,,,,,,,,,E,,,,,,,,,,,,,"18-06-2026 17:46",,,,770,"40986","219",,,,
1638,IDJKT,JKT74,MRTU2205458,,,,,,"20",GP,,,,,,,,,E,,,,,,,,,,,,,"18-06-2026 17:46",,,,770,"40986","219",,,,
1639,IDJKT,JKT74,MRTU2064787,,,,,,"20",GP,,,,,,,,,E,,,,,,,,,,,,,"18-06-2026 17:46",,,,770,"40986","219",,,,
1640,IDJKT,JKT74,MRTU2021173,,,,,,"20",GP,,,,,,,,,E,,,,,,,,,,,,,"18-06-2026 17:47",,,,770,"40986","219",,,,
1641,IDJKT,JKT74,MRTU2079112,,,,,,"20",GP,,,,,,,,,E,,,,,,,,,,,,,"18-06-2026 17:48",,,,770,"40986","219",,,,
1642,IDJKT,JKT74,MRLU2382900,,,,,,"20",GP,,,,,,,,,E,,,,,,,,,,,,,"18-06-2026 17:48",,,,770,"40986","219",,,,
1643,IDJKT,JKT74,MRTU2142278,,,,,,"20",GP,,,,,,,,,E,,,,,,,,,,,,,"18-06-2026 17:48",,,,770,"40986","219",,,,
1644,IDJKT,JKT74,MRTU2295507,,,,,,"20",GP,,,,,,,,,E,,,,,,,,,,,,,"18-06-2026 17:49",,,,770,"40986","219",,,,
1645,IDJKT,JKT74,MRTU2237178,,,,,,"20",GP,,,,,,,,,E,,,,,,,,,,,,,"18-06-2026 17:49",,,,770,"40986","219",,,,
1646,IDJKT,JKT74,MRTU2111960,,,,,,"20",GP,,,,,,,,,E,,,,,,,,,,,,,"18-06-2026 17:49",,,,770,"40986","219",,,,
1647,IDJKT,JKT74,MRTU2246821,,,,,,"20",GP,,,,,,,,,E,,,,,,,,,,,,,"18-06-2026 17:50",,,,770,"40986","219",,,,
1652,IDJKT,JKT74,MRTU2076432,,,,,,"20",GP,,,,,,,,,E,,,,,,,,,,,,,"18-06-2026 19:13",,,,770,"40986","219",,,,
1653,IDJKT,JKT74,CRSU1526341,,,,,,"20",GP,,,,,,,,,E,,,,,,,,,,,,,"18-06-2026 19:14",,,,770,"40986","219",,,,
1660,IDJKT,JKT74,MRLU2366263,,,,,,"20",GP,,,,,,,,,E,,,,,,,,,,,,,"18-06-2026 19:37",,,,770,"40986","219",,,,
1662,IDJKT,JKT74,TLLU8100070,,,,,,"20",GP,,,,,,,,,E,,,,,,,,,,,,,"18-06-2026 19:39",,,,770,"40986","219",,,,
1663,IDJKT,JKT74,MRLU2382310,,,,,,"20",GP,,,,,,,,,E,,,,,,,,,,,,,"18-06-2026 19:40",,,,770,"40986","219",,,,
1665,IDJKT,JKT74,MRTU2160287,,,,,,"20",GP,,,,,,,,,E,,,,,,,,,,,,,"18-06-2026 19:52",,,,770,"40986","219",,,,
1666,IDJKT,JKT64,ONEU2841060,Ht10,"1b","8","4","3","20",GP,,,,,,,,,F,,,,,,,,,,,,,"18-06-2026 16:48",,,,770,"40993","218",,,,
1667,IDJKT,JKT64,TIIU2800054,Ht10,"1b","8","4","4","20",GP,,,,,,,,,F,,,,,,,,,,,,,"18-06-2026 16:49",,,,770,"40993","218",,,,
1668,IDJKT,JKT64,MRTU2222809,Ht12,"1b","8","4","5","20",GP,,,,,,,,,F,,,,,,,,,,,,,"18-06-2026 16:56",,,,770,"40993","218",,,,
1669,IDJKT,JKT64,MRTU2005059,Ht12,"1b","8","5","1","20",GP,,,,,,,,,E,,,,,,,,,,,,,"18-06-2026 16:57",,,,770,"40993","218",,,,
1670,IDJKT,JKT64,MRTU2232129,Ht19,"1b","8","5","2","20",GP,,,,,,,,,E,,,,,,,,,,,,,"18-06-2026 16:58",,,,770,"40993","218",,,,
1671,IDJKT,JKT64,MRTU2087020,Ht19,"1b","8","5","3","20",GP,,,,,,,,,F,,,,,,,,,,,,,"18-06-2026 17:00",,,,770,"40993","218",,,,
1672,IDJKT,JKT64,MRTU2027382,Ht04,"1b","8","5","4","20",GP,,,,,,,,,F,,,,,,,,,,,,,"18-06-2026 17:01",,,,770,"40993","218",,,,
1673,IDJKT,JKT64,MRTU2010538,Ht04,"1b","8","5","5","20",GP,,,,,,,,,F,,,,,,,,,,,,,"18-06-2026 17:03",,,,770,"40993","218",,,,
1674,IDJKT,JKT64,SITU2813645,Ht25,"1b","9","1","1","20",GP,,,,,,,,,F,,,,,,,,,,,,,"18-06-2026 17:04",,,,770,"40993","218",,,,
1675,IDJKT,JKT64,BEAU2900689,Ht25,"1b","9","1","2","20",GP,,,,,,,,,F,,,,,,,,,,,,,"18-06-2026 17:05",,,,770,"40993","218",,,,
1676,IDJKT,JKT64,MRLU2379928,Ht30,"1b","9","1","3","20",GP,,,,,,,,,F,,,,,,,,,,,,,"18-06-2026 17:46",,,,770,"40993","218",,,,
1677,IDJKT,JKT64,TLLU3249586,Ht30,"1b","9","1","4","20",GP,,,,,,,,,F,,,,,,,,,,,,,"18-06-2026 17:48",,,,770,"40993","218",,,,
1678,IDJKT,JKT64,TIIU2508757,Ht11,"1b","9","1","5","20",GP,,,,,,,,,F,,,,,,,,,,,,,"18-06-2026 17:51",,,,770,"40993","218",,,,
1679,IDJKT,JKT64,BEAU2677446,Ht11,"1b","9","6","1","20",GP,,,,,,,,,F,,,,,,,,,,,,,"18-06-2026 17:52",,,,770,"40993","218",,,,
1680,IDJKT,JKT64,TEMU5303710,Ht24,"1b","9","6","2","20",GP,,,,,,,,,F,,,,,,,,,,,,,"18-06-2026 17:54",,,,770,"40993","218",,,,
1681,IDJKT,JKT64,TRHU3131847,Ht24,"1b","9","6","3","20",GP,,,,,,,,,F,,,,,,,,,,,,,"18-06-2026 17:55",,,,770,"40993","218",,,,
1682,IDJKT,JKT64,NYKU3664548,Ht14,"1b","9","6","4","20",GP,,,,,,,,,F,,,,,,,,,,,,,"18-06-2026 17:56",,,,770,"40993","218",,,,
1683,IDJKT,JKT64,SITU2695007,Ht14,"1b","9","6","5","20",GP,,,,,,,,,F,,,,,,,,,,,,,"18-06-2026 17:57",,,,770,"40993","218",,,,
1684,IDJKT,JKT64,DFSU3191619,Ht09,"1b","9","4","4","20",GP,,,,,,,,,E,,,,,,,,,,,,,"18-06-2026 17:58",,,,770,"40993","218",,,,
1685,IDJKT,JKT64,FTAU2428600,Ht09,"1b","9","4","5","20",GP,,,,,,,,,F,,,,,,,,,,,,,"18-06-2026 17:59",,,,770,"40993","218",,,,
1686,IDJKT,JKT64,CXDU2067703,Ht13,"1b","4","5","1","40",HC,,,,,,,,,E,,,,,,,,,,,,,"18-06-2026 18:04",,,,770,"40993","218",,,,
1687,IDJKT,JKT64,CMAU7183865,Ht10,"1b","4","5","2","40",HC,,,,,,,,,E,,,,,,,,,,,,,"18-06-2026 18:05",,,,770,"40993","218",,,,
1688,IDJKT,JKT64,GESU6764274,Ht12,"1b","12","2","1","40",HC,,,,,,,,,E,,,,,,,,,,,,,"18-06-2026 19:54",,,,770,"40993","218",,,,
1689,IDJKT,JKT64,MRTU2305518,Ht01,"1b","15","1","1","20",GP,,,,,,,,,F,,,,,,,,,,,,,"18-06-2026 19:58",,,,770,"40993","218",,,,
1690,IDJKT,JKT64,MRTU2289952,Ht01,"1b","15","1","2","20",GP,,,,,,,,,F,,,,,,,,,,,,,"18-06-2026 19:59",,,,770,"40993","218",,,,
1691,IDJKT,JKT64,MRTU2250565,Ht07,"1b","15","1","3","20",GP,,,,,,,,,F,,,,,,,,,,,,,"18-06-2026 20:02",,,,770,"40993","218",,,,
1692,IDJKT,JKT64,MRTU2081974,Ht07,"1b","15","1","4","20",GP,,,,,,,,,F,,,,,,,,,,,,,"18-06-2026 20:03",,,,770,"40993","218",,,,
1693,IDJKT,JKT64,MRTU2099227,Ht04,"1b","15","1","5","20",GP,,,,,,,,,F,,,,,,,,,,,,,"18-06-2026 20:06",,,,770,"40993","218",,,,
1694,IDJKT,JKT64,MRTU2215707,Ht04,"1b","15","5","2","20",GP,,,,,,,,,F,,,,,,,,,,,,,"18-06-2026 20:07",,,,770,"40993","218",,,,
1695,IDJKT,JKT64,MRTU2218666,Ht09,"1b","14","2","1","20",GP,,,,,,,,,F,,,,,,,,,,,,,"18-06-2026 20:09",,,,770,"40993","218",,,,
1696,IDJKT,JKT64,MRTU2285807,Ht09,"1b","14","2","2","20",GP,,,,,,,,,F,,,,,,,,,,,,,"18-06-2026 20:10",,,,770,"40993","218",,,,
1702,IDJKT,JKT74,MRTU2148105,,,,,,"20",GP,,,,,,,,,E,,,,,,,,,,,,,"18-06-2026 21:18",,,,770,"41001","219",,,,
1705,IDJKT,JKT74,BMOU6046470,,,,,,"40",GP,,,,,,,,,E,,,,,,,,,,,,,"18-06-2026 21:20",,,,770,"41001","219",,,,
1708,IDJKT,JKT74,MRTU2273637,,,,,,"20",GP,,,,,,,,,E,,,,,,,,,,,,,"18-06-2026 21:22",,,,770,"41001","219",,,,
1712,IDJKT,JKT74,MRTU9649520,,,,,,"40",GP,,,,,,,,,E,,,,,,,,,,,,,"18-06-2026 21:29",,,,770,"41001","219",,,,
1713,IDJKT,JKT74,MRTU9629611,,,,,,"40",GP,,,,,,,,,E,,,,,,,,,,,,,"18-06-2026 21:29",,,,770,"41001","219",,,,
1716,IDJKT,JKT74,MRTU2085753,,,,,,"20",GP,,,,,,,,,E,,,,,,,,,,,,,"18-06-2026 21:30",,,,770,"41001","219",,,,
1718,IDJKT,JKT74,MRTU2278599,,,,,,"20",GP,,,,,,,,,E,,,,,,,,,,,,,"18-06-2026 21:31",,,,770,"41001","219",,,,
1723,IDJKT,JKT74,TXGU8926505,,,,,,"40",GP,,,,,,,,,E,,,,,,,,,,,,,"18-06-2026 21:58",,,,770,"41001","219",,,,
1726,IDJKT,JKT74,MRTU9629988,,,,,,"40",GP,,,,,,,,,E,,,,,,,,,,,,,"18-06-2026 22:00",,,,770,"41001","219",,,,
1727,IDJKT,JKT74,SPNU4630570,,,,,,"40",GP,,,,,,,,,E,,,,,,,,,,,,,"18-06-2026 22:58",,,,770,"41001","219",,,,
1728,IDJKT,JKT64,CMAU8750747,H13,"2a","4","1","1","40",HC,,,,,,,,,E,,,,,,,,,,,,,"18-06-2026 20:07",,,,770,"40997","218",,,,
1729,IDJKT,JKT64,MRTU2106579,H19,"1a","10","6","1","20",GP,,,,,,,,,E,,,,,,,,,,,,,"18-06-2026 20:58",,,,770,"40997","218",,,,
1730,IDJKT,JKT64,CEOU2144235,H19,"1a","10","6","2","20",GP,,,,,,,,,E,,,,,,,,,,,,,"18-06-2026 20:59",,,,770,"40997","218",,,,
1731,IDJKT,JKT64,CAAU2947570,H30,"1a","10","6","3","20",GP,,,,,,,,,F,,,,,,,,,,,,,"18-06-2026 21:01",,,,770,"40997","218",,,,
1732,IDJKT,JKT64,MRTU2089213,H30,"1a","10","6","4","20",GP,,,,,,,,,E,,,,,,,,,,,,,"18-06-2026 21:02",,,,770,"40997","218",,,,
1733,IDJKT,JKT64,MRTU2132670,H06,"2a","11","6","1","20",GP,,,,,,,,,E,,,,,,,,,,,,,"18-06-2026 21:05",,,,770,"40997","218",,,,
1734,IDJKT,JKT64,MRTU2092496,H06,"2a","11","6","2","20",GP,,,,,,,,,E,,,,,,,,,,,,,"18-06-2026 21:06",,,,770,"40997","218",,,,
1735,IDJKT,JKT64,HPCU2224896,H25,"2a","11","6","3","20",GP,,,,,,,,,E,,,,,,,,,,,,,"18-06-2026 21:16",,,,770,"40997","218",,,,
1736,IDJKT,JKT64,MRTU2049308,H25,"2a","11","6","4","20",GP,,,,,,,,,E,,,,,,,,,,,,,"18-06-2026 21:17",,,,770,"40997","218",,,,
1737,IDJKT,JKT64,MCCU1108700,H27,"2a","12","5","1","20",GP,,,,,,,,,F,,,,,,,,,,,,,"18-06-2026 21:19",,,,770,"40997","218",,,,
1738,IDJKT,JKT64,MRLU2354576,H27,"2a","11","5","3","20",GP,,,,,,,,,E,,,,,,,,,,,,,"18-06-2026 21:20",,,,770,"40997","218",,,,
1739,IDJKT,JKT64,MRTU2029220,H29,"2a","11","5","3","20",GP,,,,,,,,,E,,,,,,,,,,,,,"18-06-2026 21:23",,,,770,"40997","218",,,,
1740,IDJKT,JKT64,MRTU2041441,H29,"2a","11","5","4","20",GP,,,,,,,,,E,,,,,,,,,,,,,"18-06-2026 21:24",,,,770,"40997","218",,,,
1741,IDJKT,JKT64,MRTU2305210,H16,"2a","11","4","1","20",GP,,,,,,,,,E,,,,,,,,,,,,,"18-06-2026 21:26",,,,770,"40997","218",,,,
1742,IDJKT,JKT64,TRHU3352200,H16,"2a","11","4","1","20",GP,,,,,,,,,E,,,,,,,,,,,,,"18-06-2026 21:27",,,,770,"40997","218",,,,
1743,IDJKT,JKT64,MRTU2221700,H10,"2a","11","4","3","20",GP,,,,,,,,,E,,,,,,,,,,,,,"18-06-2026 21:30",,,,770,"40997","218",,,,
1744,IDJKT,JKT64,MRTU2128346,H10,"2a","11","4","4","20",GP,,,,,,,,,E,,,,,,,,,,,,,"18-06-2026 21:31",,,,770,"40997","218",,,,
1745,IDJKT,JKT64,MRTU2146519,H15,"2a","11","4","5","20",GP,,,,,,,,,E,,,,,,,,,,,,,"18-06-2026 21:34",,,,770,"40997","218",,,,
1746,IDJKT,JKT64,FCIU6085670,H15,"2a","11","5","5","20",GP,,,,,,,,,E,,,,,,,,,,,,,"18-06-2026 21:35",,,,770,"40997","218",,,,
1747,IDJKT,JKT64,MRLU2342220,H07,"2a","10","6","1","20",GP,,,,,,,,,E,,,,,,,,,,,,,"18-06-2026 21:38",,,,770,"40997","218",,,,
1748,IDJKT,JKT64,MRTU2043510,H02,"2a","12","6","1","20",GP,,,,,,,,,E,,,,,,,,,,,,,"18-06-2026 21:44",,,,770,"40997","218",,,,
1749,IDJKT,JKT64,MRTU2012356,H02,"2a","12","6","2","20",GP,,,,,,,,,E,,,,,,,,,,,,,"18-06-2026 21:45",,,,770,"40997","218",,,,
1750,IDJKT,JKT64,MRTU2240850,H05,"2a","12","6","3","20",GP,,,,,,,,,E,,,,,,,,,,,,,"18-06-2026 21:48",,,,770,"40997","218",,,,
1751,IDJKT,JKT64,MRTU2019495,H05,"2a","12","6","4","20",GP,,,,,,,,,E,,,,,,,,,,,,,"18-06-2026 21:49",,,,770,"40997","218",,,,
1752,IDJKT,JKT64,MRTU2170428,H18,"2a","12","5","1","20",GP,,,,,,,,,F,,,,,,,,,,,,,"18-06-2026 21:51",,,,770,"40997","218",,,,
1753,IDJKT,JKT64,MRTU2150294,H18,"2a","12","5","2","20",GP,,,,,,,,,F,,,,,,,,,,,,,"18-06-2026 21:52",,,,770,"40997","218",,,,
1754,IDJKT,JKT64,MRTU2030555,H09,"2a","12","5","3","20",GP,,,,,,,,,E,,,,,,,,,,,,,"18-06-2026 21:54",,,,770,"40997","218",,,,
1757,IDJKT,JKT64,FCIU2219111,HMJT,"2a","12","4","2","20",GP,,,,,,,,,E,,,,,,,,,,,,,"18-06-2026 21:59",,,,770,"40997","218",,,,
1759,IDJKT,JKT64,MRTU2109238,H14,"2a","12","4","4","20",GP,,,,,,,,,E,,,,,,,,,,,,,"18-06-2026 22:03",,,,770,"40997","218",,,,
1760,IDJKT,JKT64,TRHU7674020,B9815SYL,,,,,"40",HC,,,,,,,,,F,,,,,,,,,,,,,"18-06-2026 22:10",,,,770,"40997","218",,,,
1761,IDJKT,JKT64,SEGU3517423,H14,"1a","4","6","1","20",GP,,,,,,,,,F,,,,,,,,,,,,,"18-06-2026 22:37",,,,770,"40997","218",,,,
1762,IDJKT,JKT64,CXDU1598731,H14,"1a","4","6","2","20",GP,,,,,,,,,F,,,,,,,,,,,,,"18-06-2026 22:38",,,,770,"40997","218",,,,
1763,IDJKT,JKT64,DFSU3190084,H07,"1a","4","6","3","20",GP,,,,,,,,,F,,,,,,,,,,,,,"18-06-2026 22:43",,,,770,"40997","218",,,,
1764,IDJKT,JKT64,MRTU2096300,H07,"1a","4","6","4","20",GP,,,,,,,,,F,,,,,,,,,,,,,"18-06-2026 22:45",,,,770,"40997","218",,,,
1765,IDJKT,JKT64,BEAU2910310,H16,"1a","4","1","1","20",GP,,,,,,,,,F,,,,,,,,,,,,,"18-06-2026 22:47",,,,770,"40997","218",,,,
1766,IDJKT,JKT64,TIIU2710120,H16,"1a","4","1","2","20",GP,,,,,,,,,F,,,,,,,,,,,,,"18-06-2026 22:49",,,,770,"40997","218",,,,
1767,IDJKT,JKT64,MRTU2265884,H02,"1a","4","1","3","20",GP,,,,,,,,,E,,,,,,,,,,,,,"18-06-2026 22:52",,,,770,"40997","218",,,,
1768,IDJKT,JKT64,MRTU2007391,H02,"1a","4","1","4","20",GP,,,,,,,,,E,,,,,,,,,,,,,"18-06-2026 22:53",,,,770,"40997","218",,,,
1769,IDJKT,JKT64,MRTU2311233,H05,"1a","4","3","1","20",GP,,,,,,,,,F,,,,,,,,,,,,,"18-06-2026 22:58",,,,770,"40997","218",,,,
1770,IDJKT,JKT64,MRTU2310113,H05,"1a","4","3","2","20",GP,,,,,,,,,F,,,,,,,,,,,,,"18-06-2026 23:00",,,,770,"40997","218",,,,
1771,IDJKT,JKT64,MRTU2283851,H03,"1a","4","3","3","20",GP,,,,,,,,,F,,,,,,,,,,,,,"18-06-2026 23:02",,,,770,"40997","218",,,,
1772,IDJKT,JKT64,MRTU2218820,H03,"1a","4","3","2","20",GP,,,,,,,,,F,,,,,,,,,,,,,"18-06-2026 23:03",,,,770,"40997","218",,,,
1773,IDJKT,JKT64,TLLU3255790,H21,"1a","10","1","1","20",GP,,,,,,,,,F,,,,,,,,,,,,,"18-06-2026 23:12",,,,770,"40997","218",,,,
1774,IDJKT,JKT64,SITU2769959,H21,"1a","10","1","2","20",GP,,,,,,,,,F,,,,,,,,,,,,,"18-06-2026 23:13",,,,770,"40997","218",,,,
1775,IDJKT,JKT64,MRTU2220848,H10,"1a","10","1","3","20",GP,,,,,,,,,F,,,,,,,,,,,,,"18-06-2026 23:15",,,,770,"40997","218",,,,
1776,IDJKT,JKT64,MRTU2159199,H10,"1a","10","1","4","20",GP,,,,,,,,,F,,,,,,,,,,,,,"18-06-2026 23:16",,,,770,"40997","218",,,,
1777,IDJKT,JKT64,MRTU2307871,Hmjt,"2a","10","3","1","20",GP,,,,,,,,,F,,,,,,,,,,,,,"18-06-2026 23:32",,,,770,"40997","218",,,,
1778,IDJKT,JKT64,MRTU2259984,H18,"2a","10","3","2","20",GP,,,,,,,,,F,,,,,,,,,,,,,"18-06-2026 23:34",,,,770,"40997","218",,,,
1779,IDJKT,JKT64,MRTU2268857,Ht06,"1b","19","6","1","20",GP,,,,,,,,,E,,,,,,,,,,,,,"18-06-2026 20:27",,,,770,"41007",Cy218,,,,
1780,IDJKT,JKT64,MRTU2230110,Ht06,"1b","19","6","2","20",GP,,,,,,,,,F,,,,,,,,,,,,,"18-06-2026 20:28",,,,770,"41007",Cy218,,,,
1781,IDJKT,JKT64,MRTU2248418,Ht01,"1b","19","6","3","20",GP,,,,,,,,,F,,,,,,,,,,,,,"18-06-2026 20:28",,,,770,"41007",Cy218,,,,
1782,IDJKT,JKT64,MRTU2260706,Ht01,"1b","19","6","4","20",GP,,,,,,,,,F,,,,,,,,,,,,,"18-06-2026 20:29",,,,770,"41007",Cy218,,,,
1783,IDJKT,JKT64,FCIU6090450,Ht02,"1b","19","5","1","20",GP,,,,,,,,,F,,,,,,,,,,,,,"18-06-2026 20:30",,,,770,"41007",Cy218,,,,
1784,IDJKT,JKT64,MRTU2310140,Ht02,"1b","19","5","2","20",GP,,,,,,,,,F,,,,,,,,,,,,,"18-06-2026 20:31",,,,770,"41007",Cy218,,,,
1785,IDJKT,JKT64,HPCU4319645,Ht20,"1b","12","2","2","40",HC,,,,,,,,,F,,,,,,,,,,,,,"18-06-2026 21:49",,,,770,"41007",Cy218,,,,
1786,IDJKT,JKT64,HPCU4314160,Ht21,"1b","12","2","3","40",GP,,,,,,,,,F,,,,,,,,,,,,,"18-06-2026 21:57",,,,770,"41007",Cy218,,,,
1787,IDJKT,JKT64,TRHU8895940,Ht05,"1b","12","2","4","40",HC,,,,,,,,,E,,,,,,,,,,,,,"18-06-2026 21:58",,,,770,"41007",Cy218,,,,
1788,IDJKT,JKT64,HPCU4315125,Ht14,"1b","12","5","1","40",HC,,,,,,,,,F,,,,,,,,,,,,,"18-06-2026 21:59",,,,770,"41007",Cy218,,,,
1789,IDJKT,JKT64,BMOU6042582,Ht02,"1b","12","5","2","40",HC,,,,,,,,,E,,,,,,,,,,,,,"18-06-2026 22:01",,,,770,"41007",Cy218,,,,
1790,IDJKT,JKT64,MRTU9617610,Ht17,"1b","12","5","3","40",HC,,,,,,,,,E,,,,,,,,,,,,,"18-06-2026 22:02",,,,770,"41007",Cy218,,,,
1792,IDJKT,JKT64,MRTU9666615,Ht20,"1b","12","4","2","40",HC,,,,,,,,,F,,,,,,,,,,,,,"18-06-2026 22:11",,,,770,"41007",Cy218,,,,
1793,IDJKT,JKT64,HPCU4318844,Ht09,"1b","12","4","3","40",HC,,,,,,,,,E,,,,,,,,,,,,,"18-06-2026 22:12",,,,770,"41007",Cy218,,,,
1794,IDJKT,JKT64,SEGU4071439,Mjt02,"1b","12","3","1","40",HC,,,,,,,,,E,,,,,,,,,,,,,"18-06-2026 22:13",,,,770,"41007",Cy218,,,,
1795,IDJKT,JKT64,HPCU4314896,Ht14,"1b","12","4","4","40",HC,,,,,,,,,F,,,,,,,,,,,,,"18-06-2026 22:14",,,,770,"41007",Cy218,,,,
1796,IDJKT,JKT64,TCNU2966637,Ht19,"1b","12","3","2","40",HC,,,,,,,,,E,,,,,,,,,,,,,"18-06-2026 22:20",,,,770,"41007",Cy218,,,,
1797,IDJKT,JKT64,TXGU8955740,Ht01,"1b","20","3","1","40",HC,,,,,,,,,E,,,,,,,,,,,,,"18-06-2026 22:22",,,,770,"41007",Cy218,,,,
1798,IDJKT,JKT64,MRTU9621647,Ht11,"1b","20","3","2","40",HC,,,,,,,,,F,,,,,,,,,,,,,"18-06-2026 22:28",,,,770,"41007",Cy218,,,,
1799,IDJKT,JKT64,MRTU9624456,Ht04,"1b","20","3","3","40",HC,,,,,,,,,E,,,,,,,,,,,,,"18-06-2026 22:30",,,,770,"41007",Cy218,,,,
1800,IDJKT,JKT64,MRTU9628385,Ht20,"1b","20","3","4","40",HC,,,,,,,,,F,,,,,,,,,,,,,"18-06-2026 22:30",,,,770,"41007",Cy218,,,,
1801,IDJKT,JKT64,MRTU2191800,B9691vm,,,,,"20",GP,,,,,,,,,F,,,,,,,,,,,,,"18-06-2026 23:27",,,,770,"41007",Cy218,,,,
1802,IDJKT,JKT74,HPCU2231447,,,,,,"20",GP,,,,,,,,,E,,,,,,,,,,,,,"18-06-2026 20:13",,,,770,"40994","219",,,,
1803,IDJKT,JKT74,MRTU2305246,,,,,,"20",GP,,,,,,,,,E,,,,,,,,,,,,,"18-06-2026 20:14",,,,770,"40994","219",,,,
1804,IDJKT,JKT74,CRXU1288939,,,,,,"20",GP,,,,,,,,,E,,,,,,,,,,,,,"18-06-2026 20:15",,,,770,"40994","219",,,,
1805,IDJKT,JKT74,MRTU2026030,,,,,,"20",GP,,,,,,,,,E,,,,,,,,,,,,,"18-06-2026 20:16",,,,770,"40994","219",,,,
1806,IDJKT,JKT74,MRTU2087123,,,,,,"20",GP,,,,,,,,,E,,,,,,,,,,,,,"18-06-2026 20:16",,,,770,"40994","219",,,,
1808,IDJKT,JKT74,MRTU2170881,,,,,,"20",GP,,,,,,,,,E,,,,,,,,,,,,,"18-06-2026 20:17",,,,770,"40994","219",,,,
1809,IDJKT,JKT74,MRTU2059800,,,,,,"20",GP,,,,,,,,,E,,,,,,,,,,,,,"18-06-2026 20:18",,,,770,"40994","219",,,,
1810,IDJKT,JKT74,MRTU2190804,,,,,,"20",GP,,,,,,,,,E,,,,,,,,,,,,,"18-06-2026 20:18",,,,770,"40994","219",,,,
1811,IDJKT,JKT74,MRTU2250436,,,,,,"20",GP,,,,,,,,,E,,,,,,,,,,,,,"18-06-2026 20:18",,,,770,"40994","219",,,,
1814,IDJKT,JKT74,MRTU2276087,,,,,,"20",GP,,,,,,,,,E,,,,,,,,,,,,,"18-06-2026 20:22",,,,770,"40994","219",,,,
1816,IDJKT,JKT74,MRTU2104529,,,,,,"20",GP,,,,,,,,,E,,,,,,,,,,,,,"18-06-2026 20:41",,,,770,"40994","219",,,,
1818,IDJKT,JKT74,MRTU2104046,,,,,,"20",GP,,,,,,,,,E,,,,,,,,,,,,,"18-06-2026 20:42",,,,770,"40994","219",,,,
1819,IDJKT,JKT74,MRTU2127381,,,,,,"20",GP,,,,,,,,,E,,,,,,,,,,,,,"18-06-2026 20:43",,,,770,"40994","219",,,,
1821,IDJKT,JKT74,MRTU2135978,,,,,,"20",GP,,,,,,,,,E,,,,,,,,,,,,,"18-06-2026 20:45",,,,770,"40994","219",,,,
1822,IDJKT,JKT74,MRTU2023448,,,,,,"20",GP,,,,,,,,,E,,,,,,,,,,,,,"18-06-2026 20:48",,,,770,"40994","219",,,,
1823,IDJKT,JKT74,MRTU2140887,,,,,,"20",GP,,,,,,,,,E,,,,,,,,,,,,,"18-06-2026 20:49",,,,770,"40994","219",,,,
1824,IDJKT,JKT74,MRTU2309072,,,,,,"20",GP,,,,,,,,,E,,,,,,,,,,,,,"18-06-2026 20:49",,,,770,"40994","219",,,,
1826,IDJKT,JKT74,MRTU2028120,,,,,,"20",GP,,,,,,,,,E,,,,,,,,,,,,,"18-06-2026 20:50",,,,770,"40994","219",,,,
1827,IDJKT,JKT74,MRTU2230701,,,,,,"20",GP,,,,,,,,,E,,,,,,,,,,,,,"18-06-2026 20:51",,,,770,"40994","219",,,,
1828,IDJKT,JKT74,MRTU2273724,,,,,,"20",GP,,,,,,,,,E,,,,,,,,,,,,,"18-06-2026 20:53",,,,770,"40994","219",,,,
1829,IDJKT,JKT74,MRTU2108057,,,,,,"20",GP,,,,,,,,,E,,,,,,,,,,,,,"18-06-2026 20:54",,,,770,"40994","219",,,,
1830,IDJKT,JKT74,MRTU2277627,,,,,,"20",GP,,,,,,,,,E,,,,,,,,,,,,,"18-06-2026 21:02",,,,770,"40994","219",,,,
1831,IDJKT,JKT74,MRTU2071298,,,,,,"20",GP,,,,,,,,,E,,,,,,,,,,,,,"18-06-2026 21:03",,,,770,"40994","219",,,,
1832,IDJKT,JKT74,MRTU2013060,,,,,,"20",GP,,,,,,,,,E,,,,,,,,,,,,,"18-06-2026 21:03",,,,770,"40994","219",,,,
1833,IDJKT,JKT74,MRTU2120258,,,,,,"20",GP,,,,,,,,,E,,,,,,,,,,,,,"18-06-2026 21:04",,,,770,"40994","219",,,,
1834,IDJKT,JKT74,MRTU2116005,,,,,,,GP,,,,,,,,,E,,,,,,,,,,,,,"18-06-2026 21:06",,,,770,"40994","219",,,,
1835,IDJKT,JKT74,MRTU2014723,,,,,,"20",GP,,,,,,,,,E,,,,,,,,,,,,,"18-06-2026 21:07",,,,770,"40994","219",,,,
1837,IDJKT,JKT74,MRTU2082034,,,,,,"20",GP,,,,,,,,,E,,,,,,,,,,,,,"18-06-2026 21:30",,,,770,"40994","219",,,,
1838,IDJKT,JKT74,MRTU2169026,,,,,,"20",GP,,,,,,,,,E,,,,,,,,,,,,,"18-06-2026 21:31",,,,770,"40994","219",,,,
1839,IDJKT,JKT74,MRLU2362118,,,,,,"20",GP,,,,,,,,,E,,,,,,,,,,,,,"18-06-2026 21:31",,,,770,"40994","219",,,,
1840,IDJKT,JKT74,MRLU2380810,,,,,,"20",GP,,,,,,,,,E,,,,,,,,,,,,,"18-06-2026 21:32",,,,770,"40994","219",,,,
1841,IDJKT,JKT74,MRLU2377247,,,,,,"20",GP,,,,,,,,,E,,,,,,,,,,,,,"18-06-2026 21:33",,,,770,"40994","219",,,,
1842,IDJKT,JKT74,FCIU2434135,,,,,,"20",GP,,,,,,,,,E,,,,,,,,,,,,,"18-06-2026 21:45",,,,770,"40994","219",,,,
1843,IDJKT,JKT74,MRTU2194395,,,,,,"20",GP,,,,,,,,,E,,,,,,,,,,,,,"18-06-2026 21:45",,,,770,"40994","219",,,,
1844,IDJKT,JKT74,MRTU2229212,,,,,,"20",GP,,,,,,,,,E,,,,,,,,,,,,,"18-06-2026 21:48",,,,770,"40994","219",,,,
1845,IDJKT,JKT74,MRTU2084649,,,,,,"20",GP,,,,,,,,,E,,,,,,,,,,,,,"18-06-2026 21:49",,,,770,"40994","219",,,,
1846,IDJKT,JKT74,MRTU2206182,,,,,,"20",GP,,,,,,,,,E,,,,,,,,,,,,,"18-06-2026 22:00",,,,770,"40994","219",,,,
1847,IDJKT,JKT74,MRTU2266469,,,,,,"20",GP,,,,,,,,,E,,,,,,,,,,,,,"18-06-2026 22:01",,,,770,"40994","219",,,,
1848,IDJKT,JKT74,MRTU2290613,,,,,,"20",GP,,,,,,,,,E,,,,,,,,,,,,,"18-06-2026 22:01",,,,770,"40994","219",,,,
1849,IDJKT,JKT74,MRTU2026811,,,,,,"20",GP,,,,,,,,,E,,,,,,,,,,,,,"18-06-2026 22:02",,,,770,"40994","219",,,,
1850,IDJKT,JKT74,MRTU2180621,,,,,,"20",GP,,,,,,,,,E,,,,,,,,,,,,,"18-06-2026 22:08",,,,770,"40994","219",,,,
1851,IDJKT,JKT74,MRTU2204554,,,,,,"20",GP,,,,,,,,,E,,,,,,,,,,,,,"18-06-2026 22:09",,,,770,"40994","219",,,,
1852,IDJKT,JKT74,MRTU2152147,,,,,,"20",GP,,,,,,,,,E,,,,,,,,,,,,,"18-06-2026 22:10",,,,770,"40994","219",,,,
1856,IDJKT,JKT74,MRTU2066619,,,,,,"20",GP,,,,,,,,,E,,,,,,,,,,,,,"18-06-2026 22:12",,,,770,"40994","219",,,,
1857,IDJKT,JKT74,MRTU2156097,,,,,,"20",GP,,,,,,,,,E,,,,,,,,,,,,,"18-06-2026 22:12",,,,770,"40994","219",,,,
1862,IDJKT,JKT74,MRTU2016074,,,,,,"20",GP,,,,,,,,,E,,,,,,,,,,,,,"18-06-2026 22:16",,,,770,"40994","219",,,,
1864,IDJKT,JKT74,MRTU2080258,,,,,,"20",GP,,,,,,,,,E,,,,,,,,,,,,,"18-06-2026 22:21",,,,770,"40994","219",,,,
1865,IDJKT,JKT74,MRTU2017949,,,,,,"20",GP,,,,,,,,,E,,,,,,,,,,,,,"18-06-2026 22:22",,,,770,"40994","219",,,,
1866,IDJKT,JKT74,CRXU3222545,,,,,,"20",GP,,,,,,,,,E,,,,,,,,,,,,,"18-06-2026 22:24",,,,770,"40994","219",,,,
1867,IDJKT,JKT74,MRLU2358139,,,,,,"20",GP,,,,,,,,,E,,,,,,,,,,,,,"18-06-2026 22:25",,,,770,"40994","219",,,,
1868,IDJKT,JKT74,MRTU2075436,,,,,,"20",GP,,,,,,,,,E,,,,,,,,,,,,,"18-06-2026 22:29",,,,770,"40994","219",,,,
1869,IDJKT,JKT74,MAGU2389998,,,,,,"20",GP,,,,,,,,,E,,,,,,,,,,,,,"18-06-2026 22:29",,,,770,"40994","219",,,,
1870,IDJKT,JKT74,MRTU2146843,,,,,,"20",GP,,,,,,,,,E,,,,,,,,,,,,,"18-06-2026 22:31",,,,770,"40994","219",,,,
1871,IDJKT,JKT74,MRTU2053761,,,,,,"20",GP,,,,,,,,,E,,,,,,,,,,,,,"18-06-2026 22:32",,,,770,"40994","219",,,,
1872,IDJKT,JKT74,MRTU2064149,,,,,,"20",GP,,,,,,,,,E,,,,,,,,,,,,,"18-06-2026 22:51",,,,770,"40994","219",,,,
1873,IDJKT,JKT74,MRTU2191159,,,,,,"20",GP,,,,,,,,,E,,,,,,,,,,,,,"18-06-2026 22:53",,,,770,"40994","219",,,,
1874,IDJKT,JKT74,MRTU2057849,,,,,,"20",GP,,,,,,,,,E,,,,,,,,,,,,,"18-06-2026 23:06",,,,770,"40994","219",,,,
1875,IDJKT,JKT74,MRTU2118395,,,,,,"20",GP,,,,,,,,,E,,,,,,,,,,,,,"18-06-2026 23:07",,,,770,"40994","219",,,,
1876,IDJKT,JKT74,MRTU2033322,,,,,,"20",GP,,,,,,,,,E,,,,,,,,,,,,,"18-06-2026 23:08",,,,770,"40994","219",,,,
1877,IDJKT,JKT74,MRTU2035027,,,,,,,GP,,,,,,,,,E,,,,,,,,,,,,,"18-06-2026 23:09",,,,770,"40994","219",,,,
1878,IDJKT,JKT74,MRLU2385263,,,,,,,GP,,,,,,,,,E,,,,,,,,,,,,,"18-06-2026 23:10",,,,770,"40994","219",,,,
1879,IDJKT,JKT74,CRXU3309368,,,,,,"20",GP,,,,,,,,,E,,,,,,,,,,,,,"18-06-2026 23:10",,,,770,"40994","219",,,,
1880,IDJKT,JKT74,MRTU2115293,,,,,,"20",GP,,,,,,,,,E,,,,,,,,,,,,,"18-06-2026 23:12",,,,770,"40994","219",,,,
1881,IDJKT,JKT74,MRTU2109310,,,,,,"20",GP,,,,,,,,,E,,,,,,,,,,,,,"18-06-2026 23:12",,,,770,"40994","219",,,,
1882,IDJKT,JKT74,MRTU2034653,,,,,,"20",GP,,,,,,,,,E,,,,,,,,,,,,,"18-06-2026 23:13",,,,770,"40994","219",,,,
1883,IDJKT,JKT74,MRTU2103348,,,,,,"20",GP,,,,,,,,,E,,,,,,,,,,,,,"18-06-2026 23:13",,,,770,"40994","219",,,,
1884,IDJKT,JKT74,DNAU2131650,,,,,,"20",GP,,,,,,,,,E,,,,,,,,,,,,,"18-06-2026 23:15",,,,770,"40994","219",,,,
1885,IDJKT,JKT74,MRTU2008783,,,,,,"20",GP,,,,,,,,,E,,,,,,,,,,,,,"18-06-2026 23:16",,,,770,"40994","219",,,,
1886,IDJKT,JKT74,MRTU2274280,,,,,,"20",GP,,,,,,,,,E,,,,,,,,,,,,,"18-06-2026 23:16",,,,770,"40994","219",,,,
1888,IDJKT,JKT74,MRTU2003586,,,,,,"20",EC,,,,,,,,,E,,,,,,,,,,,,,"18-06-2026 23:18",,,,770,"40994","219",,,,
1889,IDJKT,JKT74,MRTU2177058,,,,,,"20",GP,,,,,,,,,E,,,,,,,,,,,,,"18-06-2026 23:19",,,,770,"40994","219",,,,
1890,IDJKT,JKT74,MRLU2344109,,,,,,"20",GP,,,,,,,,,E,,,,,,,,,,,,,"18-06-2026 23:20",,,,770,"40994","219",,,,
1891,IDJKT,JKT74,MRLU2316848,,,,,,"20",EC,,,,,,,,,E,,,,,,,,,,,,,"18-06-2026 23:21",,,,770,"40994","219",,,,
1892,IDJKT,JKT74,MRTU2093194,,,,,,"20",GP,,,,,,,,,E,,,,,,,,,,,,,"18-06-2026 23:24",,,,770,"40994","219",,,,
1893,IDJKT,JKT74,MRTU2072355,,,,,,"20",GP,,,,,,,,,E,,,,,,,,,,,,,"18-06-2026 23:24",,,,770,"40994","219",,,,
1894,IDJKT,JKT74,MRTU2016536,,,,,,,GP,,,,,,,,,E,,,,,,,,,,,,,"18-06-2026 23:37",,,,770,"40994","219",,,,
1895,IDJKT,JKT74,MRTU2008680,,,,,,"20",GP,,,,,,,,,E,,,,,,,,,,,,,"18-06-2026 23:38",,,,770,"40994","219",,,,
1896,IDJKT,JKT74,MRTU2012720,,,,,,"20",GP,,,,,,,,,E,,,,,,,,,,,,,"18-06-2026 23:39",,,,770,"40994","219",,,,
1897,IDJKT,JKT74,MRTU2119745,,,,,,"20",GP,,,,,,,,,E,,,,,,,,,,,,,"18-06-2026 23:40",,,,770,"40994","219",,,,
1898,IDJKT,JKT74,MRTU2142909,,,,,,"20",GP,,,,,,,,,E,,,,,,,,,,,,,"18-06-2026 23:41",,,,770,"40994","219",,,,
1899,IDJKT,JKT74,MRTU2151027,,,,,,"20",GP,,,,,,,,,E,,,,,,,,,,,,,"18-06-2026 23:42",,,,770,"40994","219",,,,
1900,IDJKT,JKT74,MRTU2002872,,,,,,"20",GP,,,,,,,,,E,,,,,,,,,,,,,"18-06-2026 23:45",,,,770,"40994","219",,,,
1901,IDJKT,JKT74,MRTU2003061,,,,,,"20",GP,,,,,,,,,E,,,,,,,,,,,,,"18-06-2026 23:46",,,,770,"40994","219",,,,
1902,IDJKT,JKT74,MRTU2220637,,,,,,"20",GP,,,,,,,,,E,,,,,,,,,,,,,"18-06-2026 23:49",,,,770,"40994","219",,,,
1903,IDJKT,JKT74,MRTU2166813,,,,,,"20",GP,,,,,,,,,E,,,,,,,,,,,,,"18-06-2026 23:50",,,,770,"40994","219",,,,
1904,,JKT64,TRHU8891924,Ht07,"3a","6","4","3","40",HC,,,,,,,,,E,,,,,,,,,,,,,"18-06-2026 22:40",,,,770,"40996","218",,,,
1905,,JKT64,MRTU2104093,Ht09,"3a","7","4","1","20",GP,,,,,,,,,E,,,,,,,,,,,,,"18-06-2026 22:41",,,,770,"40996","218",,,,
1906,,JKT64,MRTU2171580,Ht09,"3a","7","4","2","20",GP,,,,,,,,,E,,,,,,,,,,,,,"18-06-2026 22:43",,,,770,"40996","218",,,,
1907,,JKT64,MRTU2116319,Ht05,"3a","7","4","3","20",GP,,,,,,,,,F,,,,,,,,,,,,,"18-06-2026 22:45",,,,770,"40996","218",,,,
1908,,JKT64,MRTU2282536,Ht05,"3a","7","4","4","20",GP,,,,,,,,,F,,,,,,,,,,,,,"18-06-2026 22:49",,,,770,"40996","218",,,,
1909,,JKT64,MRTU2081526,Ht06,"3a","7","5","1","20",GP,,,,,,,,,E,,,,,,,,,,,,,"18-06-2026 23:04",,,,770,"40996","218",,,,
1910,,JKT64,MRTU2181839,Ht06,"3a","7","5","2","20",GP,,,,,,,,,E,,,,,,,,,,,,,"18-06-2026 23:05",,,,770,"40996","218",,,,
1911,,JKT64,MRTU2318460,Mjt02,"3a","7","5","3","20",GP,,,,,,,,,E,,,,,,,,,,,,,"18-06-2026 23:06",,,,770,"40996","218",,,,
1912,,JKT64,MRTU2264532,Mjt02,"3a","7","5","4","20",GP,,,,,,,,,E,,,,,,,,,,,,,"18-06-2026 23:07",,,,770,"40996","218",,,,
1913,,JKT64,HPCU2931311,Ht19,"3a","7","3","1","20",GP,,,,,,,,,F,,,,,,,,,,,,,"18-06-2026 23:07",,,,770,"40996","218",,,,
1914,,JKT64,HPCU3000186,Ht19,"3a","7","3","2","20",GP,,,,,,,,,F,,,,,,,,,,,,,"18-06-2026 23:08",,,,770,"40996","218",,,,
1915,,JKT64,MRTU2227586,Ht01,"3a","7","3","3","20",GP,,,,,,,,,E,,,,,,,,,,,,,"18-06-2026 23:14",,,,770,"40996","218",,,,
1916,,JKT64,MRTU2128665,Ht01,"3a","7","3","4","20",GP,,,,,,,,,E,,,,,,,,,,,,,"18-06-2026 23:15",,,,770,"40996","218",,,,
1917,,JKT64,SITU2532587,Ht13,"3a","7","1","3","20",GP,,,,,,,,,F,,,,,,,,,,,,,"18-06-2026 23:16",,,,770,"40996","218",,,,
1918,,JKT64,SITU2573122,Ht13,"3a","7","1","4","20",GP,,,,,,,,,F,,,,,,,,,,,,,"18-06-2026 23:17",,,,770,"40996","218",,,,
1919,,JKT64,MRTU2076730,Ht08,"3a","13","2","1","20",GP,,,,,,,,,E,,,,,,,,,,,,,"18-06-2026 23:21",,,,770,"40996","218",,,,
1920,,JKT64,MRTU2102634,Ht08,"3a","13","2","2","20",GP,,,,,,,,,E,,,,,,,,,,,,,"18-06-2026 23:22",,,,770,"40996","218",,,,
1921,,JKT64,DFSU3190628,Ht07,"3a","13","2","3","20",GP,,,,,,,,,F,,,,,,,,,,,,,"18-06-2026 23:23",,,,770,"40996","218",,,,
1922,,JKT64,MRTU2105037,Ht07,"3a","13","2","4","20",GP,,,,,,,,,F,,,,,,,,,,,,,"18-06-2026 23:27",,,,770,"40996","218",,,,
1923,,JKT64,MRTU2253610,Ht06,"3a","13","5","1","20",GP,,,,,,,,,F,,,,,,,,,,,,,"18-06-2026 23:28",,,,770,"40996","218",,,,
1924,,JKT64,MRTU2315373,Ht06,"3a","13","5","2","20",GP,,,,,,,,,F,,,,,,,,,,,,,"18-06-2026 23:29",,,,770,"40996","218",,,,
1925,,JKT64,MRTU2128177,Ht03,"3a","13","5","3","20",GP,,,,,,,,,F,,,,,,,,,,,,,"18-06-2026 23:40",,,,770,"40996","218",,,,
1926,,JKT64,MRTU2197368,Ht03,"3a","13","5","4","20",GP,,,,,,,,,F,,,,,,,,,,,,,"18-06-2026 23:41",,,,770,"40996","218",,,,
1927,,JKT64,MRTU2305591,Ht09,"3a","13","6","1","20",GP,,,,,,,,,F,,,,,,,,,,,,,"18-06-2026 23:43",,,,770,"40996","218",,,,
1928,,JKT64,MRTU2105989,Ht09,"3a","13","6","2","20",GP,,,,,,,,,F,,,,,,,,,,,,,"18-06-2026 23:44",,,,770,"40996","218",,,,
1929,,JKT64,HPCU2228211,Ht02,"3a","13","6","3","20",GP,,,,,,,,,F,,,,,,,,,,,,,"18-06-2026 23:46",,,,770,"40996","218",,,,
1930,,JKT64,DFSU3193801,Ht02,"3a","13","6","4","20",GP,,,,,,,,,F,,,,,,,,,,,,,"18-06-2026 23:48",,,,770,"40996","218",,,,
1931,IDJKT,JKT64,SEGU5209939,Ht16,"3a","40","4","3","40",HC,,,,,,,,,E,,,,,,,,,,,,,"18-06-2026 20:40",,,,770,"41010","218",,,,
1932,IDJKT,JKT64,TCNU6585644,Ht14,"3a","40","4","4","40",HC,,,,,,,,,E,,,,,,,,,,,,,"18-06-2026 20:41",,,,770,"41010","218",,,,
1933,IDJKT,JKT64,CMAU9232450,Ht12,"3a","40","3","5","40",HC,,,,,,,,,E,,,,,,,,,,,,,"18-06-2026 20:43",,,,770,"41010","218",,,,
1934,IDJKT,JKT64,TXGU4074308,Ht21,"3a","30","2","2","40",HC,,,,,,,,,F,,,,,,,,,,,,,"18-06-2026 20:44",,,,770,"41010","218",,,,
1935,IDJKT,JKT64,FCIU7032170,Ht17,"3a","30","6","2","40",HC,,,,,,,,,F,,,,,,,,,,,,,"18-06-2026 20:46",,,,770,"41010","218",,,,
1936,IDJKT,JKT64,HPCU4316564,Ht11,"3a","30","6","3","40",HC,,,,,,,,,F,,,,,,,,,,,,,"18-06-2026 21:03",,,,770,"41010","218",,,,
1937,IDJKT,JKT64,MRTU9627352,Ht22,"3a","30","6","4","40",GP,,,,,,,,,F,,,,,,,,,,,,,"18-06-2026 21:11",,,,770,"41010","218",,,,
1938,IDJKT,JKT64,CLHU8705067,Ht04,"3a","30","2","1","40",HC,,,,,,,,,E,,,,,,,,,,,,,"18-06-2026 21:12",,,,770,"41010","218",,,,
1939,IDJKT,JKT64,TCNU3407865,Ht13,"3a","30","5","1","40",HC,,,,,,,,,E,,,,,,,,,,,,,"18-06-2026 21:32",,,,770,"41010","218",,,,
1940,IDJKT,JKT64,FCIU6092391,Ht17,"3a","29","3","1","20",GP,,,,,,,,,F,,,,,,,,,,,,,"18-06-2026 21:44",,,,770,"41010","218",,,,
1941,IDJKT,JKT64,MRTU2143037,Ht17,"3a","29","3","2","20",GP,,,,,,,,,F,,,,,,,,,,,,,"18-06-2026 21:47",,,,770,"41010","218",,,,
1942,IDJKT,JKT64,MRTU2125584,Ht03,"3a","29","3","3","20",GP,,,,,,,,,E,,,,,,,,,,,,,"18-06-2026 21:48",,,,770,"41010","218",,,,
1943,IDJKT,JKT64,MRTU2145826,Ht03,"3a","29","3","4","20",GP,,,,,,,,,E,,,,,,,,,,,,,"18-06-2026 21:59",,,,770,"41010","218",,,,
1944,IDJKT,JKT64,MRTU2119961,Ht21,"3a","29","2","1","20",GP,,,,,,,,,F,,,,,,,,,,,,,"18-06-2026 22:25",,,,770,"41010","218",,,,
1945,IDJKT,JKT64,FCIU6084288,Ht21,"3a","29","2","2","20",GP,,,,,,,,,E,,,,,,,,,,,,,"18-06-2026 22:26",,,,770,"41010","218",,,,
1946,IDJKT,JKT64,MRTU2147840,Ht06,"3a","29","2","3","20",GP,,,,,,,,,E,,,,,,,,,,,,,"19-06-2026 01:47",,,,770,"41010","218",,,,
1947,IDJKT,JKT64,MRTU2213556,Ht06,"3a","29","2","4","20",GP,,,,,,,,,E,,,,,,,,,,,,,"19-06-2026 01:48",,,,770,"41010","218",,,,
1948,IDJKT,JKT64,MRTU2205020,Ht08,"3a","29","5","1","20",GP,,,,,,,,,E,,,,,,,,,,,,,"19-06-2026 01:49",,,,770,"41010","218",,,,
1949,IDJKT,JKT64,MRTU2071240,Ht08,"3a","29","5","2","20",GP,,,,,,,,,E,,,,,,,,,,,,,"19-06-2026 01:52",,,,770,"41010","218",,,,
1950,IDJKT,JKT64,MRTU2313489,Ht10,"3a","29","4","3","20",GP,,,,,,,,,E,,,,,,,,,,,,,"19-06-2026 01:55",,,,770,"41010","218",,,,
1951,IDJKT,JKT64,MRTU2158850,Ht10,"3a","29","4","4","20",GP,,,,,,,,,F,,,,,,,,,,,,,"19-06-2026 01:56",,,,770,"41010","218",,,,
1952,IDJKT,JKT64,MRTU2059203,Ht07,"3a","38","4","1","20",GP,,,,,,,,,E,,,,,,,,,,,,,"19-06-2026 01:57",,,,770,"41010","218",,,,
1954,IDJKT,JKT64,MRTU2083180,Ht16,"3a","38","4","3","20",GP,,,,,,,,,E,,,,,,,,,,,,,"19-06-2026 03:06",,,,770,"41010","218",,,,
1955,IDJKT,JKT64,FCIU6078897,Ht16,"3a","38","4","4","20",GP,,,,,,,,,F,,,,,,,,,,,,,"19-06-2026 03:07",,,,770,"41010","218",,,,
1956,IDJKT,JKT64,MRTU2135962,Ht02,"3a","38","3","1","20",GP,,,,,,,,,F,,,,,,,,,,,,,"19-06-2026 03:08",,,,770,"41010","218",,,,
1957,IDJKT,JKT64,MRTU2277268,Ht02,"3a","38","3","2","20",GP,,,,,,,,,F,,,,,,,,,,,,,"19-06-2026 03:10",,,,770,"41010","218",,,,
1959,IDJKT,JKT64,GESU3452987,Ht03,"3a","38","3","4","20",GP,,,,,,,,,E,,,,,,,,,,,,,"19-06-2026 03:14",,,,770,"41010","218",,,,
1960,IDJKT,JKT64,CAAU2807520,Ht21,"3a","38","2","1","20",GP,,,,,,,,,F,,,,,,,,,,,,,"19-06-2026 03:15",,,,770,"41010","218",,,,
1961,IDJKT,JKT64,TIIU2599891,Ht21,"3a","38","2","2","20",GP,,,,,,,,,F,,,,,,,,,,,,,"19-06-2026 04:04",,,,770,"41010","218",,,,
1963,IDJKT,JKT64,MRTU2300732,Ht04,"3a","38","2","4","20",GP,,,,,,,,,F,,,,,,,,,,,,,"19-06-2026 04:07",,,,770,"41010","218",,,,
1964,IDJKT,JKT64,MRTU2308461,Ht10,"3a","38","1","3","20",GP,,,,,,,,,E,,,,,,,,,,,,,"19-06-2026 04:08",,,,770,"41010","218",,,,
1965,IDJKT,JKT64,MRTU2068925,Ht10,"3a","38","1","4","20",GP,,,,,,,,,E,,,,,,,,,,,,,"19-06-2026 04:10",,,,770,"41010","218",,,,
1966,IDJKT,JKT74,MRLU4200271,,,,,,"40",GP,,,,,,,,,E,,,,,,,,,,,,,"19-06-2026 02:17",,,,770,"41006","219",,,,
1967,IDJKT,JKT74,MRTU9620872,,,,,,"40",GP,,,,,,,,,E,,,,,,,,,,,,,"19-06-2026 02:17",,,,770,"41006","219",,,,
1968,IDJKT,JKT74,MRTU9629669,,,,,,"40",GP,,,,,,,,,E,,,,,,,,,,,,,"19-06-2026 02:17",,,,770,"41006","219",,,,
1969,IDJKT,JKT74,MRTU2085753,,,,,,"20",GP,,,,,,,,,E,,,,,,,,,,,,,"19-06-2026 02:23",,,,770,"41006","219",,,,
1970,IDJKT,JKT64,MRTU2184674,H19,"2a","10","4","1","20",GP,,,,,,,,,E,,,,,,,,,,,,,"19-06-2026 00:46",,,,770,"41017","218",,,,
1971,IDJKT,JKT64,CEOU2257550,H19,"2a","10","4","2","20",GP,,,,,,,,,E,,,,,,,,,,,,,"19-06-2026 00:47",,,,770,"41017","218",,,,
1972,IDJKT,JKT64,MRTU2196130,H09,"2a","10","4","3","20",GP,,,,,,,,,F,,,,,,,,,,,,,"19-06-2026 00:49",,,,770,"41017","218",,,,
1973,IDJKT,JKT64,MRTU2121470,H09,"2a","10","4","4","20",GP,,,,,,,,,F,,,,,,,,,,,,,"19-06-2026 00:50",,,,770,"41017","218",,,,
1974,IDJKT,JKT64,MRLU2366520,H17,"2a","10","2","1","20",GP,,,,,,,,,E,,,,,,,,,,,,,"19-06-2026 00:51",,,,770,"41017","218",,,,
1975,IDJKT,JKT64,MRTU2116520,H17,"2a","10","2","2","20",GP,,,,,,,,,F,,,,,,,,,,,,,"19-06-2026 00:52",,,,770,"41017","218",,,,
1976,IDJKT,JKT64,MRTU2209140,H02,"2a","10","2","5","20",GP,,,,,,,,,F,,,,,,,,,,,,,"19-06-2026 00:54",,,,770,"41017","218",,,,
1977,IDJKT,JKT64,MRTU2246040,H02,"2a","10","4","5","20",GP,,,,,,,,,F,,,,,,,,,,,,,"19-06-2026 00:55",,,,770,"41017","218",,,,
1978,IDJKT,JKT64,MRTU2072252,H08,"2a","9","6","1","20",GP,,,,,,,,,E,,,,,,,,,,,,,"19-06-2026 00:56",,,,770,"41017","218",,,,
1979,IDJKT,JKT64,MRTU2045827,H08,"2a","9","6","2","20",GP,,,,,,,,,E,,,,,,,,,,,,,"19-06-2026 00:57",,,,770,"41017","218",,,,
1980,IDJKT,JKT64,MRTU2110239,HMJT,"2a","9","6","3","20",GP,,,,,,,,,F,,,,,,,,,,,,,"19-06-2026 00:58",,,,770,"41017","218",,,,
1981,IDJKT,JKT64,CRXU3226582,Hmjt,"2a","9","4","4","20",GP,,,,,,,,,E,,,,,,,,,,,,,"19-06-2026 00:59",,,,770,"41017","218",,,,
1982,IDJKT,JKT64,MRLU2375183,H07,"2a","9","5","1","20",GP,,,,,,,,,E,,,,,,,,,,,,,"19-06-2026 01:00",,,,770,"41017","218",,,,
1983,IDJKT,JKT64,MRTU2127144,H07,"2a","9","5","2","20",GP,,,,,,,,,E,,,,,,,,,,,,,"19-06-2026 01:01",,,,770,"41017","218",,,,
1984,IDJKT,JKT64,GESU3454716,H22,"1a","6","2","1","20",GP,,,,,,,,,E,,,,,,,,,,,,,"19-06-2026 01:29",,,,770,"41017","218",,,,
1985,IDJKT,JKT64,MRTU2109393,H22,"1a","6","2","2","20",GP,,,,,,,,,E,,,,,,,,,,,,,"19-06-2026 01:30",,,,770,"41017","218",,,,
1986,IDJKT,JKT64,MRLU2375558,H17,"2a","6","4","1","20",GP,,,,,,,,,E,,,,,,,,,,,,,"19-06-2026 03:43",,,,770,"41017","218",,,,
1987,IDJKT,JKT64,MRTU2116936,H17,"2a","6","4","2","20",GP,,,,,,,,,E,,,,,,,,,,,,,"19-06-2026 03:44",,,,770,"41017","218",,,,
1988,IDJKT,JKT64,MRTU2207949,H21,"2a","6","4","4","20",GP,,,,,,,,,E,,,,,,,,,,,,,"19-06-2026 04:58",,,,770,"41017","218",,,,
1989,IDJKT,JKT64,MRTU2023155,H14,"2a","6","5","1","20",GP,,,,,,,,,E,,,,,,,,,,,,,"19-06-2026 05:01",,,,770,"41017","218",,,,
1990,IDJKT,JKT64,MRLU2372965,H14,"2a","6","5","2","20",GP,,,,,,,,,E,,,,,,,,,,,,,"19-06-2026 05:02",,,,770,"41017","218",,,,
1991,IDJKT,JKT64,MRTU2162823,H14,"2a","2","4","1","20",GP,,,,,,,,,E,,,,,,,,,,,,,"19-06-2026 05:38",,,,770,"41017","218",,,,
1992,IDJKT,JKT64,MRTU2138998,H14,"2a","2","4","2","20",GP,,,,,,,,,E,,,,,,,,,,,,,"19-06-2026 05:39",,,,770,"41017","218",,,,
1993,IDJKT,JKT64,MRTU2219404,H15,"2a","2","4","3","20",GP,,,,,,,,,E,,,,,,,,,,,,,"19-06-2026 05:40",,,,770,"41017","218",,,,
1994,IDJKT,JKT64,MRTU2203711,H15,"2a","2","4","3","20",GP,,,,,,,,,E,,,,,,,,,,,,,"19-06-2026 05:41",,,,770,"41017","218",,,,
1995,IDJKT,JKT64,RXTU2055340,Ht15,"3a","24","5","1","20",GP,,,,,,,,,F,,,,,,,,,,,,,"19-06-2026 00:10",,,,770,"41012","218",,,,
1996,IDJKT,JKT64,MRTU2017091,Ht25,"3a","24","5","2","20",GP,,,,,,,,,E,,,,,,,,,,,,,"19-06-2026 00:25",,,,770,"41012","218",,,,
1997,IDJKT,JKT64,MRTU2182347,Ht04,"3a","15","5","3","20",GP,,,,,,,,,F,,,,,,,,,,,,,"19-06-2026 00:26",,,,770,"41012","218",,,,
1998,IDJKT,JKT64,MRTU2190980,Ht04,"3a","15","5","4","20",GP,,,,,,,,,F,,,,,,,,,,,,,"19-06-2026 00:28",,,,770,"41012","218",,,,
1999,IDJKT,JKT64,MRTU2026468,Ht23,"3a","15","2","1","20",GP,,,,,,,,,E,,,,,,,,,,,,,"19-06-2026 05:05",,,,770,"41012","218",,,,
2000,IDJKT,JKT64,MRTU2036255,Ht24,"3a","15","2","2","20",GP,,,,,,,,,E,,,,,,,,,,,,,"19-06-2026 05:06",,,,770,"41012","218",,,,
2001,IDJKT,JKT64,MRTU2169073,Ht24,"3a","15","2","3","20",GP,,,,,,,,,E,,,,,,,,,,,,,"19-06-2026 05:08",,,,770,"41012","218",,,,
2002,IDJKT,JKT64,MRTU2158654,Ht15,"3a","3","2","1","20",GP,,,,,,,,,F,,,,,,,,,,,,,"19-06-2026 07:41",,,,770,"41012","218",,,,
2003,IDJKT,JKT64,MRTU2210351,Ht15,"3a","4","2","2","20",GP,,,,,,,,,F,,,,,,,,,,,,,"19-06-2026 07:43",,,,770,"41012","218",,,,
2004,IDJKT,JKT64,MRLU2342929,Ht21,"3a","42","6","1","20",GP,,,,,,,,,F,,,,,,,,,,,,,"19-06-2026 00:15",,,,770,"41018","218",,,,
2005,IDJKT,JKT64,UESU2458201,Ht21,"3a","42","6","2","20",GP,,,,,,,,,E,,,,,,,,,,,,,"19-06-2026 00:15",,,,770,"41018","218",,,,
2006,IDJKT,JKT64,SCZU7126543,Ht05,"3a","42","6","3","20",GP,,,,,,,,,E,,,,,,,,,,,,,"19-06-2026 00:16",,,,770,"41018","218",,,,
2007,IDJKT,JKT64,MRTU2192480,Ht05,"3a","42","6","4","20",GP,,,,,,,,,E,,,,,,,,,,,,,"19-06-2026 00:17",,,,770,"41018","218",,,,
2008,IDJKT,JKT64,MRTU2142088,Ht03,"3a","42","5","1","20",GP,,,,,,,,,E,,,,,,,,,,,,,"19-06-2026 00:25",,,,770,"41018","218",,,,
2009,IDJKT,JKT64,MRTU2133492,Ht03,"3a","42","5","2","20",GP,,,,,,,,,F,,,,,,,,,,,,,"19-06-2026 00:25",,,,770,"41018","218",,,,
2010,IDJKT,JKT64,SEGU4087076,Ht01,"3a","44","2","1","40",HC,,,,,,,,,E,,,,,,,,,,,,,"19-06-2026 00:28",,,,770,"41018","218",,,,
2015,IDJKT,JKT64,MRTU2138597,Ht10,"3a","28","2","3","20",GP,,,,,,,,,E,,,,,,,,,,,,,"19-06-2026 00:53",,,,770,"41018","218",,,,
2016,IDJKT,JKT64,MRTU2152574,Ht10,"3a","28","3","3","20",GP,,,,,,,,,E,,,,,,,,,,,,,"19-06-2026 00:54",,,,770,"41018","218",,,,
2017,IDJKT,JKT64,MRLU2375840,Ht06,"3a","28","4","3","20",GP,,,,,,,,,E,,,,,,,,,,,,,"19-06-2026 00:57",,,,770,"41018","218",,,,
2019,IDJKT,JKT64,MRTU2112761,Ht09,"3a","42","5","3","20",GP,,,,,,,,,E,,,,,,,,,,,,,"19-06-2026 01:01",,,,770,"41018","218",,,,
2020,IDJKT,JKT64,SEGU3955841,Ht09,"3a","42","5","4","20",GP,,,,,,,,,E,,,,,,,,,,,,,"19-06-2026 01:07",,,,770,"41018","218",,,,
2021,IDJKT,JKT64,MRTU2074234,Ht08,"3a","42","4","3","20",GP,,,,,,,,,E,,,,,,,,,,,,,"19-06-2026 01:13",,,,770,"41018","218",,,,
2022,IDJKT,JKT64,MRTU2285788,Ht08,"3a","42","4","4","20",GP,,,,,,,,,E,,,,,,,,,,,,,"19-06-2026 01:14",,,,770,"41018","218",,,,
2023,IDJKT,JKT64,MRTU2016747,Ht07,"3a","42","3","1","20",GP,,,,,,,,,E,,,,,,,,,,,,,"19-06-2026 01:16",,,,770,"41018","218",,,,
2024,IDJKT,JKT64,MRTU2229892,Ht07,"3a","42","3","2","20",GP,,,,,,,,,E,,,,,,,,,,,,,"19-06-2026 01:17",,,,770,"41018","218",,,,
2025,IDJKT,JKT64,MRTU2039233,Ht01,"3a","42","3","3","20",GP,,,,,,,,,E,,,,,,,,,,,,,"19-06-2026 01:18",,,,770,"41018","218",,,,
2026,IDJKT,JKT64,MRLU2367383,Ht06,"3a","42","3","1","20",GP,,,,,,,,,E,,,,,,,,,,,,,"19-06-2026 04:13",,,,770,"41018","218",,,,
2027,IDJKT,JKT64,MRLU2369621,Ht06,"3a","38","2","2","20",GP,,,,,,,,,E,,,,,,,,,,,,,"19-06-2026 04:15",,,,770,"41018","218",,,,
2028,IDJKT,JKT64,MRTU2077233,Ht21,"3a","41","5","2","20",GP,,,,,,,,,E,,,,,,,,,,,,,"19-06-2026 06:57",,,,770,"41018","218",,,,
2029,IDJKT,JKT64,MRTU2148091,Ht21,"3a","41","5","3","20",GP,,,,,,,,,E,,,,,,,,,,,,,"19-06-2026 06:58",,,,770,"41018","218",,,,
2030,IDJKT,JKT64,MRLU2377550,Ht18,"3a","41","5","4","20",GP,,,,,,,,,E,,,,,,,,,,,,,"19-06-2026 06:59",,,,770,"41018","218",,,,
2031,IDJKT,JKT64,MRTU2072972,Ht18,"3a","41","5","5","20",GP,,,,,,,,,E,,,,,,,,,,,,,"19-06-2026 07:00",,,,770,"41018","218",,,,
2032,IDJKT,JKT64,MRTU2093867,Ht17,"3a","41","6","2","20",GP,,,,,,,,,E,,,,,,,,,,,,,"19-06-2026 07:03",,,,770,"41018","218",,,,
2033,IDJKT,JKT64,MRTU2177211,Ht17,"3a","41","6","3","20",GP,,,,,,,,,E,,,,,,,,,,,,,"19-06-2026 07:04",,,,770,"41018","218",,,,
2034,IDJKT,JKT64,MRTU2032970,Ht16,"3a","38","5","5","20",GP,,,,,,,,,E,,,,,,,,,,,,,"19-06-2026 07:06",,,,770,"41018","218",,,,
2035,IDJKT,JKT64,SEGU3957470,Ht16,"3a","38","6","5","20",GP,,,,,,,,,E,,,,,,,,,,,,,"19-06-2026 07:07",,,,770,"41018","218",,,,
2036,IDJKT,JKT64,MRTU2134415,Ht30,"1b","7","6","1","20",GP,,,,,,,,,E,,,,,,,,,,,,,"19-06-2026 01:37",,,,770,"41019",Cy218,,,,
2037,IDJKT,JKT64,MRTU2099720,Ht30,"1b","7","6","2","20",GP,,,,,,,,,E,,,,,,,,,,,,,"19-06-2026 01:38",,,,770,"41019",Cy218,,,,
2038,IDJKT,JKT64,MRTU2052087,Ht27,"1b","7","6","3","20",GP,,,,,,,,,E,,,,,,,,,,,,,"19-06-2026 01:39",,,,770,"41019",Cy218,,,,
2039,IDJKT,JKT64,MRTU2114770,Ht27,"1b","7","6","4","20",GP,,,,,,,,,E,,,,,,,,,,,,,"19-06-2026 01:40",,,,770,"41019",Cy218,,,,
2040,IDJKT,JKT64,MRTU2265626,Ht29,"1b","7","5","1","20",GP,,,,,,,,,E,,,,,,,,,,,,,"19-06-2026 01:41",,,,770,"41019",Cy218,,,,
2041,IDJKT,JKT64,MRTU2111003,Ht29,"1b","7","5","2","20",GP,,,,,,,,,E,,,,,,,,,,,,,"19-06-2026 01:42",,,,770,"41019",Cy218,,,,
2042,IDJKT,JKT64,MRTU9624353,Ht06,"1b","20","1","2","40",HC,,,,,,,,,E,,,,,,,,,,,,,"19-06-2026 01:45",,,,770,"41019",Cy218,,,,
2043,IDJKT,JKT64,MRTU2012309,Ht23,"1b","19","6","1","20",GP,,,,,,,,,E,,,,,,,,,,,,,"19-06-2026 02:40",,,,770,"41019",Cy218,,,,
2044,IDJKT,JKT64,MRTU2235452,Ht23,"1b","19","6","2","20",GP,,,,,,,,,E,,,,,,,,,,,,,"19-06-2026 02:41",,,,770,"41019",Cy218,,,,
2045,IDJKT,JKT64,MRTU2275558,Ht28,"1b","19","6","3","20",GP,,,,,,,,,E,,,,,,,,,,,,,"19-06-2026 02:42",,,,770,"41019",Cy218,,,,
2046,IDJKT,JKT64,MRTU2190337,Ht28,"1b","19","6","4","20",GP,,,,,,,,,E,,,,,,,,,,,,,"19-06-2026 02:42",,,,770,"41019",Cy218,,,,
2047,IDJKT,JKT64,MRTU2177130,Ht22,"1b","18","6","1","20",GP,,,,,,,,,E,,,,,,,,,,,,,"19-06-2026 02:44",,,,770,"41019",Cy218,,,,
2048,IDJKT,JKT64,MRLU2388787,Ht22,"1b","18","6","2","20",GP,,,,,,,,,E,,,,,,,,,,,,,"19-06-2026 02:44",,,,770,"41019",Cy218,,,,
2049,IDJKT,JKT64,MRLU2374150,Ht25,"1b","18","6","3","20",GP,,,,,,,,,E,,,,,,,,,,,,,"19-06-2026 02:47",,,,770,"41019",Cy218,,,,
2050,IDJKT,JKT64,MRTU2277340,Ht25,"1b","18","6","4","20",GP,,,,,,,,,E,,,,,,,,,,,,,"19-06-2026 02:47",,,,770,"41019",Cy218,,,,
2051,IDJKT,JKT64,MRTU2270514,Ht07,"1b","18","5","1","20",GP,,,,,,,,,E,,,,,,,,,,,,,"19-06-2026 02:49",,,,770,"41019",Cy218,,,,
2052,IDJKT,JKT64,MRTU2276127,Ht07,"1b","18","5","2","20",GP,,,,,,,,,E,,,,,,,,,,,,,"19-06-2026 02:49",,,,770,"41019",Cy218,,,,
2053,IDJKT,JKT64,MRTU2222917,Ht26,"1b","18","5","3","20",GP,,,,,,,,,E,,,,,,,,,,,,,"19-06-2026 02:51",,,,770,"41019",Cy218,,,,
2054,IDJKT,JKT64,MRTU2189634,Ht26,"1b","18","5","4","20",GP,,,,,,,,,E,,,,,,,,,,,,,"19-06-2026 02:52",,,,770,"41019",Cy218,,,,
2055,IDJKT,JKT64,MRTU2045787,Ht14,"1b","18","4","1","20",GP,,,,,,,,,E,,,,,,,,,,,,,"19-06-2026 03:24",,,,770,"41019",Cy218,,,,
2056,IDJKT,JKT64,MRTU2267486,Ht14,"1b","18","4","2","20",GP,,,,,,,,,E,,,,,,,,,,,,,"19-06-2026 03:25",,,,770,"41019",Cy218,,,,
2057,IDJKT,JKT64,MRTU2088156,Ht30,"1b","18","4","3","20",GP,,,,,,,,,E,,,,,,,,,,,,,"19-06-2026 03:25",,,,770,"41019",Cy218,,,,
2058,IDJKT,JKT64,MRTU2153077,Ht30,"1b","18","4","4",,GP,,,,,,,,,E,,,,,,,,,,,,,"19-06-2026 03:26",,,,770,"41019",Cy218,,,,
2059,IDJKT,JKT64,MRTU2084464,Ht27,"1b","18","3","1","20",GP,,,,,,,,,E,,,,,,,,,,,,,"19-06-2026 03:27",,,,770,"41019",Cy218,,,,
2060,IDJKT,JKT64,MRTU2004221,Ht27,"1b","18","3","2","20",GP,,,,,,,,,E,,,,,,,,,,,,,"19-06-2026 03:28",,,,770,"41019",Cy218,,,,
2061,IDJKT,JKT64,MRTU2230846,Ht19,"1b","7","5","3","20",GP,,,,,,,,,E,,,,,,,,,,,,,"19-06-2026 03:32",,,,770,"41019",Cy218,,,,
2062,IDJKT,JKT64,MRTU2307716,Ht19,"1b","7","5","4","20",GP,,,,,,,,,E,,,,,,,,,,,,,"19-06-2026 03:33",,,,770,"41019",Cy218,,,,
2063,IDJKT,JKT64,MRTU2017614,Ht18,"1b","7","6","5","20",GP,,,,,,,,,E,,,,,,,,,,,,,"19-06-2026 03:33",,,,770,"41019",Cy218,,,,
2064,IDJKT,JKT64,MRTU2072524,Ht18,"1b","7","5","5","20",GP,,,,,,,,,E,,,,,,,,,,,,,"19-06-2026 03:34",,,,770,"41019",Cy218,,,,
2065,IDJKT,JKT64,MRTU6204254,L9711um,"1b","1","4","1","20",RF,,,,,,,,,F,,,,,,,,,,,,,"19-06-2026 03:38",,,,770,"41019",Cy218,,,,
2066,IDJKT,JKT64,MRTU2137266,Ht19,"1b","7","4","1","20",GP,,,,,,,,,E,,,,,,,,,,,,,"19-06-2026 05:45",,,,770,"41019",Cy218,,,,
2067,IDJKT,JKT64,MRTU2290320,Ht19,"1b","7","4","2","20",GP,,,,,,,,,E,,,,,,,,,,,,,"19-06-2026 05:46",,,,770,"41019",Cy218,,,,
2068,IDJKT,JKT64,MRTU2304023,Ht13,"1b","14","6","1","20",GP,,,,,,,,,E,,,,,,,,,,,,,"19-06-2026 05:46",,,,770,"41019",Cy218,,,,
2069,IDJKT,JKT64,CRSU1135877,Ht13,"1b","14","6","2","20",GP,,,,,,,,,E,,,,,,,,,,,,,"19-06-2026 05:47",,,,770,"41019",Cy218,,,,
2070,IDJKT,JKT64,MRTU2058784,Ht20,"1b","14","6","3","20",GP,,,,,,,,,E,,,,,,,,,,,,,"19-06-2026 05:48",,,,770,"41019",Cy218,,,,
2071,IDJKT,JKT64,MRLU2359449,Ht20,"1b","14","6","4","20",GP,,,,,,,,,E,,,,,,,,,,,,,"19-06-2026 05:49",,,,770,"41019",Cy218,,,,
2072,IDJKT,JKT64,MRTU6202117,L8857ude,"1b","1","4","2","20",RF,,,,,,,,,F,,,,,,,,,,,,,"19-06-2026 05:50",,,,770,"41019",Cy218,,,,
2073,IDJKT,JKT64,MRTU2054979,Ht11,"1b","9","6","1","20",GP,,,,,,,,,E,,,,,,,,,,,,,"19-06-2026 06:01",,,,770,"41019",Cy218,,,,
2074,IDJKT,JKT64,MRTU2072057,Ht11,"1b","9","6","2","20",GP,,,,,,,,,E,,,,,,,,,,,,,"19-06-2026 06:01",,,,770,"41019",Cy218,,,,
2075,IDJKT,JKT64,TCKU3474283,Ht20,"1b","10","6","1","20",GP,,,,,,,,,F,,,,,,,,,,,,,"19-06-2026 12:16",,,,770,"41100","218",,,,
2076,IDJKT,JKT64,BSIU3089679,Ht20,"1b","10","6","2","20",GP,,,,,,,,,F,,,,,,,,,,,,,"19-06-2026 12:17",,,,770,"41100","218",,,,
2077,IDJKT,JKT64,MRTU6202441,L9496um,"1b","2","5","1","20",GP,,,,,,,,,F,,,,,,,,,,,,,"19-06-2026 12:30",,,,770,"41100","218",,,,
2078,IDJKT,JKT64,MRTU6202668,L9482um,"1b","2","5","2","20",GP,,,,,,,,,F,,,,,,,,,,,,,"19-06-2026 12:31",,,,770,"41100","218",,,,
2079,IDJKT,JKT64,TRHU1729320,Ht16,"1b","10","6","3","20",GP,,,,,,,,,F,,,,,,,,,,,,,"19-06-2026 12:37",,,,770,"41100","218",,,,
2080,IDJKT,JKT64,GLDU9672990,Ht16,"1b","10","6","4","20",GP,,,,,,,,,F,,,,,,,,,,,,,"19-06-2026 12:38",,,,770,"41100","218",,,,
2081,IDJKT,JKT64,TCLU7214717,Ht14,"1b","10","6","5","20",GP,,,,,,,,,F,,,,,,,,,,,,,"19-06-2026 12:39",,,,770,"41100","218",,,,
2082,IDJKT,JKT64,TLLU3057691,Ht14,"1b","10","5","1","20",GP,,,,,,,,,F,,,,,,,,,,,,,"19-06-2026 12:40",,,,770,"41100","218",,,,
2083,IDJKT,JKT64,MRTU2131756,Ht18,"3a","23","6","1","20",GP,,,,,,,,,E,,,,,,,,,,,,,"19-06-2026 09:53",,,,770,"41092","218",,,,
2084,IDJKT,JKT64,MRTU2188643,"18","3a","23","6","2","20",GP,,,,,,,,,F,,,,,,,,,,,,,"19-06-2026 09:55",,,,770,"41092","218",,,,
2085,IDJKT,JKT64,TIIU2463647,Ht17,"3a","23","6","3","20",GP,,,,,,,,,F,,,,,,,,,,,,,"19-06-2026 09:56",,,,770,"41092","218",,,,
2086,IDJKT,JKT64,CSGU2418011,Ht17,"3a","23","6","4","20",GP,,,,,,,,,F,,,,,,,,,,,,,"19-06-2026 09:57",,,,770,"41092","218",,,,
2087,IDJKT,JKT64,TLLU3161448,Ht11,"3a","27","4","2","20",GP,,,,,,,,,F,,,,,,,,,,,,,"19-06-2026 12:25",,,,770,"41092","218",,,,
2088,IDJKT,JKT64,TEMU4600821,Ht11,"3a","27","4","3","20",GP,,,,,,,,,F,,,,,,,,,,,,,"19-06-2026 12:26",,,,770,"41092","218",,,,
2089,IDJKT,JKT64,MRTU9632235,Ht10,"3a","30","2","3","40",HC,,,,,,,,,F,,,,,,,,,,,,,"25-06-2026 22:29",,,,770,"41929","218",2026-06-26 14:31:00.833,,,
2090,IDJKT,JKT74,MRTU2059348,,,,,,"20",GP,,,,,,,,,E,,,,,,,,,,,,,"26-06-2026 03:02",,,,770,"41930","219",2026-06-26 14:31:02.135,,,
2091,IDJKT,JKT64,MRTU6201070,L8857ude,"1b","1","3","2","20",GP,,,,,,,,,F,,,,,,,,,,,,,"26-06-2026 07:15",,,,770,"41933","218",2026-06-26 14:31:04.280,,,
2092,IDJKT,JKT64,MERU2221947,,"218",,,,"20",,,,,,,,,,F,,,,,,,,,,,,,"2026-06-18 19:05",,,,817,"102","214",2026-06-30 09:23:07.079,,,
2093,IDJKT,JKT64,HPEU2225296,,"218",,,,"20",,,,,,,,,,F,,,,,,,,,,,,,"2026-06-18 19:06",,,,817,"102","214",2026-06-30 09:23:07.079,,,
2094,IDJKT,JKT64,MRM2305518,,"218",,,,"20",,,,,,,,,,F,,,,,,,,,,,,,"2026-06-18 19:10",,,,817,"102","214",2026-06-30 09:23:07.079,,,
2095,IDJKT,JKT64,MRR2289452,,"218",,,,"20",,,,,,,,,,F,,,,,,,,,,,,,"2026-06-18 19:12",,,,817,"102","214",2026-06-30 09:23:07.079,,,
2096,IDJKT,JKT64,MERI2250566,,"218",,,,"20",,,,,,,,,,F,,,,,,,,,,,,,"2026-06-18 19:14",,,,817,"102","214",2026-06-30 09:23:07.079,,,
2097,IDJKT,JKT64,MUNM2001974,,"218",,,,"20",,,,,,,,,,E,,,,,,,,,,,,,"2026-06-18 19:16",,,,817,"102","214",2026-06-30 09:23:07.079,,,
2098,IDJKT,JKT64,MAM2001618,,"219",,,,"20",,,,,,,,,,E,,,,,,,,,,,,,"2026-06-18 19:18",,,,817,"102","214",2026-06-30 09:23:07.079,,,
2099,IDJKT,JKT64,MERI217907,,"219",,,,"20",,,,,,,,,,E,,,,,,,,,,,,,"2026-06-18 19:20",,,,817,"102","214",2026-06-30 09:23:07.079,,,
2100,IDJKT,JKT64,MRRM2099227,,"218",,,,"20",,,,,,,,,,F,,,,,,,,,,,,,"2026-06-18 19:22",,,,817,"102","214",2026-06-30 09:23:07.079,,,
2101,IDJKT,JKT64,MAR2215707,,"219",,,,"20",,,,,,,,,,F,,,,,,,,,,,,,"2026-06-18 19:24",,,,817,"102","214",2026-06-30 09:23:07.079,,,
2102,IDJKT,JKT64,MRIU2366263,,"219",,,,"20",,,,,,,,,,E,,,,,,,,,,,,,"2026-06-18 19:25",,,,817,"102","214",2026-06-30 09:23:07.079,,,
2103,IDJKT,JKT64,MRI2290640,,"219",,,,"20",,,,,,,,,,E,,,,,,,,,,,,,"2026-06-18 19:26",,,,817,"102","214",2026-06-30 09:23:07.079,,,
2104,IDJKT,JKT64,MRTM2104827,,"218",,,,"20",,,,,,,,,,F,,,,,,,,,,,,,"2026-06-18 19:28",,,,817,"102","214",2026-06-30 09:23:07.079,,,
2105,IDJKT,JKT64,MRRU208445,,"215",,,,"20",,,,,,,,,,F,,,,,,,,,,,,,"2026-06-18 19:30",,,,817,"102","214",2026-06-30 09:23:07.079,,,
2106,IDJKT,JKT64,MM2218666,,"215",,,,"20",,,,,,,,,,F,,,,,,,,,,,,,"2026-06-18 19:32",,,,817,"102","214",2026-06-30 09:23:07.079,,,
2107,IDJKT,JKT64,MERU228500,,"219",,,,"20",,,,,,,,,,F,,,,,,,,,,,,,"2026-06-18 19:34",,,,817,"102","214",2026-06-30 09:23:07.079,,,
2108,IDJKT,JKT64,MERU2268857,,"219",,,,"20",,,,,,,,,,E,,,,,,,,,,,,,"2026-06-18 19:36",,,,817,"102","214",2026-06-30 09:23:07.079,,,
2109,IDJKT,JKT64,MR2230110,,"218",,,,"20",,,,,,,,,,F,,,,,,,,,,,,,"2026-06-18 19:38",,,,817,"102","214",2026-06-30 09:23:07.079,,,
2110,IDJKT,JKT64,MERU2248418,,"218",,,,"20",,,,,,,,,,F,,,,,,,,,,,,,"2026-06-18 19:40",,,,817,"102","214",2026-06-30 09:23:07.079,,,
2111,IDJKT,JKT64,MRTU2260706,,"218",,,,"20",,,,,,,,,,F,,,,,,,,,,,,,"2026-06-18 19:42",,,,817,"102","214",2026-06-30 09:23:07.079,,,
2112,IDJKT,JKT64,FAM6090450,,"219",,,,"20",,,,,,,,,,F,,,,,,,,,,,,,"2026-06-18 19:54",,,,817,"102","214",2026-06-30 09:23:07.079,,,
2113,IDJKT,JKT64,"2310140",,"219",,,,"20",,,,,,,,,,F,,,,,,,,,,,,,"2026-06-18 19:56",,,,817,"102","214",2026-06-30 09:23:07.079,,,
2114,IDJKT,JKT64,MRZU2221926,,"219",,,,"20",,,,,,,,,,E,,,,,,,,,,,,,"2026-06-18 20:00",,,,817,"105","208",2026-06-30 09:23:08.147,,,
2115,IDJKT,JKT64,DFSU3191732,,"219",,,,"20",,,,,,,,,,E,,,,,,,,,,,,,"2026-06-18 20:02",,,,817,"105","208",2026-06-30 09:23:08.147,,,
2116,IDJKT,JKT64,MRZU2133661,,"219",,,,"20",,,,,,,,,,E,,,,,,,,,,,,,"2026-06-18 20:04",,,,817,"105","208",2026-06-30 09:23:08.147,,,
2117,IDJKT,JKT64,"2139680",,"219",,,,"20",,,,,,,,,,E,,,,,,,,,,,,,"2026-06-18 20:06",,,,817,"105","208",2026-06-30 09:23:08.147,,,
2118,IDJKT,JKT64,"2276087",,"219",,,,"20",,,,,,,,,,E,,,,,,,,,,,,,"2026-06-18 20:08",,,,817,"105","208",2026-06-30 09:23:08.147,,,
2119,IDJKT,JKT64,HPCU2226610,,"219",,,,"20",,,,,,,,,,E,,,,,,,,,,,,,"2026-06-18 20:10",,,,817,"105","208",2026-06-30 09:23:08.147,,,
2120,IDJKT,JKT64,ELMU1364209,,"218",,,,"40",,,,,,,,,,E,,,,,,,,,,,,,"2026-06-18 20:20",,,,817,"105","208",2026-06-30 09:23:08.147,,,
2121,IDJKT,JKT64,"1364214",,"218",,,,"40",,,,,,,,,,E,,,,,,,,,,,,,"2026-06-18 20:25",,,,817,"105","208",2026-06-30 09:23:08.147,,,
2122,IDJKT,JKT64,TRHU8895940,,"218",,,,"40",,,,,,,,,,E,,,,,,,,,,,,,"2026-06-18 20:30",,,,817,"105","208",2026-06-30 09:23:08.147,,,
2123,IDJKT,JKT64,MRW9649520,,"219",,,,"40",,,,,,,,,,E,,,,,,,,,,,,,"2026-06-18 20:32",,,,817,"105","208",2026-06-30 09:23:08.147,,,
2124,IDJKT,JKT64,BMOU6042582,,"218",,,,"40",,,,,,,,,,E,,,,,,,,,,,,,"2026-06-18 20:34",,,,817,"105","208",2026-06-30 09:23:08.147,,,
2125,IDJKT,JKT64,MPLU0629611,,"219",,,,"40",,,,,,,,,,E,,,,,,,,,,,,,"2026-06-18 20:40",,,,817,"105","208",2026-06-30 09:23:08.147,,,
2126,IDJKT,JKT64,CHU6705067,,"219",,,,"40",,,,,,,,,,E,,,,,,,,,,,,,"2026-06-18 20:45",,,,817,"105","208",2026-06-30 09:23:08.147,,,
2127,IDJKT,JKT64,TRHU8891924,,"218",,,,"40",,,,,,,,,,E,,,,,,,,,,,,,"2026-06-18 20:48",,,,817,"105","208",2026-06-30 09:23:08.147,,,
2128,IDJKT,JKT64,MRZU2040036,,"219",,,,"20",,,,,,,,,,E,,,,,,,,,,,,,"2026-06-18 20:50",,,,817,"105","208",2026-06-30 09:23:08.147,,,
2129,IDJKT,JKT64,"2082034",,"219",,,,"20",,,,,,,,,,E,,,,,,,,,,,,,"2026-06-18 20:52",,,,817,"105","208",2026-06-30 09:23:08.147,,,
2130,IDJKT,JKT64,"2221700",,"218",,,,"20",,,,,,,,,,E,,,,,,,,,,,,,"2026-06-18 21:00",,,,817,"105","208",2026-06-30 09:23:08.147,,,
2131,IDJKT,JKT64,"2128396",,"219",,,,"20",,,,,,,,,,E,,,,,,,,,,,,,"2026-06-18 21:02",,,,817,"105","208",2026-06-30 09:23:08.147,,,
2132,IDJKT,JKT64,MRIU2342220,,"218",,,,"20",,,,,,,,,,E,,,,,,,,,,,,,"2026-06-18 21:04",,,,817,"105","208",2026-06-30 09:23:08.147,,,
2133,IDJKT,JKT64,MRTU2302587,,"219",,,,"20",,,,,,,,,,E,,,,,,,,,,,,,"2026-06-18 21:06",,,,817,"105","208",2026-06-30 09:23:08.147,,,
2134,IDJKT,JKT64,"2043510",,"218",,,,"20",,,,,,,,,,E,,,,,,,,,,,,,"2026-06-18 21:10",,,,817,"105","208",2026-06-30 09:23:08.147,,,
2135,IDJKT,JKT64,"2012356",,"218",,,,"20",,,,,,,,,,E,,,,,,,,,,,,,"2026-06-18 21:12",,,,817,"105","208",2026-06-30 09:23:08.147,,,
2136,IDJKT,JKT64,"2147840",,"218",,,,"20",,,,,,,,,,E,,,,,,,,,,,,,"2026-06-18 21:20",,,,817,"105","208",2026-06-30 09:23:08.147,,,
2137,IDJKT,JKT64,"2213556",,"218",,,,"20",,,,,,,,,,E,,,,,,,,,,,,,"2026-06-18 21:22",,,,817,"105","208",2026-06-30 09:23:08.147,,,
2138,IDJKT,JKT64,"2205020",,"218",,,,"20",,,,,,,,,,E,,,,,,,,,,,,,"2026-06-18 21:27",,,,817,"105","208",2026-06-30 09:23:08.147,,,
2139,IDJKT,JKT64,"2071240",,"218",,,,"20",,,,,,,,,,E,,,,,,,,,,,,,"2026-06-18 21:30",,,,817,"105","208",2026-06-30 09:23:08.147,,,
2140,IDJKT,JKT64,"2120216",,"218",,,,"20",,,,,,,,,,E,,,,,,,,,,,,,"2026-06-18 21:35",,,,817,"105","208",2026-06-30 09:23:08.147,,,
2141,IDJKT,JKT64,FO12219111,,"218",,,,"20",,,,,,,,,,E,,,,,,,,,,,,,"2026-06-18 21:37",,,,817,"105","208",2026-06-30 09:23:08.147,,,
2142,IDJKT,JKT64,MR242059203,,"218",,,,"20",,,,,,,,,,E,,,,,,,,,,,,,"2026-06-18 22:45",,,,817,"105","208",2026-06-30 09:23:08.147,,,
2143,IDJKT,JKT64,"2132650",,"218",,,,"20",,,,,,,,,,E,,,,,,,,,,,,,"2026-06-18 22:47",,,,817,"105","208",2026-06-30 09:23:08.147,,,
2144,IDJKT,JKT64,MDTU2146397,,"218",,,,"20",,,,,,,,,,E,,,,,,,,,,,,,"2026-06-18 21:55",,,,817,"107","208",2026-06-30 09:23:08.308,,,
2145,IDJKT,JKT64,GESU3952987,,"218",,,,"20",,,,,,,,,,E,,,,,,,,,,,,,"2026-06-18 21:57",,,,817,"107","208",2026-06-30 09:23:08.309,,,
2146,IDJKT,JKT64,"2081526",,"218",,,,"20",,,,,,,,,,E,,,,,,,,,,,,,"2026-06-18 22:00",,,,817,"107","208",2026-06-30 09:23:08.309,,,
2147,IDJKT,JKT64,"2181839",,"218",,,,"20",,,,,,,,,,E,,,,,,,,,,,,,"2026-06-18 22:02",,,,817,"107","208",2026-06-30 09:23:08.309,,,
2148,IDJKT,JKT64,"2318460",,"218",,,,"20",,,,,,,,,,E,,,,,,,,,,,,,"2026-06-18 22:04",,,,817,"107","208",2026-06-30 09:23:08.309,,,
2149,IDJKT,JKT64,"2264532",,"218",,,,"20",,,,,,,,,,E,,,,,,,,,,,,,"2026-06-18 22:06",,,,817,"107","208",2026-06-30 09:23:08.309,,,
2150,IDJKT,JKT64,"42076730",,"218",,,,"20",,,,,,,,,,E,,,,,,,,,,,,,"2026-06-18 22:08",,,,817,"107","208",2026-06-30 09:23:08.309,,,
2151,IDJKT,JKT64,"2102634",,"218",,,,"20",,,,,,,,,,E,,,,,,,,,,,,,"2026-06-18 22:10",,,,817,"107","208",2026-06-30 09:23:08.309,,,
2152,IDJKT,JKT64,"2308961",,"218",,,,"20",,,,,,,,,,E,,,,,,,,,,,,,"2026-06-18 22:12",,,,817,"107","208",2026-06-30 09:23:08.309,,,
2153,IDJKT,JKT64,"2068925",,"218",,,,"20",,,,,,,,,,E,,,,,,,,,,,,,"2026-06-18 22:14",,,,817,"107","208",2026-06-30 09:23:08.309,,,
2154,IDJKT,JKT64,"6079919",,"218",,,,"20",,,,,,,,,,E,,,,,,,,,,,,,"2026-06-18 22:18",,,,817,"107","208",2026-06-30 09:23:08.309,,,
2155,IDJKT,JKT64,MR202079091,,"218",,,,"20",,,,,,,,,,E,,,,,,,,,,,,,"2026-06-18 22:20",,,,817,"107","208",2026-06-30 09:23:08.309,,,
2156,IDJKT,JKT64,"2265884",,"218",,,,"20",,,,,,,,,,E,,,,,,,,,,,,,"2026-06-18 22:25",,,,817,"107","208",2026-06-30 09:23:08.309,,,
2157,IDJKT,JKT64,"2007391",,"218",,,,"20",,,,,,,,,,E,,,,,,,,,,,,,"2026-06-18 22:27",,,,817,"107","208",2026-06-30 09:23:08.309,,,
2158,IDJKT,JKT64,"2253610",,"218",,,,"20",,,,,,,,,,F,,,,,,,,,,,,,"2026-06-18 22:30",,,,817,"107","208",2026-06-30 09:23:08.309,,,
2159,IDJKT,JKT64,"2315373",,"218",,,,"20",,,,,,,,,,F,,,,,,,,,,,,,"2026-06-18 22:32",,,,817,"107","208",2026-06-30 09:23:08.309,,,
2160,IDJKT,JKT64,"2307871",,"218",,,,"20",,,,,,,,,,F,,,,,,,,,,,,,"2026-06-18 22:42",,,,817,"107","208",2026-06-30 09:23:08.309,,,
2161,IDJKT,JKT64,"2259984",,"218",,,,"20",,,,,,,,,,F,,,,,,,,,,,,,"2026-06-18 22:44",,,,817,"107","208",2026-06-30 09:23:08.309,,,
2162,IDJKT,JKT64,DFSU3190628,,"218",,,,"20",,,,,,,,,,F,,,,,,,,,,,,,"2026-06-18 22:50",,,,817,"107","208",2026-06-30 09:23:08.309,,,
2163,IDJKT,JKT64,MR202105037,,"218",,,,"20",,,,,,,,,,F,,,,,,,,,,,,,"2026-06-18 22:52",,,,817,"107","208",2026-06-30 09:23:08.309,,,
2164,IDJKT,JKT64,"2305591",,"218",,,,"20",,,,,,,,,,F,,,,,,,,,,,,,"2026-06-18 22:54",,,,817,"107","208",2026-06-30 09:23:08.309,,,
2165,IDJKT,JKT64,"2105989",,"218",,,,"20",,,,,,,,,,F,,,,,,,,,,,,,"2026-06-18 22:56",,,,817,"107","208",2026-06-30 09:23:08.309,,,
2166,IDJKT,JKT64,"2228211",,"218",,,,"20",,,,,,,,,,F,,,,,,,,,,,,,"2026-06-18 22:58",,,,817,"107","208",2026-06-30 09:23:08.309,,,
2167,IDJKT,JKT64,"8543193801",,"218",,,,"20",,,,,,,,,,F,,,,,,,,,,,,,"2026-06-18 23:00",,,,817,"107","208",2026-06-30 09:23:08.309,,,
2168,IDJKT,JKT64,MAU2317674,,"218",,,,"20",,,,,,,,,,F,,,,,,,,,,,,,"2026-06-18 23:02",,,,817,"107","208",2026-06-30 09:23:08.309,,,
2169,IDJKT,JKT64,"2190018",,"218",,,,"20",,,,,,,,,,F,,,,,,,,,,,,,"2026-06-18 23:04",,,,817,"107","208",2026-06-30 09:23:08.309,,,
2170,IDJKT,JKT64,"2305890",,"218",,,,"20",,,,,,,,,,F,,,,,,,,,,,,,"2026-06-18 23:06",,,,817,"107","208",2026-06-30 09:23:08.309,,,
2171,IDJKT,JKT64,"2125666",,"218",,,,"20",,,,,,,,,,F,,,,,,,,,,,,,"2026-06-18 23:08",,,,817,"107","208",2026-06-30 09:23:08.309,,,
2172,IDJKT,JKT64,"2128177",,"218",,,,"20",,,,,,,,,,F,,,,,,,,,,,,,"2026-06-18 23:10",,,,817,"107","208",2026-06-30 09:23:08.309,,,
2173,IDJKT,JKT64,"2197368",,"218",,,,"20",,,,,,,,,,F,,,,,,,,,,,,,"2026-06-18 23:12",,,,817,"107","208",2026-06-30 09:23:08.309,,,
2174,IDJKT,JKT64,MR2U2319281,,"218",,,,"20",,,,,,,,,,F,,,,,,,,,,,,,"2026-06-18 23:15",,,,817,"109","208",2026-06-30 09:23:08.552,,,
2175,IDJKT,JKT64,"2229090",,"218",,,,"20",,,,,,,,,,F,,,,,,,,,,,,,"2026-06-18 23:17",,,,817,"109","208",2026-06-30 09:23:08.552,,,
2176,IDJKT,JKT64,FO16079189,,"218",,,,"20",,,,,,,,,,F,,,,,,,,,,,,,"2026-06-18 23:18",,,,817,"109","208",2026-06-30 09:23:08.552,,,
2177,IDJKT,JKT64,"6089588",,"218",,,,"20",,,,,,,,,,E,,,,,,,,,,,,,"2026-06-18 23:20",,,,817,"109","208",2026-06-30 09:23:08.552,,,
2178,IDJKT,JKT64,"50207126543",,"218",,,,"20",,,,,,,,,,E,,,,,,,,,,,,,"2026-06-18 23:22",,,,817,"109","208",2026-06-30 09:23:08.552,,,
2179,IDJKT,JKT64,MRZU2192480,,"218",,,,"20",,,,,,,,,,E,,,,,,,,,,,,,"2026-06-18 23:24",,,,817,"109","208",2026-06-30 09:23:08.552,,,
2180,IDJKT,JKT64,FO16085319,,"218",,,,"20",,,,,,,,,,E,,,,,,,,,,,,,"2026-06-18 23:26",,,,817,"109","208",2026-06-30 09:23:08.552,,,
2181,IDJKT,JKT64,MRW2301847,,"218",,,,"20",,,,,,,,,,E,,,,,,,,,,,,,"2026-06-18 23:28",,,,817,"109","208",2026-06-30 09:23:08.552,,,
2182,IDJKT,JKT64,"2142088",,"218",,,,"20",,,,,,,,,,E,,,,,,,,,,,,,"2026-06-18 23:30",,,,817,"109","208",2026-06-30 09:23:08.552,,,
2183,IDJKT,JKT64,"2133992",,"218",,,,"20",,,,,,,,,,F,,,,,,,,,,,,,"2026-06-18 23:32",,,,817,"109","208",2026-06-30 09:23:08.552,,,
2184,IDJKT,JKT64,"2196130",,"218",,,,"20",,,,,,,,,,F,,,,,,,,,,,,,"2026-06-18 23:34",,,,817,"109","208",2026-06-30 09:23:08.552,,,
2185,IDJKT,JKT64,"2121970",,"218",,,,"20",,,,,,,,,,F,,,,,,,,,,,,,"2026-06-18 23:36",,,,817,"109","208",2026-06-30 09:23:08.552,,,
2186,IDJKT,JKT64,"2182347",,"218",,,,"20",,,,,,,,,,F,,,,,,,,,,,,,"2026-06-18 23:38",,,,817,"109","208",2026-06-30 09:23:08.552,,,
2187,IDJKT,JKT64,"2190980",,"218",,,,"20",,,,,,,,,,F,,,,,,,,,,,,,"2026-06-18 23:40",,,,817,"109","208",2026-06-30 09:23:08.552,,,
2188,IDJKT,JKT64,"2209190",,"218",,,,"20",,,,,,,,,,F,,,,,,,,,,,,,"2026-06-18 23:41",,,,817,"109","208",2026-06-30 09:23:08.552,,,
2189,IDJKT,JKT64,"2296040",,"218",,,,"20",,,,,,,,,,F,,,,,,,,,,,,,"2026-06-18 23:43",,,,817,"109","208",2026-06-30 09:23:08.552,,,
2190,IDJKT,JKT64,"2110239",,"218",,,,"20",,,,,,,,,,F,,,,,,,,,,,,,"2026-06-18 23:45",,,,817,"109","208",2026-06-30 09:23:08.552,,,
2191,IDJKT,JKT64,MRAN2160287,,"219",,,,"20",,,,,,,,,,E,,,,,,,,,,,,,"2026-06-18 19:30",,,,817,"202","208",2026-06-30 09:23:08.710,,,
2192,IDJKT,JKT64,MRIU2308441,,"219",,,,"20",,,,,,,,,,E,,,,,,,,,,,,,"2026-06-18 19:32",,,,817,"202","208",2026-06-30 09:23:08.710,,,
2193,IDJKT,JKT64,MRN2204209,,"219",,,,"20",,,,,,,,,,E,,,,,,,,,,,,,"2026-06-18 19:34",,,,817,"202","208",2026-06-30 09:23:08.710,,,
2194,IDJKT,JKT64,"2213577",,"219",,,,"20",,,,,,,,,,E,,,,,,,,,,,,,"2026-06-18 19:36",,,,817,"202","208",2026-06-30 09:23:08.710,,,
2195,IDJKT,JKT64,"6952234",,"213",,,,"20",,,,,,,,,,E,,,,,,,,,,,,,"2026-06-18 19:45",,,,817,"202","208",2026-06-30 09:23:08.710,,,
2196,IDJKT,JKT64,HKSU6952346,,"218",,,,"20",,,,,,,,,,E,,,,,,,,,,,,,"2026-06-18 19:46",,,,817,"202","208",2026-06-30 09:23:08.710,,,
2197,IDJKT,JKT64,BMOU6041673,,"219",,,,"40",,,,,,,,,,E,,,,,,,,,,,,,"2026-06-18 20:20",,,,817,"203",-,2026-06-30 09:23:08.788,,,
2198,IDJKT,JKT64,HESU6952316,,"218",,,,"20",,,,,,,,,,E,,,,,,,,,,,,,"2026-06-18 20:28",,,,817,"203",-,2026-06-30 09:23:08.788,,,
2199,IDJKT,JKT64,"6952323",,"219",,,,"20",,,,,,,,,,E,,,,,,,,,,,,,"2026-06-18 20:30",,,,817,"203",-,2026-06-30 09:23:08.788,,,
2200,IDJKT,JKT64,MRN2132670,,"219",,,,"20",,,,,,,,,,E,,,,,,,,,,,,,"2026-06-18 20:32",,,,817,"203",-,2026-06-30 09:23:08.788,,,
2201,IDJKT,JKT64,CNKN8028946,,"218",,,,"20",,,,,,,,,,E,,,,,,,,,,,,,"2026-06-18 20:34",,,,817,"203",-,2026-06-30 09:23:08.788,,,
2202,IDJKT,JKT64,MRT2184210,,"219",,,,"20",,,,,,,,,,E,,,,,,,,,,,,,"2026-06-18 20:36",,,,817,"203",-,2026-06-30 09:23:08.788,,,
2203,IDJKT,JKT64,"1309072",,"219",,,,"20",,,,,,,,,,E,,,,,,,,,,,,,"2026-06-18 20:38",,,,817,"203",-,2026-06-30 09:23:08.788,,,
2204,IDJKT,JKT64,"2277627",,"219",,,,"20",,,,,,,,,,E,,,,,,,,,,,,,"2026-06-18 20:40",,,,817,"203",-,2026-06-30 09:23:08.788,,,
2205,IDJKT,JKT64,"42071298",,"219",,,,"20",,,,,,,,,,E,,,,,,,,,,,,,"2026-06-18 20:42",,,,817,"203",-,2026-06-30 09:23:08.788,,,
2206,IDJKT,JKT64,"2092496",,"219",,,,"20",,,,,,,,,,E,,,,,,,,,,,,,"2026-06-18 20:44",,,,817,"203",-,2026-06-30 09:23:08.788,,,
2207,IDJKT,JKT64,MRTU9629680,,"219",,,,"40",,,,,,,,,,E,,,,,,,,,,,,,"2026-06-18 21:00",,,,817,"203",-,2026-06-30 09:23:08.788,,,
2208,IDJKT,JKT64,TIIU6803597,,"218",,,,"40",,,,,,,,,,E,,,,,,,,,,,,,"2026-06-18 21:02",,,,817,"203",-,2026-06-30 09:23:08.788,,,
2209,IDJKT,JKT64,HPW4318844,,"218",,,,"40",,,,,,,,,,E,,,,,,,,,,,,,"2026-06-18 21:04",,,,817,"203",-,2026-06-30 09:23:08.788,,,
2210,IDJKT,JKT64,Sen407/439,,"218",,,,"40",,,,,,,,,,E,,,,,,,,,,,,,"2026-06-18 21:06",,,,817,"203",-,2026-06-30 09:23:08.788,,,
2211,IDJKT,JKT64,"8955740",,"218",,,,"40",,,,,,,,,,E,,,,,,,,,,,,,"2026-06-18 21:09",,,,817,"203",-,2026-06-30 09:23:08.788,,,
2212,IDJKT,JKT64,MRTO9624456,,"218",,,,"40",,,,,,,,,,E,,,,,,,,,,,,,"2026-06-18 21:16",,,,817,"203",-,2026-06-30 09:23:08.788,,,
2213,IDJKT,JKT64,"42240850",,"218",,,,"20",,,,,,,,,,E,,,,,,,,,,,,,"2026-06-18 21:18",,,,817,"203",-,2026-06-30 09:23:08.788,,,
2214,IDJKT,JKT64,"2019495",,"218",,,,"20",,,,,,,,,,E,,,,,,,,,,,,,"2026-06-18 21:20",,,,817,"203",-,2026-06-30 09:23:08.788,,,
2215,IDJKT,JKT64,MRT2125584,,"218",,,,"20",,,,,,,,,,E,,,,,,,,,,,,,"2026-06-18 21:22",,,,817,"203",-,2026-06-30 09:23:08.788,,,
2216,IDJKT,JKT64,"2145826",,"218",,,,"20",,,,,,,,,,E,,,,,,,,,,,,,"2026-06-18 21:24",,,,817,"203",-,2026-06-30 09:23:08.788,,,
2217,IDJKT,JKT64,"42030855",,"218",,,,"20",,,,,,,,,,E,,,,,,,,,,,,,"2026-06-18 21:26",,,,817,"203",-,2026-06-30 09:23:08.788,,,
2218,IDJKT,JKT64,"2167717",,"218",,,,"20",,,,,,,,,,E,,,,,,,,,,,,,"2026-06-18 21:28",,,,817,"203",-,2026-06-30 09:23:08.788,,,
2219,IDJKT,JKT64,MR2313489,,"218",,,,"20",,,,,,,,,,F,,,,,,,,,,,,,"2026-06-18 21:44",,,,817,"203",-,2026-06-30 09:23:08.788,,,
2220,IDJKT,JKT64,"2158850",,"218",,,,"20",,,,,,,,,,E,,,,,,,,,,,,,"2026-06-18 21:46",,,,817,"203",-,2026-06-30 09:23:08.788,,,
2221,IDJKT,JKT64,MPN2135962,,"218",,,,"20",,,,,,,,,,F,,,,,,,,,,,,,"2026-06-18 21:57",,,,817,"203",-,2026-06-30 09:23:08.788,,,
2222,IDJKT,JKT64,"42277768",,"218",,,,"20",,,,,,,,,,F,,,,,,,,,,,,,"2026-06-18 21:59",,,,817,"203",-,2026-06-30 09:23:08.788,,,
2223,IDJKT,JKT64,"42416319",,"218",,,,"20",,,,,,,,,,F,,,,,,,,,,,,,"2026-06-18 22:01",,,,817,"203",-,2026-06-30 09:23:08.788,,,
2224,IDJKT,JKT64,"2282536",,"218",,,,"20",,,,,,,,,,F,,,,,,,,,,,,,"2026-06-18 22:03",,,,817,"203",-,2026-06-30 09:23:08.788,,,
2225,IDJKT,JKT64,MAN2104093,,"218",,,,"20",,,,,,,,,,E,,,,,,,,,,,,,"2026-06-18 22:04",,,,817,"203",-,2026-06-30 09:23:08.788,,,
2226,IDJKT,JKT64,"42171580",,"218",,,,"20",,,,,,,,,,E,,,,,,,,,,,,,"2026-06-18 22:05",,,,817,"203",-,2026-06-30 09:23:08.788,,,
2227,IDJKT,JKT64,MR2227586,,"218",,,,"20",,,,,,,,,,F,,,,,,,,,,,,,"2026-06-18 22:06",,,,817,"207",-,2026-06-30 09:23:09.179,,,
2228,IDJKT,JKT64,"42128665",,"218",,,,"20",,,,,,,,,,F,,,,,,,,,,,,,"2026-06-18 22:08",,,,817,"207",-,2026-06-30 09:23:09.179,,,
2229,IDJKT,JKT64,"2284816",,"218",,,,"20",,,,,,,,,,F,,,,,,,,,,,,,"2026-06-18 22:10",,,,817,"207",-,2026-06-30 09:23:09.179,,,
2230,IDJKT,JKT64,"2300732",,"218",,,,"20",,,,,,,,,,E,,,,,,,,,,,,,"2026-06-18 22:12",,,,817,"207",-,2026-06-30 09:23:09.179,,,
2231,IDJKT,JKT64,MPN2096300,,"218",,,,"20",,,,,,,,,,E,,,,,,,,,,,,,"2026-06-18 22:26",,,,817,"207",-,2026-06-30 09:23:09.179,,,
2232,IDJKT,JKT64,"3190084",,"218",,,,"20",,,,,,,,,,E,,,,,,,,,,,,,"2026-06-18 22:28",,,,817,"207",-,2026-06-30 09:23:09.179,,,
2233,IDJKT,JKT64,MP2311233,,"218",,,,"20",,,,,,,,,,E,,,,,,,,,,,,,"2026-06-18 22:30",,,,817,"207",-,2026-06-30 09:23:09.179,,,
2234,IDJKT,JKT64,"2310113",,"218",,,,"20",,,,,,,,,,E,,,,,,,,,,,,,"2026-06-18 22:32",,,,817,"207",-,2026-06-30 09:23:09.179,,,
2235,IDJKT,JKT64,"2283851",,"218",,,,"20",,,,,,,,,,E,,,,,,,,,,,,,"2026-06-18 22:34",,,,817,"207",-,2026-06-30 09:23:09.179,,,
2236,IDJKT,JKT64,W2218820,,"218",,,,"20",,,,,,,,,,E,,,,,,,,,,,,,"2026-06-18 22:36",,,,817,"207",-,2026-06-30 09:23:09.179,,,
2237,IDJKT,JKT64,MRN2234733,,"218",,,,"20",,,,,,,,,,E,,,,,,,,,,,,,"2026-06-18 22:38",,,,817,"207",-,2026-06-30 09:23:09.179,,,
2238,IDJKT,JKT64,"4220330",,"218",,,,"20",,,,,,,,,,E,,,,,,,,,,,,,"2026-06-18 22:40",,,,817,"207",-,2026-06-30 09:23:09.179,,,
2239,IDJKT,JKT64,"42220848",,"218",,,,"20",,,,,,,,,,E,,,,,,,,,,,,,"2026-06-18 22:44",,,,817,"207",-,2026-06-30 09:23:09.179,,,
2240,IDJKT,JKT64,"2159199",,"218",,,,"20",,,,,,,,,,E,,,,,,,,,,,,,"2026-06-18 22:46",,,,817,"207",-,2026-06-30 09:23:09.179,,,
2241,IDJKT,JKT64,MRN2300075,,"218",,,,"20",,,,,,,,,,E,,,,,,,,,,,,,"2026-06-18 22:48",,,,817,"207",-,2026-06-30 09:23:09.179,,,
2242,IDJKT,JKT64,"2281109",,"218",,,,"20",,,,,,,,,,E,,,,,,,,,,,,,"2026-06-18 22:50",,,,817,"207",-,2026-06-30 09:23:09.179,,,
2243,IDJKT,JKT64,"42306730",,"219",,,,"20",,,,,,,,,,E,,,,,,,,,,,,,"2026-06-18 23:18",,,,817,"207",-,2026-06-30 09:23:09.179,,,
2244,IDJKT,JKT64,"21993344",,"219",,,,"20",,,,,,,,,,E,,,,,,,,,,,,,"2026-06-18 23:20",,,,817,"207",-,2026-06-30 09:23:09.179,,,
2245,IDJKT,JKT64,"42301430",,"219",,,,"20",,,,,,,,,,E,,,,,,,,,,,,,"2026-06-18 23:22",,,,817,"207",-,2026-06-30 09:23:09.179,,,
2246,IDJKT,JKT64,"2286059",,"219",,,,"20",,,,,,,,,,E,,,,,,,,,,,,,"2026-06-18 23:24",,,,817,"207",-,2026-06-30 09:23:09.179,,,
2247,IDJKT,JKT64,MRN2072252,,"219",,,,"20",,,,,,,,,,F,,,,,,,,,,,,,"2026-06-18 23:41",,,,817,"207",-,2026-06-30 09:23:09.179,,,
2248,IDJKT,JKT64,"2045827",,"219",,,,"20",,,,,,,,,,F,,,,,,,,,,,,,"2026-06-18 23:43",,,,817,"207",-,2026-06-30 09:23:09.179,,,
2249,IDJKT,JKT64,CRXU3226582,,"219",,,,"20",,,,,,,,,,F,,,,,,,,,,,,,"2026-06-18 23:45",,,,817,"207",-,2026-06-30 09:23:09.179,,,
2250,IDJKT,JKT64,MRW2375783,,"219",,,,"20",,,,,,,,,,E,,,,,,,,,,,,,"2026-06-18 00:00",,,,817,"209",-,2026-06-30 09:23:09.463,,,
2251,IDJKT,JKT64,MPN2127144,,"219",,,,"20",,,,,,,,,,E,,,,,,,,,,,,,"2026-06-18 00:02",,,,817,"209",-,2026-06-30 09:23:09.463,,,
2252,IDJKT,JKT64,"9624353",,"219",,,,"40",,,,,,,,,,E,,,,,,,,,,,,,"2026-06-18 00:03",,,,817,"209",-,2026-06-30 09:23:09.463,,,
2253,IDJKT,JKT64,SE24087076,,"219",,,,"40",,,,,,,,,,E,,,,,,,,,,,,,"2026-06-18 00:04",,,,817,"209",-,2026-06-30 09:23:09.463,,,
2254,IDJKT,JKT64,CORN5986932,,"219",,,,"40",,,,,,,,,,E,,,,,,,,,,,,,"2026-06-18 00:16",,,,817,"209",-,2026-06-30 09:23:09.463,,,
2255,IDJKT,JKT64,MRT2200374,,"218",,,,"20",,,,,,,,,,E,,,,,,,,,,,,,"2026-06-18 00:18",,,,817,"209",-,2026-06-30 09:23:09.463,,,
2256,IDJKT,JKT64,"190208",,"218",,,,"20",,,,,,,,,,E,,,,,,,,,,,,,"2026-06-18 00:26",,,,817,"209",-,2026-06-30 09:23:09.463,,,
2257,IDJKT,JKT64,CEOV2270188,,"218",,,,"20",,,,,,,,,,E,,,,,,,,,,,,,"2026-06-18 00:28",,,,817,"209",-,2026-06-30 09:23:09.463,,,
2258,IDJKT,JKT64,"5340",,"218",,,,"20",,,,,,,,,,E,,,,,,,,,,,,,"2026-06-18 00:30",,,,817,"209",-,2026-06-30 09:23:09.463,,,
2259,IDJKT,JKT64,TJU2138597,,"218",,,,"20",,,,,,,,,,E,,,,,,,,,,,,,"2026-06-18 00:32",,,,817,"209",-,2026-06-30 09:23:09.463,,,
2260,IDJKT,JKT64,JURY42152874,,"218",,,,"20",,,,,,,,,,E,,,,,,,,,,,,,"2026-06-18 00:34",,,,817,"209",-,2026-06-30 09:23:09.463,,,
2261,IDJKT,JKT64,MRW2375840,,"218",,,,"20",,,,,,,,,,E,,,,,,,,,,,,,"2026-06-18 00:36",,,,817,"209",-,2026-06-30 09:23:09.463,,,
2262,IDJKT,JKT64,MPN2095427,,"218",,,,"20",,,,,,,,,,E,,,,,,,,,,,,,"2026-06-18 00:38",,,,817,"209",-,2026-06-30 09:23:09.463,,,
2263,IDJKT,JKT64,MRN2074234,,"218",,,,"20",,,,,,,,,,E,,,,,,,,,,,,,"2026-06-18 00:40",,,,817,"209",-,2026-06-30 09:23:09.463,,,
2264,IDJKT,JKT64,"2285788",,"218",,,,"20",,,,,,,,,,E,,,,,,,,,,,,,"2026-06-18 00:42",,,,817,"209",-,2026-06-30 09:23:09.463,,,
2265,IDJKT,JKT64,"4242761",,"218",,,,"20",,,,,,,,,,E,,,,,,,,,,,,,"2026-06-18 00:44",,,,817,"209",-,2026-06-30 09:23:09.463,,,
2266,IDJKT,JKT64,SEGU3955841,,"218",,,,"20",,,,,,,,,,E,,,,,,,,,,,,,"2026-06-18 00:46",,,,817,"209",-,2026-06-30 09:23:09.463,,,
2267,IDJKT,JKT64,MOW2382541,,"218",,,,"20",,,,,,,,,,E,,,,,,,,,,,,,"2026-06-18 00:48",,,,817,"209",-,2026-06-30 09:23:09.463,,,
2268,IDJKT,JKT64,"42352948",,"218",,,,"20",,,,,,,,,,E,,,,,,,,,,,,,"2026-06-18 00:50",,,,817,"209",-,2026-06-30 09:23:09.463,,,
2269,IDJKT,JKT64,MON2016747,,"218",,,,"20",,,,,,,,,,E,,,,,,,,,,,,,"2026-06-18 00:51",,,,817,"209",-,2026-06-30 09:23:09.463,,,
2270,IDJKT,JKT64,"2229892",,"218",,,,"20",,,,,,,,,,E,,,,,,,,,,,,,"2026-06-18 00:53",,,,817,"209",-,2026-06-30 09:23:09.463,,,
2271,IDJKT,JKT64,"2039233",,"218",,,,"20",,,,,,,,,,E,,,,,,,,,,,,,"2026-06-18 00:54",,,,817,"209",-,2026-06-30 09:23:09.463,,,
2272,IDJKT,JKT64,CPKS0003900,,A,"1","2","3","20",GP,,,,,,N,,,F,F,,,,,,,,,,,,"30-06-2026 17:07",,,,696,"2134","208",2026-07-02 14:47:08.540,,,
2273,IDJKT,JKT64,CPKS0003900,HT01,A,"1","2","3","20",GP,,,,,,N,,,F,F,,,,,,,,,,,,"30-06-2026 16:10",,,,696,"2133","208",2026-07-02 14:47:18.819,,,
2274,IDJKT,JKT56,CPKS000004,,B,"5","3","3","20",GP,,,,,,N,,,F,,,,,,,,,,,,,"02-07-2026 10:55",,,,696,"2150","208",2026-07-02 14:47:29.764,,,
2275,IDJKT,JKT56,CPKS000003,HT04,A,"2","1","2","20",GP,,,,,,N,,,F,A123456,,,,,,,,,,,,"01-07-2026 14:23",,,,696,"2141","208",2026-07-02 14:47:30.368,,,
2276,IDJKT,JKT56,CPKS000001,HT03,B,"2","2","2","20",GP,,,,,,N,,,F,A123456,,,,,,,,,,,,"01-07-2026 14:02",,,,696,"2139","208",2026-07-02 14:47:30.971,,,
2277,IDJKT,JKT56,CPKS000002,HT05,B,"2","2","3","20",GP,,,,,,N,,,F,A123456,,,,,,,,,,,,"01-07-2026 14:02",,,,696,"2139","208",2026-07-02 14:47:30.971,,,
2278,IDJKT,JKT64,IIOU0004258,,B,"2","2","2","20",GP,,,,,,N,,,F,F,,,,,,,,,,,,"01-07-2026 09:57",,,,696,"2136","208",2026-07-02 14:47:31.595,,,
2279,IDJKT,JKT64,F004259561,HT119,"218",,,,"20",,,,,,,,,,F,,,,,,,,,,,,,"2026-06-25 20:20",,,,817,"306","208",2026-07-02 15:13:17.667,,,
2280,IDJKT,JKT64,CONT3417006,HT120,"218",,,,"20",,,,,,,,,,F,,,,,,,,,,,,,"2026-06-25 20:21",,,,817,"306","208",2026-07-02 15:13:17.667,,,
2281,IDJKT,JKT64,MRW7553923,HT121,"218",,,,"20",,,,,,,,,,F,,,,,,,,,,,,,"2026-06-25 20:23",,,,817,"306","208",2026-07-02 15:13:17.667,,,
2282,IDJKT,JKT64,CONT4181875,HT122,"218",,,,"20",,,,,,,,,,F,,,,,,,,,,,,,"2026-06-25 20:24",,,,817,"306","208",2026-07-02 15:13:17.667,,,
2283,IDJKT,JKT64,CONT9361733,HT123,"218",,,,"20",,,,,,,,,,F,,,,,,,,,,,,,"2026-06-25 20:25",,,,817,"306","208",2026-07-02 15:13:17.667,,,
2284,IDJKT,JKT64,CONT3482951,HT124,"218",,,,"20",,,,,,,,,,F,,,,,,,,,,,,,"2026-06-25 20:26",,,,817,"306","208",2026-07-02 15:13:17.667,,,
2285,IDJKT,JKT64,CONT2285791,HT125,"218",,,,"20",,,,,,,,,,F,,,,,,,,,,,,,"2026-06-25 20:27",,,,817,"306","208",2026-07-02 15:13:17.667,,,
2286,IDJKT,JKT64,MSLU5575467,HT126,"218",,,,"20",,,,,,,,,,F,,,,,,,,,,,,,"2026-06-25 20:28",,,,817,"306","208",2026-07-02 15:13:17.667,,,
2287,IDJKT,JKT64,EGSU3394624,HT127,"218",,,,"20",,,,,,,,,,F,,,,,,,,,,,,,"2026-06-25 20:30",,,,817,"306","208",2026-07-02 15:13:17.667,,,
2288,IDJKT,JKT64,CONT7CW38539,HT128,"218",,,,"20",,,,,,,,,,F,,,,,,,,,,,,,"2026-06-25 20:31",,,,817,"306","208",2026-07-02 15:13:17.667,,,
2289,IDJKT,JKT64,WHSU2016532,HT129,"218",,,,"20",,,,,,,,,,F,,,,,,,,,,,,,"2026-06-25 20:32",,,,817,"306","208",2026-07-02 15:13:17.667,,,
2290,IDJKT,JKT64,CONT172860,HT130,"218",,,,"20",,,,,,,,,,F,,,,,,,,,,,,,"2026-06-25 20:34",,,,817,"306","208",2026-07-02 15:13:17.667,,,
2291,IDJKT,JKT64,MSTER4071712,HT131,"218",,,,"20",,,,,,,,,,F,,,,,,,,,,,,,"2026-06-25 20:36",,,,817,"306","208",2026-07-02 15:13:17.667,,,
2292,IDJKT,JKT64,MRN80780777,HT132,"218",,,,"20",,,,,,,,,,F,,,,,,,,,,,,,"2026-06-25 20:38",,,,817,"306","208",2026-07-02 15:13:17.667,,,
2293,IDJKT,JKT64,CONT7109954,HT133,"218",,,,"20",,,,,,,,,,F,,,,,,,,,,,,,"2026-06-25 20:40",,,,817,"306","208",2026-07-02 15:13:17.667,,,
2294,IDJKT,JKT64,CONT64588077,HT134,"218",,,,"20",,,,,,,,,,F,,,,,,,,,,,,,"2026-06-25 20:42",,,,817,"306","208",2026-07-02 15:13:17.667,,,
2295,IDJKT,JKT64,EITU3072651,HT135,"218",,,,"20",,,,,,,,,,F,,,,,,,,,,,,,"2026-06-25 20:44",,,,817,"306","208",2026-07-02 15:13:17.667,,,
2296,IDJKT,JKT64,MSCH4448540,HT136,"218",,,,"20",,,,,,,,,,F,,,,,,,,,,,,,"2026-06-25 20:46",,,,817,"306","208",2026-07-02 15:13:17.667,,,
2297,IDJKT,JKT64,CONT0000119,HT137,"218",,,,"20",,,,,,,,,,F,,,,,,,,,,,,,"2026-06-25 20:47",,,,817,"306","208",2026-07-02 15:13:17.667,,,
2298,IDJKT,JKT64,CONT0000120,HT138,"218",,,,"20",,,,,,,,,,F,,,,,,,,,,,,,"2026-06-25 20:48",,,,817,"307","208",2026-07-02 15:13:19.145,,,
2299,IDJKT,JKT64,WALSU2860230,HT139,"218",,,,"20",,,,,,,,,,F,,,,,,,,,,,,,"2026-06-25 20:58",,,,817,"401","208",2026-07-02 15:13:19.199,,,
2300,IDJKT,JKT64,SUDU7301324,HT01,"218",,,,"20",,,,,,,,,,F,,,,,,,,,,,,,"2026-06-25 16:40",,,,817,"301","208",2026-07-03 10:53:47.514,,,
2301,IDJKT,JKT64,MSKU9018956,HT01,"218",,,,"20",,,,,,,,,,F,,,,,,,,,,,,,"2026-06-25 16:41",,,,817,"301","208",2026-07-03 10:53:47.514,,,
2302,IDJKT,JKT64,SUDU7869680,HT22,"218",,,,"20",,,,,,,,,,F,,,,,,,,,,,,,"2026-06-25 16:42",,,,817,"301","208",2026-07-03 10:53:47.514,,,
2303,IDJKT,JKT64,SUPU1397627,HT22,"218",,,,"20",,,,,,,,,,F,,,,,,,,,,,,,"2026-06-25 16:43",,,,817,"301","208",2026-07-03 10:53:47.514,,,
2304,IDJKT,JKT64,MWRO9633678,HT23,"218",,,,"20",,,,,,,,,,F,,,,,,,,,,,,,"2026-06-25 16:47",,,,817,"301","208",2026-07-03 10:53:47.514,,,
2305,IDJKT,JKT64,SUDU7403049,HT24,"218",,,,"20",,,,,,,,,,F,,,,,,,,,,,,,"2026-06-25 16:48",,,,817,"301","208",2026-07-03 10:53:47.514,,,
2306,IDJKT,JKT64,MSKU5881868,HT25,"218",,,,"20",,,,,,,,,,F,,,,,,,,,,,,,"2026-06-25 16:49",,,,817,"301","208",2026-07-03 10:53:47.514,,,
2307,IDJKT,JKT64,MSKU5979144,HT26,"218",,,,"20",,,,,,,,,,F,,,,,,,,,,,,,"2026-06-25 16:50",,,,817,"301","208",2026-07-03 10:53:47.514,,,
2308,IDJKT,JKT64,MSAN7085258,HT27,"218",,,,"20",,,,,,,,,,F,,,,,,,,,,,,,"2026-06-25 16:51",,,,817,"301","208",2026-07-03 10:53:47.514,,,
2309,IDJKT,JKT64,WHW2346350,HT28,"218",,,,"20",,,,,,,,,,F,,,,,,,,,,,,,"2026-06-25 16:52",,,,817,"301","208",2026-07-03 10:53:47.514,,,
2310,IDJKT,JKT64,MSKU2306022,HT29,"218",,,,"20",,,,,,,,,,F,,,,,,,,,,,,,"2026-06-25 17:00",,,,817,"301","208",2026-07-03 10:53:47.514,,,
2311,IDJKT,JKT64,MSKU9950297,HT30,"218",,,,"20",,,,,,,,,,F,,,,,,,,,,,,,"2026-06-25 17:01",,,,817,"301","208",2026-07-03 10:53:47.514,,,
2312,IDJKT,JKT64,E9503624666,HT31,"218",,,,"20",,,,,,,,,,F,,,,,,,,,,,,,"2026-06-25 17:08",,,,817,"301","208",2026-07-03 10:53:47.514,,,
2313,IDJKT,JKT64,E9802773393,HT32,"218",,,,"20",,,,,,,,,,F,,,,,,,,,,,,,"2026-06-25 17:10",,,,817,"301","208",2026-07-03 10:53:47.514,,,
2314,IDJKT,JKT64,CONT0000015,HT33,"218",,,,"20",,,,,,,,,,F,,,,,,,,,,,,,"2026-06-25 17:11",,,,817,"301","208",2026-07-03 10:53:47.514,,,
2315,IDJKT,JKT64,LA106135833,HT34,"218",,,,"20",,,,,,,,,,F,,,,,,,,,,,,,"2026-06-25 17:12",,,,817,"301","208",2026-07-03 10:53:47.514,,,
2316,IDJKT,JKT64,WH502968219,HT35,"218",,,,"20",,,,,,,,,,F,,,,,,,,,,,,,"2026-06-25 17:14",,,,817,"301","208",2026-07-03 10:53:47.514,,,
2317,IDJKT,JKT64,HAS12605504,HT36,"218",,,,"20",,,,,,,,,,F,,,,,,,,,,,,,"2026-06-25 17:15",,,,817,"301","208",2026-07-03 10:53:47.514,,,
2318,IDJKT,JKT64,WHS03626110,HT37,"218",,,,"20",,,,,,,,,,F,,,,,,,,,,,,,"2026-06-25 17:16",,,,817,"301","208",2026-07-03 10:53:47.514,,,
2319,IDJKT,JKT64,CONT2491697,HT38,"218",,,,"20",,,,,,,,,,F,,,,,,,,,,,,,"2026-06-25 17:20",,,,817,"301","208",2026-07-03 10:53:47.514,,,
2320,IDJKT,JKT64,WHS21024919,HT39,"218",,,,"20",,,,,,,,,,F,,,,,,,,,,,,,"2026-06-25 17:21",,,,817,"301","208",2026-07-03 10:53:47.514,,,
2321,IDJKT,JKT64,WHSU2418697,HT40,"218",,,,"20",,,,,,,,,,F,,,,,,,,,,,,,"2026-06-25 17:22",,,,817,"301","208",2026-07-03 10:53:47.514,,,
2322,IDJKT,JKT64,NH243088217,HT41,"218",,,,"20",,,,,,,,,,F,,,,,,,,,,,,,"2026-06-25 17:24",,,,817,"301","208",2026-07-03 10:53:47.514,,,
2323,IDJKT,JKT64,HLW33318021,HT42,"218",,,,"20",,,,,,,,,,F,,,,,,,,,,,,,"2026-06-25 17:25",,,,817,"301","208",2026-07-03 10:53:47.514,,,
2324,IDJKT,JKT64,MV10200791Y,HT43,"218",,,,"20",,,,,,,,,,F,,,,,,,,,,,,,"2026-06-25 17:26",,,,817,"301","208",2026-07-03 10:53:47.514,,,
2325,IDJKT,JKT64,CONT15005409,HT44,"218",,,,"20",,,,,,,,,,F,,,,,,,,,,,,,"2026-06-25 17:27",,,,817,"301","208",2026-07-03 10:53:47.514,,,
2326,IDJKT,JKT64,CONT0000027,HT45,"218",,,,"20",,,,,,,,,,F,,,,,,,,,,,,,"2026-06-25 17:28",,,,817,"301","208",2026-07-03 10:53:47.514,,,
2327,IDJKT,JKT64,CONT19403805,HT46,"218",,,,"20",,,,,,,,,,F,,,,,,,,,,,,,"2026-06-25 17:29",,,,817,"301","208",2026-07-03 10:53:47.514,,,
2328,IDJKT,JKT64,E9039221634,HT47,"218",,,,"20",,,,,,,,,,F,,,,,,,,,,,,,"2026-06-25 17:30",,,,817,"301","208",2026-07-03 10:53:47.514,,,
2329,IDJKT,JKT64,E9035660207,HT48,"218",,,,"20",,,,,,,,,,F,,,,,,,,,,,,,"2026-06-25 17:36",,,,817,"302","208",2026-07-03 10:53:47.823,,,
2330,IDJKT,JKT64,SUDV7460000,HT49,"218",,,,"20",,,,,,,,,,F,,,,,,,,,,,,,"2026-06-25 16:53",,,,817,"302","208",2026-07-03 10:53:47.823,,,
2331,IDJKT,JKT64,CONT0000032,HT50,"218",,,,"20",,,,,,,,,,F,,,,,,,,,,,,,"2026-06-25 16:55",,,,817,"302","208",2026-07-03 10:53:47.823,,,
2332,IDJKT,JKT64,CONT0000033,HT51,"218",,,,"20",,,,,,,,,,F,,,,,,,,,,,,,"2026-06-25 16:58",,,,817,"302","208",2026-07-03 10:53:47.823,,,
2333,IDJKT,JKT64,CONT0000034,HT52,"218",,,,"20",,,,,,,,,,F,,,,,,,,,,,,,"2026-06-25 17:00",,,,817,"302","208",2026-07-03 10:53:47.823,,,
2334,IDJKT,JKT64,HASU1460000,HT53,"218",,,,"20",,,,,,,,,,F,,,,,,,,,,,,,"2026-06-25 17:04",,,,817,"302","208",2026-07-03 10:53:47.823,,,
2335,IDJKT,JKT64,MSKU5160000,HT54,"218",,,,"20",,,,,,,,,,F,,,,,,,,,,,,,"2026-06-25 17:06",,,,817,"302","208",2026-07-03 10:53:47.823,,,
2336,IDJKT,JKT64,CONT0000037,HT55,"218",,,,"20",,,,,,,,,,F,,,,,,,,,,,,,"2026-06-25 17:08",,,,817,"302","208",2026-07-03 10:53:47.823,,,
2337,IDJKT,JKT64,CONT0000038,HT56,"218",,,,"20",,,,,,,,,,F,,,,,,,,,,,,,"2026-06-25 17:12",,,,817,"302","208",2026-07-03 10:53:47.823,,,
2338,IDJKT,JKT64,CONT0000039,HT57,"218",,,,"20",,,,,,,,,,F,,,,,,,,,,,,,"2026-06-25 17:15",,,,817,"302","208",2026-07-03 10:53:47.823,,,
2339,IDJKT,JKT64,CONT0000040,HT58,"218",,,,"20",,,,,,,,,,F,,,,,,,,,,,,,"2026-06-25 17:20",,,,817,"302","208",2026-07-03 10:53:47.823,,,
2340,IDJKT,JKT64,CONT0000041,HT59,"218",,,,"20",,,,,,,,,,F,,,,,,,,,,,,,"2026-06-25 17:22",,,,817,"302","208",2026-07-03 10:53:47.823,,,
2341,IDJKT,JKT64,CONT0000042,HT60,"218",,,,"20",,,,,,,,,,F,,,,,,,,,,,,,"2026-06-25 17:24",,,,817,"302","208",2026-07-03 10:53:47.823,,,
2342,IDJKT,JKT64,CONT0000043,HT61,"218",,,,"20",,,,,,,,,,F,,,,,,,,,,,,,"2026-06-25 17:29",,,,817,"302","208",2026-07-03 10:53:47.823,,,
2343,IDJKT,JKT64,CONT0000044,HT62,"218",,,,"20",,,,,,,,,,F,,,,,,,,,,,,,"2026-06-25 17:32",,,,817,"302","208",2026-07-03 10:53:47.823,,,
2344,IDJKT,JKT64,CONT0000045,HT63,"218",,,,"20",,,,,,,,,,F,,,,,,,,,,,,,"2026-06-25 17:20",,,,817,"302","208",2026-07-03 10:53:47.823,,,
2345,IDJKT,JKT64,CONT0000046,HT64,"218",,,,"20",,,,,,,,,,F,,,,,,,,,,,,,"2026-06-25 17:32",,,,817,"302","208",2026-07-03 10:53:47.823,,,
2346,IDJKT,JKT64,CONT0000047,HT65,"218",,,,"20",,,,,,,,,,F,,,,,,,,,,,,,"2026-06-25 17:35",,,,817,"302","208",2026-07-03 10:53:47.823,,,
2347,IDJKT,JKT64,CONT0000048,HT66,"218",,,,"20",,,,,,,,,,F,,,,,,,,,,,,,"2026-06-25 17:37",,,,817,"303","208",2026-07-03 10:53:47.905,,,
2348,IDJKT,JKT64,CONT24696524,HT67,"218",,,,"20",,,,,,,,,,F,,,,,,,,,,,,,"2026-06-25 17:42",,,,817,"303","208",2026-07-03 10:53:47.905,,,
2349,IDJKT,JKT64,WKISU2281897,HT68,"218",,,,"20",,,,,,,,,,F,,,,,,,,,,,,,"2026-06-25 17:43",,,,817,"304","208",2026-07-03 10:53:47.932,,,
2350,IDJKT,JKT64,LOTT0620000,HT69,"218",,,,"20",,,,,,,,,,F,,,,,,,,,,,,,"2026-06-25 19:00",,,,817,"304","208",2026-07-03 10:53:47.932,,,
2351,IDJKT,JKT64,CONT0000052,HT70,"218",,,,"20",,,,,,,,,,F,,,,,,,,,,,,,"2026-06-25 19:02",,,,817,"304","208",2026-07-03 10:53:47.932,,,
2352,IDJKT,JKT64,CONT0000053,HT71,"218",,,,"20",,,,,,,,,,F,,,,,,,,,,,,,"2026-06-25 19:04",,,,817,"304","208",2026-07-03 10:53:47.932,,,
2353,IDJKT,JKT64,CONT0000054,HT72,"218",,,,"20",,,,,,,,,,F,,,,,,,,,,,,,"2026-06-25 19:07",,,,817,"304","208",2026-07-03 10:53:47.932,,,
2354,IDJKT,JKT64,CONT0000055,HT73,"218",,,,"20",,,,,,,,,,F,,,,,,,,,,,,,"2026-06-25 19:10",,,,817,"304","208",2026-07-03 10:53:47.932,,,
2355,IDJKT,JKT64,CONT0000056,HT74,"218",,,,"20",,,,,,,,,,F,,,,,,,,,,,,,"2026-06-25 19:12",,,,817,"304","208",2026-07-03 10:53:47.932,,,
2356,IDJKT,JKT64,CONT0000057,HT75,"218",,,,"20",,,,,,,,,,F,,,,,,,,,,,,,"2026-06-25 19:16",,,,817,"304","208",2026-07-03 10:53:47.932,,,
2357,IDJKT,JKT64,MATU8380000,HT76,"218",,,,"20",,,,,,,,,,F,,,,,,,,,,,,,"2026-06-25 19:17",,,,817,"304","208",2026-07-03 10:53:47.932,,,
2358,IDJKT,JKT64,CONT0000059,HT77,"218",,,,"20",,,,,,,,,,F,,,,,,,,,,,,,"2026-06-25 19:22",,,,817,"304","208",2026-07-03 10:53:47.932,,,
2359,IDJKT,JKT64,CONT0000060,HT78,"218",,,,"20",,,,,,,,,,F,,,,,,,,,,,,,"2026-06-25 19:24",,,,817,"304","208",2026-07-03 10:53:47.932,,,
2360,IDJKT,JKT64,CONT0000061,HT79,"218",,,,"20",,,,,,,,,,F,,,,,,,,,,,,,"2026-06-25 19:28",,,,817,"304","208",2026-07-03 10:53:47.932,,,
2361,IDJKT,JKT64,HASU1060000,HT80,"218",,,,"20",,,,,,,,,,F,,,,,,,,,,,,,"2026-06-25 19:32",,,,817,"304","208",2026-07-03 10:53:47.932,,,
2362,IDJKT,JKT64,EGHU4960000,HT81,"218",,,,"20",,,,,,,,,,F,,,,,,,,,,,,,"2026-06-25 19:37",,,,817,"304","208",2026-07-03 10:53:47.932,,,
2363,IDJKT,JKT64,EITU3830000,HT82,"218",,,,"20",,,,,,,,,,F,,,,,,,,,,,,,"2026-06-25 19:39",,,,817,"304","208",2026-07-03 10:53:47.932,,,
2364,IDJKT,JKT64,CONT0000065,HT83,"218",,,,"20",,,,,,,,,,F,,,,,,,,,,,,,"2026-06-25 19:44",,,,817,"304","208",2026-07-03 10:53:47.932,,,
2365,IDJKT,JKT64,CONT0000066,HT84,"218",,,,"20",,,,,,,,,,F,,,,,,,,,,,,,"2026-06-25 19:47",,,,817,"304","208",2026-07-03 10:53:47.932,,,
2366,IDJKT,JKT64,CONT0000067,HT85,"218",,,,"20",,,,,,,,,,F,,,,,,,,,,,,,"2026-06-25 19:49",,,,817,"304","208",2026-07-03 10:53:47.932,,,
2367,IDJKT,JKT64,CONT0000068,HT86,"218",,,,"20",,,,,,,,,,F,,,,,,,,,,,,,"2026-06-25 19:51",,,,817,"305","208",2026-07-03 10:53:47.996,,,
2368,IDJKT,JKT64,WHSU025035,HT87,"218",,,,"20",,,,,,,,,,F,,,,,,,,,,,,,"2026-06-25 19:00",,,,817,"305","208",2026-07-03 10:53:47.996,,,
2369,IDJKT,JKT64,CONT01121414,HT88,"218",,,,"20",,,,,,,,,,F,,,,,,,,,,,,,"2026-06-25 19:01",,,,817,"305","208",2026-07-03 10:53:47.996,,,
2370,IDJKT,JKT64,WHSS2702960,HT89,"218",,,,"20",,,,,,,,,,F,,,,,,,,,,,,,"2026-06-25 19:02",,,,817,"305","208",2026-07-03 10:53:47.996,,,
2371,IDJKT,JKT64,CONT3666149,HT90,"218",,,,"20",,,,,,,,,,F,,,,,,,,,,,,,"2026-06-25 19:04",,,,817,"305","208",2026-07-03 10:53:47.996,,,
2372,IDJKT,JKT64,MIKO8979286,HT91,"218",,,,"20",,,,,,,,,,F,,,,,,,,,,,,,"2026-06-25 19:06",,,,817,"305","208",2026-07-03 10:53:47.996,,,
2373,IDJKT,JKT64,CONT0558824,HT92,"218",,,,"20",,,,,,,,,,F,,,,,,,,,,,,,"2026-06-25 19:10",,,,817,"305","208",2026-07-03 10:53:47.996,,,
2374,IDJKT,JKT64,WHSO211910,HT93,"218",,,,"20",,,,,,,,,,F,,,,,,,,,,,,,"2026-06-25 19:11",,,,817,"305","208",2026-07-03 10:53:47.996,,,
2375,IDJKT,JKT64,CONT6128888,HT94,"218",,,,"20",,,,,,,,,,F,,,,,,,,,,,,,"2026-06-25 19:12",,,,817,"305","208",2026-07-03 10:53:47.996,,,
2376,IDJKT,JKT64,CONT2583067,HT95,"218",,,,"20",,,,,,,,,,F,,,,,,,,,,,,,"2026-06-25 19:14",,,,817,"305","208",2026-07-03 10:53:47.996,,,
2377,IDJKT,JKT64,WHE2731510,HT96,"218",,,,"20",,,,,,,,,,F,,,,,,,,,,,,,"2026-06-25 19:15",,,,817,"305","208",2026-07-03 10:53:47.996,,,
2378,IDJKT,JKT64,MRKU7860796,HT97,"218",,,,"20",,,,,,,,,,F,,,,,,,,,,,,,"2026-06-25 19:16",,,,817,"305","208",2026-07-03 10:53:47.996,,,
2379,IDJKT,JKT64,CONT8153972,HT98,"218",,,,"20",,,,,,,,,,F,,,,,,,,,,,,,"2026-06-25 19:17",,,,817,"305","208",2026-07-03 10:53:47.996,,,
2380,IDJKT,JKT64,WH502244620,HT99,"218",,,,"20",,,,,,,,,,F,,,,,,,,,,,,,"2026-06-25 19:20",,,,817,"305","208",2026-07-03 10:53:47.996,,,
2381,IDJKT,JKT64,CONT7293630,HT100,"218",,,,"20",,,,,,,,,,F,,,,,,,,,,,,,"2026-06-25 19:21",,,,817,"305","208",2026-07-03 10:53:47.996,,,
2382,IDJKT,JKT64,WHSO2020553,HT101,"218",,,,"20",,,,,,,,,,F,,,,,,,,,,,,,"2026-06-25 19:22",,,,817,"305","208",2026-07-03 10:53:47.996,,,
2383,IDJKT,JKT64,NHCO0629479,HT102,"218",,,,"20",,,,,,,,,,F,,,,,,,,,,,,,"2026-06-25 19:23",,,,817,"305","208",2026-07-03 10:53:47.996,,,
2384,IDJKT,JKT64,EGHU3901622,HT103,"218",,,,"20",,,,,,,,,,F,,,,,,,,,,,,,"2026-06-25 19:26",,,,817,"305","208",2026-07-03 10:53:47.996,,,
2385,IDJKT,JKT64,WHO06982947,HT104,"218",,,,"20",,,,,,,,,,F,,,,,,,,,,,,,"2026-06-25 19:28",,,,817,"305","208",2026-07-03 10:53:47.996,,,
2386,IDJKT,JKT64,WHSO2318316,HT105,"218",,,,"20",,,,,,,,,,F,,,,,,,,,,,,,"2026-06-25 19:30",,,,817,"305","208",2026-07-03 10:53:47.996,,,
2387,IDJKT,JKT64,WHSA220666,HT106,"218",,,,"20",,,,,,,,,,F,,,,,,,,,,,,,"2026-06-25 19:31",,,,817,"305","208",2026-07-03 10:53:47.996,,,
2388,IDJKT,JKT64,WHSO0153259,HT107,"218",,,,"20",,,,,,,,,,F,,,,,,,,,,,,,"2026-06-25 19:32",,,,817,"305","208",2026-07-03 10:53:47.996,,,
2389,IDJKT,JKT56,LTMT0000090,,A,"3","3","3","20",GP,,,,,,,,,F,A12345,,,,,,,,,,,,"03-07-2026 10:33",,,,696,"2159","208",2026-07-03 14:04:08.994,,,
2390,IDJKT,JKT56,LTMT0000090,,A,"3","3","3","20",GP,,,,,,,,,F,A12345,,,,,,,,,,,,"03-07-2026 10:33",,,,696,"2160","208",2026-07-03 14:04:09.369,,,
2391,IDJKT,JKT64,LTMT0000084,,B,"2","2","2","20",GP,,,,,,,,,F,A12345,,,,,,,,,,,,"03-07-2026 13:36",,,,696,"2161","208",2026-07-03 14:04:09.411,,,
2392,IDJKT,JKT64,LTMT0000084,,B,"2","2","2","20",GP,,,,,,,,,F,A12345,,,,,,,,,,,,"03-07-2026 13:36",,,,696,"2161","208",2026-07-03 17:34:33.539,,,
2393,IDJKT,JKT56,CPKS000001,HT02,A2-2-2-2,,,,"20",GP,,,,,,N,,,F,A123456,,,,,,,,,,,,"08-07-2026 11:48",,,,701,"2198","208",2026-07-08 14:18:15.278,,,
2394,IDJKT,,CPKS000001,HT01,B-2-2-2,,,,"20",GP,,,,,,N,,,F,A123456,,,,,,,,,,,,"13-07-2026 14:31",,,,705,"2270","208",2026-07-13 17:10:29.148,,,
2395,IDJKT,,CPKS000002,HT01,,,,,"20",GP,,,,,,N,,,F,A123456,,,,,,,,,,,,"13-07-2026 14:37",,,,705,"2272","208",2026-07-13 17:10:30.262,,,
2396,IDJKT,,MRTU123456,HT01,JKT218,,,,"20",GP,,,,,,N,,,F,,,,,,,,,,,,,"24-07-2026 10:23",,,,705,"2338","208",2026-07-24 10:46:46.876,,,
2397,IDJKT,,MRTU123456,HT01,JKT218,,,,"20",GP,,,,,,N,,,F,,,,,,,,,,,,,"24-07-2026 10:23",,,,705,"2338","208",2026-07-24 11:12:48.731,,,
2398,IDJKT,,MRTU123456,HT01,JKT218,,,,"20",GP,,,,,,N,,,F,,,,,,,,,,,,,"24-07-2026 10:23",,,,705,"2338","208",2026-07-24 12:33:12.991,,,
2399,IDJKT,JKT64,SPNU2104386,HT03,"3A ","13","5","3","20",GP,,,,,,,,,F,,,,,,,,,,,,,"25-01-2026 17:34",,,,756,"24624","218",2026-08-05 08:28:49.398,,,
2402,IDJKT,JKT74,MRTU010216,HT01,"1A","5","3","6","20",GP,,,,,,,,,F,,,,,,,,,,,,,"24-08-2026 13:14",,,,726,"22223","219",2026-08-24 14:52:15.571,,,
2400,IDJKT,JKT64,MRTU2277355,,"3A","6","2","1","20",GP,,,,,,,,,E,,,,,,,,,,,,,"12-11-2025 17:01",,,,726,"16381","218",2026-08-10 10:48:57.926,,,
2401,IDJKT,JKT64,mrtu2277360,,"3A","6","5","3","20",,,,,,,,,,E,,,,,,,,,,,,,"12-11-2025 17:06",,,,726,"16381","218",2026-08-10 10:48:57.929,,,
