SEQ_ITEM,PORT_CODE,BRANCH,CONTNO,NOPOL,BLOK,SLOT,ROW,TIER,CONTSIZE,CONTTYPE,CONTOWNER,CONTSTATUS,PRINCIPAL,DG_FLAG,HOLD_FLAG,DMG_FLAG,OD_FLAG,FREEUSED_FLAG,FULLMT,SEALNO,WEIGHT,CMDTY_CODE,CMDTY_DESC,VESSEL_VOYAGE,POL,POT,POD,BGKNO,BLNO,DWINO,RESERVE_FIELD,MOVE_TIME,REPO_TIME,VESSEL_OPERATOR,CONT_GRADE,FORM_ID,DOC_ID,KADE,CREATEDON,CREATEDBY,MODIFIEDBY,MODIFIEDON
27,IDJKT,JKT64,MRTU2271188,Ht12,3a,13,6,4,20,GP,,,,,,,,,F,,,,,,,,,,,,,4/8/2026 2:21,,,,770,47028,218,05:20.2,,,
4134,IDJKT,JKT74,FCIU6090357,Ht08,1B ,2,6,2,20,GP,,,,,,,,,E,,,,,,,,,,,,,14-08-2026 23:15,,,,770,48532,219,05:07.3,,,
4135,IDJKT,JKT74,MRTU2190954,Ht05,1B,2,6,1,20,GP,,,,,,,,,E,,,,,,,,,,,,,14-08-2026 23:12,,,,770,48532,219,05:07.3,,,
30,IDJKT,JKT74,SPNU3096011,,,,,,20,GP,,,,,,,,,E,,,,,,,,,,,,,4/8/2026 8:19,,,,770,47157,Cy219,05:55.9,,,
1340,IDJKT,JKT74,MRTU9624311,Ht04,B,10,9,2,20,GP,,,,,,,,,E,,,,,,,,,,,,,8/8/2026 8:48,,,,770,47652,219,04:19.2,,,
1572,IDJKT,JKT64,MRTU2140228,Ht03,2a,1,6,3,20,GP,,,,,,,,,F,,,,,,,,,,,,,8/8/2026 9:11,,,,770,47696,218,04:42.5,,,
1573,IDJKT,JKT64,MRTU2158757,HT 08,2A,8,1,2,20,GP,,,,,,,,,F,,,,,,,,,,,,,8/8/2026 10:53,,,,770,47696,218,04:42.5,,,
4136,IDJKT,JKT74,MRTU2158660,Ht06,1b,2,7,2,20,GP,,,,,,,,,E,,,,,,,,,,,,,14-08-2026 23:28,,,,770,48532,219,05:07.3,,,
1575,IDJKT,JKT64,MRTU2029092,HT 02,1A,10,3,2,20,GP,,,,,,,,,F,,,,,,,,,,,,,8/8/2026 14:25,,,,770,47696,218,04:42.5,,,
4137,IDJKT,JKT74,MRTU2083030,Ht05,1B,2,4,5,20,GP,,,,,,,,,E,,,,,,,,,,,,,14-08-2026 23:08,,,,770,48532,219,05:07.3,,,
37,IDJKT,JKT64,MRTU9630628,B9790UN,,,,,40,HC,,,,,,,,,F,,,,,,,,,,,,,5/8/2026 16:05,,,,770,47239,218,07:18.2,,,
38,IDJKT,JKT64,MRTU9611994,B9251BEL,,,,,40,HC,,,,,,,,,F,,,,,,,,,,,,,5/8/2026 16:04,,,,770,47239,218,07:18.2,,,
39,IDJKT,JKT64,MRTU2201160,,1b,,,,20,GP,,,,,,,,,F,,,,,,,,,,,,,5/8/2026 13:50,,,,770,47287,218,07:18.4,,,
2856,IDJKT,JKT74,MRTU9603474,,,,,,40,HC,,,,,,,,,E,,,,,,,,,,,,,9/8/2026 20:06,,,,770,47833,219,06:49.4,,,
41,IDJKT,JKT64,MRTU2088433,,1b,,,,20,GP,,,,,,,,,F,,,,,,,,,,,,,5/8/2026 15:46,,,,770,47287,218,07:18.4,,,
42,IDJKT,JKT64,MRTU2336864,,1b,,,,20,GP,,,,,,,,,F,,,,,,,,,,,,,5/8/2026 15:47,,,,770,47287,218,07:18.4,,,
43,IDJKT,JKT64,FCIU6079189,,1b,,,,20,GP,,,,,,,,,F,,,,,,,,,,,,,5/8/2026 15:21,,,,770,47287,218,07:18.4,,,
44,IDJKT,JKT64,MRTU2228978,,1b,,,,20,GP,,,,,,,,,F,,,,,,,,,,,,,5/8/2026 13:42,,,,770,47287,218,07:18.4,,,
45,IDJKT,JKT64,MRTU2121059,,1b,,,,20,GP,,,,,,,,,F,,,,,,,,,,,,,5/8/2026 14:08,,,,770,47287,218,07:18.4,,,
4138,IDJKT,JKT74,MRTU2172708,HT10,1B,2,6,5,20,GP,,,,,,,,,E,,,,,,,,,,,,,14-08-2026 23:20,,,,770,48532,219,05:07.3,,,
47,IDJKT,JKT64,MRTU2143084,,1b,,,,20,GP,,,,,,,,,F,,,,,,,,,,,,,5/8/2026 13:50,,,,770,47287,218,07:18.4,,,
4139,IDJKT,JKT74,MRTU2144286,Ht10,1B,2,6,4,20,GP,,,,,,,,,E,,,,,,,,,,,,,14-08-2026 23:19,,,,770,48532,219,05:07.3,,,
4140,IDJKT,JKT74,MRTU2143150,Ht16,1B,2,7,1,20,GP,,,,,,,,,E,,,,,,,,,,,,,14-08-2026 23:27,,,,770,48532,219,05:07.3,,,
4141,IDJKT,JKT74,MRTU2050417,Ht08,1B,2,6,3,20,GP,,,,,,,,,E,,,,,,,,,,,,,14-08-2026 23:16,,,,770,48532,219,05:07.3,,,
51,IDJKT,JKT64,MRTU2157410,B9593ufz,3a,2,4,1,20,GP,,,,,,,,,F,3.27496,,,,,,,,,,,,5/8/2026 20:54,,,,770,47313,218,07:33.9,,,
4142,IDJKT,JKT64,FCIU6085031,,3a,29,5,2,20,GP,,,,,,,,,F,,,,,,,,,,,,,14-08-2026 20:20,,,,770,48527,218,05:07.4,,,
53,IDJKT,JKT64,MRTU2000890,B9044beh,1b,9,1,2,20,GP,,,,,,,,,F,,,,,,,,,,,,,5/8/2026 19:43,,,,770,47314,218,07:34.1,,,
54,IDJKT,JKT64,TRHU3925702,B9255uww,1b,17,4,1,20,GP,,,,,,,,,F,,,,,,,,,,,,,5/8/2026 17:28,,,,770,47314,218,07:34.1,,,
55,IDJKT,JKT64,SEGU2386139,B9820qk,1b,14,5,4,20,GP,,,,,,,,,F,,,,,,,,,,,,,5/8/2026 16:58,,,,770,47314,218,07:34.1,,,
56,IDJKT,JKT64,CAIU9553056,B9899seh,1b,20,3,1,40,HC,,,,,,,,,F,,,,,,,,,,,,,5/8/2026 20:00,,,,770,47314,218,07:34.1,,,
57,IDJKT,JKT64,MRTU2059841,B9040beh,1b,9,1,3,20,GP,,,,,,,,,F,,,,,,,,,,,,,5/8/2026 19:44,,,,770,47314,218,07:34.1,,,
58,IDJKT,JKT64,SEGU3254749,B9820hb,1b,14,5,3,20,GP,,,,,,,,,F,,,,,,,,,,,,,5/8/2026 16:55,,,,770,47314,218,07:34.1,,,
59,IDJKT,JKT64,SEGU2499829,B982ft,1b,16,5,5,20,GP,,,,,,,,,F,,,,,,,,,,,,,5/8/2026 16:48,,,,770,47314,218,07:34.1,,,
60,IDJKT,JKT64,MRTU2034397,B9158uiz,1b,18,1,2,20,GP,,,,,,,,,F,,,,,,,,,,,,,5/8/2026 20:33,,,,770,47314,218,07:34.1,,,
61,IDJKT,JKT64,MRTU2160646,B9541sz,1b,17,4,5,20,GP,,,,,,,,,F,,,,,,,,,,,,,5/8/2026 20:13,,,,770,47314,218,07:34.1,,,
62,IDJKT,JKT64,MRTU2056713,B9673ufy,1b,17,4,2,20,GP,,,,,,,,,F,,,,,,,,,,,,,5/8/2026 17:52,,,,770,47314,218,07:34.1,,,
63,IDJKT,JKT64,MRTU2077887,B9190fei,1b,9,1,1,20,GP,,,,,,,,,F,,,,,,,,,,,,,5/8/2026 19:21,,,,770,47314,218,07:34.1,,,
64,IDJKT,JKT64,MRTU2122970,B9378teh,1b,9,1,4,20,GP,,,,,,,,,F,,,,,,,,,,,,,5/8/2026 19:46,,,,770,47314,218,07:34.1,,,
65,IDJKT,JKT64,MRTU2032898,H8138un,1b,9,5,1,20,GP,,,,,,,,,F,,,,,,,,,,,,,5/8/2026 19:41,,,,770,47314,218,07:34.1,,,
66,IDJKT,JKT64,BEAU2920350,B9820kf,1b,14,5,2,20,GP,,,,,,,,,F,,,,,,,,,,,,,5/8/2026 16:52,,,,770,47314,218,07:34.1,,,
67,IDJKT,JKT64,SEGU2427599,B9820jo,1b,17,4,3,20,GP,,,,,,,,,F,,,,,,,,,,,,,5/8/2026 17:58,,,,770,47314,218,07:34.1,,,
68,IDJKT,JKT64,MRTU2069006,N8139un,1n,9,5,4,20,GP,,,,,,,,,F,,,,,,,,,,,,,5/8/2026 19:38,,,,770,47314,218,07:34.1,,,
69,IDJKT,JKT64,KMTU7443040,B9820qw,1b,16,5,4,20,GP,,,,,,,,,F,,,,,,,,,,,,,5/8/2026 16:47,,,,770,47314,218,07:34.1,,,
70,IDJKT,JKT64,MRTU2099551,B9029sym,1b,18,1,1,20,GP,,,,,,,,,F,,,,,,,,,,,,,5/8/2026 20:21,,,,770,47314,218,07:34.1,,,
71,IDJKT,JKT64,MRTU2044780,N8138un,1b,9,5,2,20,GP,,,,,,,,,F,,,,,,,,,,,,,5/8/2026 19:42,,,,770,47314,218,07:34.1,,,
72,IDJKT,JKT64,MRTU2086180,N8139un,1b,9,5,3,20,GP,,,,,,,,,F,,,,,,,,,,,,,5/8/2026 19:39,,,,770,47314,218,07:34.1,,,
73,IDJKT,JKT64,MRTU2217119,B9333js,1b,14,5,1,20,GP,,,,,,,,,F,,,,,,,,,,,,,5/8/2026 16:42,,,,770,47314,218,07:34.1,,,
74,IDJKT,JKT64,MRTU2174676,B9303syp,1b,17,4,4,20,GP,,,,,,,,,F,,,,,,,,,,,,,5/8/2026 18:00,,,,770,47314,218,07:34.1,,,
75,IDJKT,JKT64,TEMU0372301,B9820n,1b,14,5,5,20,GP,,,,,,,,,F,,,,,,,,,,,,,5/8/2026 17:05,,,,770,47314,218,07:34.1,,,
76,IDJKT,JKT64,SEGU2511971,B9820li,1b,16,5,3,20,GP,,,,,,,,,F,,,,,,,,,,,,,5/8/2026 16:43,,,,770,47314,218,07:34.1,,,
4143,IDJKT,JKT64,MRLU2389232,,3a,36,5,3,20,GP,,,,,,,,,E,,,,,,,,,,,,,14-08-2026 23:26,,,,770,48527,218,05:07.4,,,
4144,IDJKT,JKT64,MRTU2172333,,3a,28,4,2,20,GP,,,,,,,,,F,,,,,,,,,,,,,14-08-2026 20:06,,,,770,48527,218,05:07.4,,,
4145,IDJKT,JKT64,FCIU6091055,,3a,28,4,1,20,GP,,,,,,,,,F,,,,,,,,,,,,,14-08-2026 20:05,,,,770,48527,218,05:07.4,,,
4146,IDJKT,JKT64,HPCU2227128,,3a,28,1,4,20,GP,,,,,,,,,F,,,,,,,,,,,,,14-08-2026 20:15,,,,770,48527,218,05:07.4,,,
81,IDJKT,JKT64,HALU2049783,B9257,,,,,20,GP,,,,,,,,,F,,,,,,,,,,,,,6/8/2026 3:25,,,,770,47337,218,58:23.1,,,
4147,IDJKT,JKT64,MRTU2218178,,3a,41,1,1,20,GP,,,,,,,,,F,,,,,,,,,,,,,14-08-2026 21:26,,,,770,48527,218,05:07.4,,,
4148,IDJKT,JKT64,HPCU4317370,,3a,40,5,1,40,HC,,,,,,,,,F,,,,,,,,,,,,,14-08-2026 20:37,,,,770,48527,218,05:07.4,,,
84,IDJKT,JKT64,TCKU2078143,B9640,1B,8,1,1,20,GP,,,,,,,,,F,,,,,,,,,,,,,6/8/2026 0:40,,,,770,47337,218,58:23.1,,,
4149,IDJKT,JKT64,MRTU9658754,,3a,44,3,3,40,HC,,,,,,,,,F,,,,,,,,,,,,,14-08-2026 21:54,,,,770,48527,218,05:07.4,,,
4150,IDJKT,JKT64,MRTU9656387,,3a,40,5,2,40,HC,,,,,,,,,F,,,,,,,,,,,,,14-08-2026 20:52,,,,770,48527,218,05:07.4,,,
87,IDJKT,JKT64,MRTU2172863,B9684uek,2a,7,3,2,20,GP,,,,,,,,,F,,,,,,,,,,,,,6/8/2026 0:40,,,,770,47340,218,58:23.4,,,
88,IDJKT,JKT64,HPCU4456484,B9333eb,2a,4,6,1,40,HC,,,,,,,,,F,,,,,,,,,,,,,6/8/2026 0:59,,,,770,47340,218,58:23.4,,,
89,IDJKT,JKT64,MRTU2172117,B9421eak,2a,9,1,1,20,GP,,,,,,,,,F,,,,,,,,,,,,,6/8/2026 2:23,,,,770,47340,218,58:23.4,,,
90,IDJKT,JKT64,MRTU2170562,B9462uie,2a,7,3,4,20,GP,,,,,,,,,F,,,,,,,,,,,,,6/8/2026 0:42,,,,770,47340,218,58:23.4,,,
91,IDJKT,JKT64,MRTU2123658,B9462uie,2a,7,2,1,20,GP,,,,,,,,,F,,,,,,,,,,,,,6/8/2026 0:43,,,,770,47340,218,58:23.4,,,
92,IDJKT,JKT64,TCLU3390343,B9582kei,2a,7,2,2,20,GP,,,,,,,,,F,,,,,,,,,,,,,6/8/2026 0:43,,,,770,47340,218,58:23.4,,,
93,IDJKT,JKT64,MRTU2025034,B9684uek,2a,7,3,3,20,GP,,,,,,,,,F,,,,,,,,,,,,,6/8/2026 0:42,,,,770,47340,218,58:23.4,,,
4151,IDJKT,JKT64,MRTU2293119,,3a,28,4,4,20,GP,,,,,,,,,F,,,,,,,,,,,,,14-08-2026 20:08,,,,770,48527,218,05:07.4,,,
95,IDJKT,JKT64,MRTU2339499,,1b,,,,20,GP,,,,,,,,,F,,,,,,,,,,,,,6/8/2026 11:01,,,,770,47398,218,58:23.4,,,
96,IDJKT,JKT64,MRLU2364701,,1b,,,,20,GP,,,,,,,,,F,,,,,,,,,,,,,6/8/2026 11:00,,,,770,47398,218,58:23.4,,,
97,IDJKT,JKT64,MRLU2387517,,1b,,,,20,GP,,,,,,,,,F,,,,,,,,,,,,,6/8/2026 13:32,,,,770,47398,218,58:23.4,,,
98,IDJKT,JKT64,MRLU2384396,,1b,,,,20,GP,,,,,,,,,F,,,,,,,,,,,,,6/8/2026 13:25,,,,770,47398,218,58:23.4,,,
99,IDJKT,JKT64,MRLU2376214,,,,,,20,GP,,,,,,,,,F,,,,,,,,,,,,,6/8/2026 13:59,,,,770,47398,218,58:23.4,,,
100,IDJKT,JKT64,GESU3312120,,1b,,,,20,GP,,,,,,,,,F,,,,,,,,,,,,,6/8/2026 11:08,,,,770,47398,218,58:23.4,,,
1341,IDJKT,JKT74,MRTU2070394,,,,,,20,GP,,,,,,,,,E,,,,,,,,,,,,,8/8/2026 11:38,,,,770,47688,Cy219,04:41.9,,,
102,IDJKT,JKT64,MRTU2053078,,1b,,,,20,GP,,,,,,,,,F,,,,,,,,,,,,,6/8/2026 11:09,,,,770,47398,218,58:23.4,,,
4152,IDJKT,JKT64,MRTU2120330,,3a,29,5,1,20,GP,,,,,,,,,F,,,,,,,,,,,,,14-08-2026 20:20,,,,770,48527,218,05:07.4,,,
104,IDJKT,JKT64,MRLU2375650,,,,,,20,GP,,,,,,,,,F,,,,,,,,,,,,,6/8/2026 14:02,,,,770,47398,218,58:23.4,,,
105,IDJKT,JKT64,MRLU2355422,,1b,,,,20,GP,,,,,,,,,F,,,,,,,,,,,,,6/8/2026 13:26,,,,770,47398,218,58:23.4,,,
4153,IDJKT,JKT64,MRTU2173448,,3a,41,2,2,20,GP,,,,,,,,,F,,,,,,,,,,,,,14-08-2026 21:27,,,,770,48527,218,05:07.4,,,
4154,IDJKT,JKT64,MRTU2167403,,3a,36,,,20,GP,,,,,,,,,E,,,,,,,,,,,,,14-08-2026 23:27,,,,770,48527,218,05:07.4,,,
4155,IDJKT,JKT64,MRTU2080094,,3a,36,5,1,20,GP,,,,,,,,,E,,,,,,,,,,,,,14-08-2026 23:22,,,,770,48527,218,05:07.4,,,
4156,IDJKT,JKT64,MRTU2191740,,3a,28,1,1,20,GP,,,,,,,,,F,,,,,,,,,,,,,14-08-2026 20:11,,,,770,48527,218,05:07.4,,,
109,IDJKT,JKT64,MRLU2388576,,1b,,,,20,GP,,,,,,,,,F,,,,,,,,,,,,,6/8/2026 13:25,,,,770,47398,218,58:23.4,,,
110,IDJKT,JKT64,GESU2479772,,1b,,,,20,GP,,,,,,,,,F,,,,,,,,,,,,,6/8/2026 13:34,,,,770,47398,218,58:23.4,,,
111,IDJKT,JKT64,MRLU2352439,,1b,,,,20,GP,,,,,,,,,F,,,,,,,,,,,,,6/8/2026 13:57,,,,770,47398,218,58:23.4,,,
112,IDJKT,JKT64,MRLU2351582,,1b,,,,20,GP,,,,,,,,,F,,,,,,,,,,,,,6/8/2026 13:26,,,,770,47398,218,58:23.4,,,
4157,IDJKT,JKT64,MRTU9623022,,3a,40,5,4,40,HC,,,,,,,,,F,,,,,,,,,,,,,14-08-2026 20:54,,,,770,48527,218,05:07.4,,,
114,IDJKT,JKT64,MRLU2354350,,1b,,,,20,GP,,,,,,,,,F,,,,,,,,,,,,,6/8/2026 11:01,,,,770,47398,218,58:23.4,,,
115,IDJKT,JKT64,MRLU2362102,,1b,,,,20,GP,,,,,,,,,F,,,,,,,,,,,,,6/8/2026 13:33,,,,770,47398,218,58:23.4,,,
4158,IDJKT,JKT64,MRTU2206979,,3a,28,1,2,20,GP,,,,,,,,,F,,,,,,,,,,,,,14-08-2026 20:11,,,,770,48527,218,05:07.4,,,
4159,IDJKT,JKT64,MRTU9640950,,3a,44,3,4,40,HC,,,,,,,,,F,,,,,,,,,,,,,14-08-2026 21:57,,,,770,48527,218,05:07.4,,,
1342,IDJKT,JKT74,MRTU2152363,,,,,,20,GP,,,,,,,,,E,,,,,,,,,,,,,8/8/2026 13:26,,,,770,47688,Cy219,04:41.9,,,
4160,IDJKT,JKT64,MRTU2273386,,3a,36,1,1,20,GP,,,,,,,,,E,,,,,,,,,,,,,14-08-2026 23:37,,,,770,48527,218,05:07.4,,,
4161,IDJKT,JKT64,CAAU4973388,,3a,32,6,4,40,HC,,,,,,,,,F,,,,,,,,,,,,,14-08-2026 19:56,,,,770,48527,218,05:07.4,,,
4162,IDJKT,JKT64,MRTU2190234,,3a,41,2,3,20,GP,,,,,,,,,F,,,,,,,,,,,,,14-08-2026 21:30,,,,770,48527,218,05:07.4,,,
4163,IDJKT,JKT64,TXGU8490258,,3a,44,4,2,40,HC,,,,,,,,,F,,,,,,,,,,,,,14-08-2026 21:52,,,,770,48527,218,05:07.4,,,
123,IDJKT,JKT64,MRLU2358313,,3a,13,1,1,20,GP,,,,,,,,,F,,,,,,,,,,,,,6/8/2026 13:49,,,,770,47401,218,58:23.6,,,
124,IDJKT,JKT64,MRLU2368693,,3a,13,2,4,20,GP,,,,,,,,,F,,,,,,,,,,,,,6/8/2026 13:48,,,,770,47401,218,58:23.6,,,
125,IDJKT,JKT64,MRTU2171804,,3a,14,4,1,20,GP,,,,,,,,,F,,,,,,,,,,,,,6/8/2026 15:03,,,,770,47401,218,58:23.6,,,
126,IDJKT,JKT64,HPCU4313225,,3a,40,3,1,40,HC,,,,,,,,,F,,,,,,,,,,,,,6/8/2026 15:08,,,,770,47401,218,58:23.6,,,
127,IDJKT,JKT64,CAIU9560306,,3a,12,6,1,40,HC,,,,,,,,,F,,,,,,,,,,,,,6/8/2026 15:07,,,,770,47401,218,58:23.6,,,
128,IDJKT,JKT64,MRLU2363325,,3a,13,1,2,20,GP,,,,,,,,,F,,,,,,,,,,,,,6/8/2026 13:49,,,,770,47401,218,58:23.6,,,
129,IDJKT,JKT64,MRTU2055846,,3a,14,4,2,20,GP,,,,,,,,,F,,,,,,,,,,,,,6/8/2026 15:04,,,,770,47401,218,58:23.6,,,
130,IDJKT,JKT64,MRLU2357810,,3a,14,5,3,20,GP,,,,,,,,,F,,,,,,,,,,,,,6/8/2026 15:01,,,,770,47401,218,58:23.6,,,
131,IDJKT,JKT64,MRTU2343586,B9796uiy,1A,10,1,1,20,GP,,,,,,,,,F,Ada,,,,,,,,,,,,6/8/2026 15:39,,,,770,47430,218,58:23.8,,,
1343,IDJKT,JKT74,BMOU6035032,,,,,,40,HC,,,,,,,,,E,,,,,,,,,,,,,8/8/2026 9:45,,,,770,47688,Cy219,04:41.9,,,
133,IDJKT,JKT64,MRTU2024125,B9760uiy,2A,2,5,4,20,GP,,,,,,,,,F,Ada,,,,,,,,,,,,6/8/2026 15:35,,,,770,47430,218,58:23.8,,,
134,IDJKT,JKT64,DFSU3193859,B9067uiy,2A,2,2,1,20,GP,,,,,,,,,F,Ada,,,,,,,,,,,,6/8/2026 15:29,,,,770,47430,218,58:23.8,,,
4164,IDJKT,JKT64,MRTU2344366,,3a,36,1,2,20,GP,,,,,,,,,E,,,,,,,,,,,,,14-08-2026 23:38,,,,770,48527,218,05:07.4,,,
1344,IDJKT,JKT74,MRTU9621061,,,,,,40,HC,,,,,,,,,E,,,,,,,,,,,,,8/8/2026 9:48,,,,770,47688,Cy219,04:41.9,,,
4165,IDJKT,JKT64,MRTU2071092,,3a,36,,,20,GP,,,,,,,,,E,,,,,,,,,,,,,14-08-2026 23:23,,,,770,48527,218,05:07.4,,,
1345,IDJKT,JKT74,MRTU2217715,,,,,,20,GP,,,,,,,,,E,,,,,,,,,,,,,8/8/2026 11:36,,,,770,47688,Cy219,04:41.9,,,
1346,IDJKT,JKT74,MRTU2060267,,,,,,20,GP,,,,,,,,,E,,,,,,,,,,,,,8/8/2026 11:39,,,,770,47688,Cy219,04:41.9,,,
4166,IDJKT,JKT64,MRTU9667484,,3a,44,4,1,40,HC,,,,,,,,,F,,,,,,,,,,,,,14-08-2026 21:50,,,,770,48527,218,05:07.4,,,
1347,IDJKT,JKT74,MRTU2090003,,,,,,20,GP,,,,,,,,,E,,,,,,,,,,,,,8/8/2026 11:03,,,,770,47688,Cy219,04:41.9,,,
4167,IDJKT,JKT64,FCIU6079846,,3a,28,1,3,20,GP,,,,,,,,,F,,,,,,,,,,,,,14-08-2026 20:14,,,,770,48527,218,05:07.4,,,
1348,IDJKT,JKT74,HPCU4316292,,,,,,40,HC,,,,,,,,,E,,,,,,,,,,,,,8/8/2026 10:09,,,,770,47688,Cy219,04:41.9,,,
145,IDJKT,JKT64,MRTU2280030,B9316uiy,1A,10,1,3,20,GP,,,,,,,,,F,Ada,,,,,,,,,,,,6/8/2026 15:43,,,,770,47430,218,58:23.8,,,
4169,IDJKT,JKT64,MRTU2325767,,3a,41,2,4,20,GP,,,,,,,,,F,,,,,,,,,,,,,14-08-2026 21:31,,,,770,48527,218,05:07.4,,,
147,IDJKT,JKT64,MRTU2035135,Z9035,2A,1,4,1,20,GP,,,,,,,,,F,,,,,,,,,,,,,6/8/2026 22:43,,,,770,47473,218,58:32.0,,,
148,IDJKT,JKT64,HPCU4316923,B9192,2A,14,1,3,40,HC,,,,,,,,,F,,,,,,,,,,,,,6/8/2026 21:57,,,,770,47473,218,58:32.0,,,
149,IDJKT,JKT64,GESU6577735,B9375teh,1b,6,3,2,40,HC,,,,,,,,,F,,,,,,,,,,,,,6/8/2026 23:51,,,,770,47462,218,58:38.9,,,
150,IDJKT,JKT64,MRTU2022544,B9646uwy,1b,7,4,1,20,GP,,,,,,,,,F,,,,,,,,,,,,,6/8/2026 20:28,,,,770,47462,218,58:38.9,,,
151,IDJKT,JKT64,MRTU2165967,L8210uv,1b,7,4,4,20,GP,,,,,,,,,F,,,,,,,,,,,,,6/8/2026 22:48,,,,770,47462,218,58:38.9,,,
152,IDJKT,JKT64,MRTU2049735,B9115uiy,1b,7,4,3,20,GP,,,,,,,,,F,,,,,,,,,,,,,6/8/2026 20:30,,,,770,47462,218,58:38.9,,,
153,IDJKT,JKT64,MRTU2276580,B9737pej,1b,7,4,5,20,GP,,,,,,,,,F,,,,,,,,,,,,,6/8/2026 23:22,,,,770,47462,218,58:38.9,,,
154,IDJKT,JKT64,MRTU2040234,B9435seh,1b,7,4,6,20,GP,,,,,,,,,F,,,,,,,,,,,,,6/8/2026 23:32,,,,770,47462,218,58:38.9,,,
155,IDJKT,JKT64,MRTU2193423,B9333uiy,,,,,20,GP,,,,,,,,,F,,,,,,,,,,,,,6/8/2026 22:03,,,,770,47462,218,58:38.9,,,
156,IDJKT,JKT64,MRTU2198718,B9815ad,,,,,20,GP,,,,,,,,,F,,,,,,,,,,,,,6/8/2026 22:16,,,,770,47462,218,58:38.9,,,
157,IDJKT,JKT64,TEMU5181587,B9050uwy,1b,7,4,2,20,GP,,,,,,,,,F,,,,,,,,,,,,,6/8/2026 20:29,,,,770,47462,218,58:38.9,,,
158,IDJKT,JKT64,MRTU9632507,B9155jp,1b,6,3,1,40,HC,,,,,,,,,F,,,,,,,,,,,,,6/8/2026 23:50,,,,770,47462,218,58:38.9,,,
159,IDJKT,JKT64,TCNU4370837,B9818uwy,3a,6,5,1,40,HC,,,,,,,,,F,3.24806,,,,,,,,,,,,6/8/2026 22:09,,,,770,47455,218,58:39.1,,,
160,IDJKT,JKT64,SEGU4936759,B9928uiy,3a,6,1,1,40,HC,,,,,,,,,F,2.9348,,,,,,,,,,,,6/8/2026 22:08,,,,770,47455,218,58:39.1,,,
7022,IDJKT,JKT56,MRTU9627809,,1b,24,2,3,40,HC,,,,,,,,,F,,,,,,,,,,,,,31-08-2026 15:28,,,,770,50498,213,37:32.0,,,
4905,IDJKT,JKT64,CMAU2676827,Ht08,,,,,20,GP,,,,,,,,,F,,,,,,,,,,,,,27-08-2026 03:18,,,,770,49941,218,15:10.5,,,
4168,IDJKT,JKT64,MRTU2205334,,,,,,20,GP,,,,,,,,,F,,,,,,,,,,,,,14-08-2026 20:07,,,,770,48527,218,05:07.4,,,
163,IDJKT,JKT64,MRTU2310685,B9820in,3a,42,1,1,20,GP,,,,,,,,,F,,,,,,,,,,,,,6/8/2026 23:52,,,,770,47459,218,58:39.1,,,
164,IDJKT,JKT64,SEGU3956175,B9402ueh,3a,34,5,1,20,GP,,,,,,,,,F,,,,,,,,,,,,,6/8/2026 23:34,,,,770,47459,218,58:39.1,,,
165,IDJKT,JKT64,MRLU2364384,B9378teh,1b,11,5,2,20,GP,,,,,,,,,F,,,,,,,,,,,,,7/8/2026 0:26,,,,770,47477,218,59:03.0,,,
4170,IDJKT,JKT74,TRLU9649739,,,,,,20,GP,,,,,,,,,E,,,,,,,,,,,,,26-08-2026 10:54,,,,770,49901,Cy219,15:07.6,,,
167,IDJKT,JKT64,TCNU5454871,B9253bel,3a,6,5,2,40,HC,,,,,,,,,F,J293246,,,,,,,,,,,,7/8/2026 0:11,,,,770,47474,218,59:03.1,,,
4171,IDJKT,JKT74,TEGU2928040,,,,,,20,GP,,,,,,,,,E,,,,,,,,,,,,,26-08-2026 10:58,,,,770,49901,Cy219,15:07.6,,,
4172,IDJKT,JKT74,TEGU3082255,,,,,,20,GP,,,,,,,,,E,,,,,,,,,,,,,26-08-2026 13:47,,,,770,49901,Cy219,15:07.6,,,
170,IDJKT,JKT64,MRLU2311933,B9520,2A,5,1,1,20,EC,,,,,,,,,F,,,,,,,,,,,,,7/8/2026 0:44,,,,770,47475,218,59:11.8,,,
171,IDJKT,JKT64,MRTU2337330,B9761,2A,5,1,2,20,GP,,,,,,,,,F,,,,,,,,,,,,,7/8/2026 1:40,,,,770,47475,218,59:11.8,,,
4173,IDJKT,JKT74,TEGU7076250,,,,,,20,GP,,,,,,,,,E,,,,,,,,,,,,,26-08-2026 10:44,,,,770,49901,Cy219,15:07.6,,,
173,IDJKT,JKT74,MRTU9620825,,,,,,40,HC,,,,,,,,,E,,,,,,,,,,,,,7/8/2026 10:27,,,,770,47555,Cy29,02:47.0,,,
174,IDJKT,JKT74,MRTU9610339,,,,,,40,HC,,,,,,,,,E,,,,,,,,,,,,,7/8/2026 10:27,,,,770,47555,Cy29,02:47.0,,,
175,IDJKT,JKT74,MRTU2006230,,,,,,20,GP,,,,,,,,,E,,,,,,,,,,,,,7/8/2026 11:35,,,,770,47555,Cy29,02:47.0,,,
176,IDJKT,JKT74,MRTU2205205,,,,,,20,GP,,,,,,,,,E,,,,,,,,,,,,,7/8/2026 11:34,,,,770,47555,Cy29,02:47.0,,,
177,IDJKT,JKT74,SEGU4885013,,,,,,40,HC,,,,,,,,,E,,,,,,,,,,,,,7/8/2026 10:28,,,,770,47555,Cy29,02:47.0,,,
178,IDJKT,JKT74,MRTU2152131,,,,,,20,GP,,,,,,,,,E,,,,,,,,,,,,,7/8/2026 11:39,,,,770,47555,Cy29,02:47.0,,,
179,IDJKT,JKT74,MRTU9621729,,,,,,40,HC,,,,,,,,,E,,,,,,,,,,,,,7/8/2026 10:58,,,,770,47555,Cy29,02:47.0,,,
180,IDJKT,JKT74,MRTU2036595,,,,,,20,GP,,,,,,,,,E,,,,,,,,,,,,,7/8/2026 11:35,,,,770,47555,Cy29,02:47.0,,,
181,IDJKT,JKT74,MRTU2061031,,,,,,20,GP,,,,,,,,,E,,,,,,,,,,,,,7/8/2026 11:35,,,,770,47555,Cy29,02:47.0,,,
182,IDJKT,JKT74,TXGU4073404,,,,,,40,HC,,,,,,,,,E,,,,,,,,,,,,,7/8/2026 10:26,,,,770,47555,Cy29,02:47.0,,,
183,IDJKT,JKT74,MRTU2268991,,,,,,20,GP,,,,,,,,,E,,,,,,,,,,,,,7/8/2026 11:34,,,,770,47555,Cy29,02:47.0,,,
184,IDJKT,JKT74,MRTU2026262,,,,,,20,GP,,,,,,,,,E,,,,,,,,,,,,,7/8/2026 11:33,,,,770,47555,Cy29,02:47.0,,,
185,IDJKT,JKT74,MRLU2374269,,,,,,20,GP,,,,,,,,,E,,,,,,,,,,,,,7/8/2026 11:38,,,,770,47555,Cy29,02:47.0,,,
186,IDJKT,JKT74,MRTU2210979,,,,,,20,GP,,,,,,,,,E,,,,,,,,,,,,,7/8/2026 11:40,,,,770,47555,Cy29,02:47.0,,,
187,IDJKT,JKT74,HPCU4316939,,,,,,40,HC,,,,,,,,,E,,,,,,,,,,,,,7/8/2026 10:39,,,,770,47555,Cy29,02:47.0,,,
188,IDJKT,JKT74,MRTU9629210,,,,,,40,HC,,,,,,,,,E,,,,,,,,,,,,,7/8/2026 10:29,,,,770,47555,Cy29,02:47.0,,,
189,IDJKT,JKT74,MRTU2095849,,,,,,20,GP,,,,,,,,,E,,,,,,,,,,,,,7/8/2026 11:34,,,,770,47555,Cy29,02:47.0,,,
190,IDJKT,JKT74,MRTU9672135,,,,,,40,HC,,,,,,,,,E,,,,,,,,,,,,,7/8/2026 10:25,,,,770,47555,Cy29,02:47.0,,,
191,IDJKT,JKT74,MRTU2024697,,,,,,20,GP,,,,,,,,,E,,,,,,,,,,,,,7/8/2026 11:33,,,,770,47555,Cy29,02:47.0,,,
192,IDJKT,JKT74,MRTU2227061,,,,,,20,GP,,,,,,,,,E,,,,,,,,,,,,,7/8/2026 11:41,,,,770,47555,Cy29,02:47.0,,,
193,IDJKT,JKT74,MRTU2012340,,,,,,20,GP,,,,,,,,,E,,,,,,,,,,,,,7/8/2026 11:37,,,,770,47555,Cy29,02:47.0,,,
194,IDJKT,JKT74,MRTU2199988,,,,,,20,GP,,,,,,,,,E,,,,,,,,,,,,,7/8/2026 11:39,,,,770,47555,Cy29,02:47.0,,,
195,IDJKT,JKT74,MRTU2119128,,,,,,20,GP,,,,,,,,,E,,,,,,,,,,,,,7/8/2026 11:41,,,,770,47555,Cy29,02:47.0,,,
196,IDJKT,JKT74,MRTU9662250,,,,,,40,HC,,,,,,,,,E,,,,,,,,,,,,,7/8/2026 10:24,,,,770,47555,Cy29,02:47.0,,,
197,IDJKT,JKT74,MRTU2100375,,,,,,20,GP,,,,,,,,,E,,,,,,,,,,,,,7/8/2026 11:39,,,,770,47555,Cy29,02:47.0,,,
198,IDJKT,JKT74,MRTU9667653,,,,,,40,HC,,,,,,,,,E,,,,,,,,,,,,,7/8/2026 10:24,,,,770,47555,Cy29,02:47.0,,,
199,IDJKT,JKT74,MRTU2048852,,,,,,20,GP,,,,,,,,,E,,,,,,,,,,,,,7/8/2026 11:40,,,,770,47555,Cy29,02:47.0,,,
200,IDJKT,JKT74,MRTU2136090,,,,,,20,GP,,,,,,,,,E,,,,,,,,,,,,,7/8/2026 11:38,,,,770,47555,Cy29,02:47.0,,,
201,IDJKT,JKT74,TXGU8956011,,,,,,40,HC,,,,,,,,,E,,,,,,,,,,,,,7/8/2026 10:30,,,,770,47555,Cy29,02:47.0,,,
202,IDJKT,JKT74,SEGU4854178,,,,,,40,HC,,,,,,,,,E,,,,,,,,,,,,,7/8/2026 10:28,,,,770,47555,Cy29,02:47.0,,,
203,IDJKT,JKT74,MRTU2075776,,,,,,20,GP,,,,,,,,,E,,,,,,,,,,,,,7/8/2026 11:42,,,,770,47555,Cy29,02:47.0,,,
204,IDJKT,JKT74,MRTU2092053,,,,,,20,GP,,,,,,,,,E,,,,,,,,,,,,,7/8/2026 11:37,,,,770,47555,Cy29,02:47.0,,,
205,IDJKT,JKT74,MRTU9616471,,,,,,40,HC,,,,,,,,,E,,,,,,,,,,,,,7/8/2026 10:29,,,,770,47555,Cy29,02:47.0,,,
206,IDJKT,JKT74,TLLU8134640,,,,,,40,HC,,,,,,,,,E,,,,,,,,,,,,,7/8/2026 10:29,,,,770,47555,Cy29,02:47.0,,,
207,IDJKT,JKT74,FCIU7020056,,,,,,40,HC,,,,,,,,,E,,,,,,,,,,,,,7/8/2026 10:26,,,,770,47555,Cy29,02:47.0,,,
208,IDJKT,JKT74,MRTU9666997,,,,,,40,HC,,,,,,,,,E,,,,,,,,,,,,,7/8/2026 10:26,,,,770,47555,Cy29,02:47.0,,,
209,IDJKT,JKT74,MRTU2163542,,,,,,20,GP,,,,,,,,,E,,,,,,,,,,,,,7/8/2026 11:41,,,,770,47555,Cy29,02:47.0,,,
210,IDJKT,JKT74,TXGU8461711,,,,,,40,HC,,,,,,,,,E,,,,,,,,,,,,,7/8/2026 10:27,,,,770,47555,Cy29,02:47.0,,,
211,IDJKT,JKT74,MRTU2039779,,,,,,20,GP,,,,,,,,,E,,,,,,,,,,,,,7/8/2026 11:38,,,,770,47555,Cy29,02:47.0,,,
212,IDJKT,JKT64,MRTU2235637,Ht27,3A,17,2,3,20,GP,,,,,,,,,F,Ada,,,,,,,,,,,,7/8/2026 14:47,,,,770,47531,218,02:47.6,,,
213,IDJKT,JKT64,TRHU8890595,Ht23,3A,6,6,1,40,HC,,,,,,,,,E,,,,,,,,,,,,,7/8/2026 10:35,,,,770,47531,218,02:47.6,,,
4174,IDJKT,JKT74,TEGU3082506,,,,,,20,GP,,,,,,,,,E,,,,,,,,,,,,,26-08-2026 11:28,,,,770,49901,Cy219,15:07.6,,,
2858,IDJKT,JKT74,MRTU9622181,,,,,,40,HC,,,,,,,,,E,,,,,,,,,,,,,9/8/2026 20:16,,,,770,47833,219,06:49.4,,,
216,IDJKT,JKT64,MRTU2256239,Ht28,3A,17,2,2,20,GP,,,,,,,,,F,Ada,,,,,,,,,,,,7/8/2026 14:44,,,,770,47531,218,02:47.6,,,
217,IDJKT,JKT64,MRTU2239205,Ht05,3A,15,6,1,20,GP,,,,,,,,,F,Ada,,,,,,,,,,,,7/8/2026 15:41,,,,770,47531,218,02:47.6,,,
218,IDJKT,JKT64,TRHU8891138,Ht12,3A,18,6,3,40,HC,,,,,,,,,E,,,,,,,,,,,,,7/8/2026 13:41,,,,770,47531,218,02:47.6,,,
219,IDJKT,JKT64,MRTU9653984,Ht02,3A,6,6,2,40,HC,,,,,,,,,E,,,,,,,,,,,,,7/8/2026 10:37,,,,770,47531,218,02:47.6,,,
220,IDJKT,JKT64,MRTU2214819,Ht01,3A,15,3,3,20,GP,,,,,,,,,F,Ada,,,,,,,,,,,,7/8/2026 15:37,,,,770,47531,218,02:47.6,,,
221,IDJKT,JKT64,MRTU9648648,Ht29,3A,18,5,3,40,HC,,,,,,,,,E,,,,,,,,,,,,,7/8/2026 14:25,,,,770,47531,218,02:47.6,,,
4176,IDJKT,JKT74,TEGU3002521,,,,,,20,GP,,,,,,,,,E,,,,,,,,,,,,,26-08-2026 10:31,,,,770,49901,Cy219,15:07.6,,,
223,IDJKT,JKT64,HPCU2983790,Ht30,3A,17,6,1,20,GP,,,,,,,,,F,Ada,,,,,,,,,,,,7/8/2026 14:00,,,,770,47531,218,02:47.6,,,
4177,IDJKT,JKT74,TEGU2950358,,,,,,20,GP,,,,,,,,,E,,,,,,,,,,,,,26-08-2026 09:41,,,,770,49901,Cy219,15:07.6,,,
225,IDJKT,JKT64,TCLU8470550,Ht13,3A,6,6,3,40,HC,,,,,,,,,E,,,,,,,,,,,,,7/8/2026 10:39,,,,770,47531,218,02:47.6,,,
4178,IDJKT,JKT74,TEGU2959530,,,,,,20,GP,,,,,,,,,E,,,,,,,,,,,,,26-08-2026 09:42,,,,770,49901,Cy219,15:07.6,,,
227,IDJKT,JKT64,HPCU2230501,Ht08,3A,8,3,4,20,GP,,,,,,,,,F,Ada,,,,,,,,,,,,7/8/2026 15:16,,,,770,47531,218,02:47.6,,,
228,IDJKT,JKT64,HPCU2231093,Ht27,3A,16,3,4,20,GP,,,,,,,,,E,Ada,,,,,,,,,,,,7/8/2026 15:28,,,,770,47531,218,02:47.6,,,
229,IDJKT,JKT64,MRTU2095073,Ht25,3A,17,6,4,20,GP,,,,,,,,,F,Ada,,,,,,,,,,,,7/8/2026 14:38,,,,770,47531,218,02:47.6,,,
4180,IDJKT,JKT74,TEGU7035293,,,,,,20,GP,,,,,,,,,E,,,,,,,,,,,,,26-08-2026 10:28,,,,770,49901,Cy219,15:07.6,,,
4181,IDJKT,JKT74,TEGU3024048,,,,,,20,GP,,,,,,,,,E,,,,,,,,,,,,,26-08-2026 11:44,,,,770,49901,Cy219,15:07.6,,,
233,IDJKT,JKT64,MRTU2014580,Ht08,3A,8,3,3,20,GP,,,,,,,,,F,Ada,,,,,,,,,,,,7/8/2026 15:16,,,,770,47531,218,02:47.6,,,
234,IDJKT,JKT64,MRTU9644982,Ht24,3A,18,6,1,40,HC,,,,,,,,,F,Ada,,,,,,,,,,,,7/8/2026 9:39,,,,770,47531,218,02:47.6,,,
235,IDJKT,JKT64,MRLU5213777,Ht30,3A,18,5,1,40,HC,,,,,,,,,E,,,,,,,,,,,,,7/8/2026 13:39,,,,770,47531,218,02:47.6,,,
236,IDJKT,JKT64,MRTU2029908,Ht30,3A,16,3,1,20,GP,,,,,,,,,F,Ada,,,,,,,,,,,,7/8/2026 15:25,,,,770,47531,218,02:47.6,,,
237,IDJKT,JKT64,MRTU2029174,Ht04,3A,8,3,2,20,GP,,,,,,,,,F,Ada,,,,,,,,,,,,7/8/2026 15:15,,,,770,47531,218,02:47.6,,,
4182,IDJKT,JKT74,TEGU3034787,,,,,,20,GP,,,,,,,,,E,,,,,,,,,,,,,26-08-2026 10:25,,,,770,49901,Cy219,15:07.6,,,
240,IDJKT,JKT64,HPCU2232994,Ht27,3A,16,3,3,20,GP,,,,,,,,,F,Ada,,,,,,,,,,,,7/8/2026 15:28,,,,770,47531,218,02:47.6,,,
4184,IDJKT,JKT74,TEGU3088021,,,,,,20,GP,,,,,,,,,E,,,,,,,,,,,,,26-08-2026 10:17,,,,770,49901,Cy219,15:07.6,,,
243,IDJKT,JKT64,MRTU2261148,Ht03,3A,15,3,1,20,GP,,,,,,,,,F,Ada,,,,,,,,,,,,7/8/2026 15:34,,,,770,47531,218,02:47.6,,,
4185,IDJKT,JKT74,TEGU3070995,,,,,,20,GP,,,,,,,,,E,,,,,,,,,,,,,26-08-2026 11:29,,,,770,49901,Cy219,15:07.6,,,
245,IDJKT,JKT64,MRTU9615048,Ht29,3A,6,6,4,40,HC,,,,,,,,,E,,,,,,,,,,,,,7/8/2026 11:02,,,,770,47531,218,02:47.6,,,
4186,IDJKT,JKT74,TEGU3082466,,,,,,20,GP,,,,,,,,,E,,,,,,,,,,,,,26-08-2026 10:16,,,,770,49901,Cy219,15:07.6,,,
3170,IDJKT,JKT64,SEGU3956771,Ht14,3a,36,3,3,20,GP,,,,,,,,,F,,,,,,,,,,,,,10/8/2026 9:16,,,,770,47907,218,07:37.5,,,
248,IDJKT,JKT64,TRHU8891760,8,1b,,,,40,HC,,,,,,,,,E,,,,,,,,,,,,,7/8/2026 11:45,,,,770,47549,218,02:47.8,,,
249,IDJKT,JKT64,MRTU2017419,6,1b,,,,20,GP,,,,,,,,,F,,,,,,,,,,,,,7/8/2026 14:10,,,,770,47549,218,02:47.8,,,
250,IDJKT,JKT64,CRSU1023861,7,1b,,,,20,GP,,,,,,,,,F,,,,,,,,,,,,,7/8/2026 15:24,,,,770,47549,218,02:47.8,,,
3171,IDJKT,JKT64,MRTU9610299,Ht21,3a,46,3,2,40,HC,,,,,,,,,E,,,,,,,,,,,,,10/8/2026 11:48,,,,770,47907,218,07:37.5,,,
3172,IDJKT,JKT64,MRTU9614334,Ht21,3a,30,1,3,40,HC,,,,,,,,,E,,,,,,,,,,,,,10/8/2026 11:05,,,,770,47907,218,07:37.5,,,
253,IDJKT,JKT64,MRTU9615095,4,1b,,,,40,HC,,,,,,,,,E,,,,,,,,,,,,,7/8/2026 11:49,,,,770,47549,218,02:47.8,,,
1349,IDJKT,JKT74,FCIU6084225,,,,,,20,GP,,,,,,,,,E,,,,,,,,,,,,,8/8/2026 11:27,,,,770,47688,Cy219,04:41.9,,,
255,IDJKT,JKT64,GESU6823891,9,1b,,,,40,HC,,,,,,,,,E,,,,,,,,,,,,,7/8/2026 11:45,,,,770,47549,218,02:47.8,,,
256,IDJKT,JKT64,MRTU2205843,6,1b,,,,20,GP,,,,,,,,,E,,,,,,,,,,,,,7/8/2026 15:13,,,,770,47549,218,02:47.8,,,
257,IDJKT,JKT64,MRTU2225372,6,1b,,,,20,GP,,,,,,,,,F,,,,,,,,,,,,,7/8/2026 13:46,,,,770,47549,218,02:47.8,,,
4187,IDJKT,JKT74,TEGU2993540,,,,,,20,GP,,,,,,,,,E,,,,,,,,,,,,,26-08-2026 10:43,,,,770,49901,Cy219,15:07.6,,,
259,IDJKT,JKT64,MRTU2302334,5,1b,,,,20,GP,,,,,,,,,F,,,,,,,,,,,,,7/8/2026 15:43,,,,770,47549,218,02:47.8,,,
260,IDJKT,JKT64,MRTU2312461,6,1b,,,,20,GP,,,,,,,,,F,,,,,,,,,,,,,7/8/2026 14:10,,,,770,47549,218,02:47.8,,,
7023,IDJKT,JKT56,TXGU8903109,,1b,24,2,2,40,HC,,,,,,,,,F,,,,,,,,,,,,,31-08-2026 13:34,,,,770,50498,213,37:32.0,,,
262,IDJKT,JKT64,MRTU2016201,6,1b,,,,20,GP,,,,,,,,,F,,,,,,,,,,,,,7/8/2026 15:43,,,,770,47549,218,02:47.8,,,
1350,IDJKT,JKT74,MRTU9611150,,,,,,40,HC,,,,,,,,,E,,,,,,,,,,,,,8/8/2026 10:07,,,,770,47688,Cy219,04:41.9,,,
1351,IDJKT,JKT74,MRTU2098771,,,,,,20,GP,,,,,,,,,E,,,,,,,,,,,,,8/8/2026 11:36,,,,770,47688,Cy219,04:41.9,,,
4189,IDJKT,JKT74,TEGU2997680,,,,,,20,GP,,,,,,,,,E,,,,,,,,,,,,,26-08-2026 14:09,,,,770,49901,Cy219,15:07.6,,,
1352,IDJKT,JKT74,MRTU2268667,,,,,,20,GP,,,,,,,,,E,,,,,,,,,,,,,8/8/2026 14:11,,,,770,47688,Cy219,04:41.9,,,
1353,IDJKT,JKT74,MRTU2315136,,,,,,20,GP,,,,,,,,,E,,,,,,,,,,,,,8/8/2026 10:57,,,,770,47688,Cy219,04:41.9,,,
1354,IDJKT,JKT74,MRTU2018333,,,,,,20,GP,,,,,,,,,E,,,,,,,,,,,,,8/8/2026 13:16,,,,770,47688,Cy219,04:41.9,,,
1355,IDJKT,JKT74,MRTU2049308,,,,,,20,GP,,,,,,,,,E,,,,,,,,,,,,,8/8/2026 14:07,,,,770,47688,Cy219,04:41.9,,,
271,IDJKT,JKT74,CRXU1288327,Ht22,C,8,5,1,20,GP,,,,,,,,,E,,,,,,,,,,,,,7/8/2026 13:58,,,,770,47534,219,02:48.0,,,
1356,IDJKT,JKT74,MRTU2045792,,,,,,20,GP,,,,,,,,,E,,,,,,,,,,,,,8/8/2026 11:33,,,,770,47688,Cy219,04:41.9,,,
273,IDJKT,JKT74,MRTU2019216,Ht09,C,10,,,20,GP,,,,,,,,,E,,,,,,,,,,,,,7/8/2026 14:12,,,,770,47534,219,02:48.0,,,
1357,IDJKT,JKT74,MRTU2218645,,,,,,20,GP,,,,,,,,,E,,,,,,,,,,,,,8/8/2026 14:09,,,,770,47688,Cy219,04:41.9,,,
3173,IDJKT,JKT64,MRTU2121866,Ht17,3a,36,2,4,20,GP,,,,,,,,,F,,,,,,,,,,,,,10/8/2026 9:08,,,,770,47907,218,07:37.5,,,
276,IDJKT,JKT74,MRTU2085368,Ht27,C,10,9,4,20,GP,,,,,,,,,E,,,,,,,,,,,,,7/8/2026 14:09,,,,770,47534,219,02:48.0,,,
1358,IDJKT,JKT74,MRTU2026811,,,,,,20,GP,,,,,,,,,E,,,,,,,,,,,,,8/8/2026 11:05,,,,770,47688,Cy219,04:41.9,,,
1359,IDJKT,JKT74,MRLU2378520,,,,,,20,GP,,,,,,,,,E,,,,,,,,,,,,,8/8/2026 11:27,,,,770,47688,Cy219,04:41.9,,,
1360,IDJKT,JKT74,TGHU1495283,,,,,,20,GP,,,,,,,,,E,,,,,,,,,,,,,8/8/2026 14:15,,,,770,47688,Cy219,04:41.9,,,
3174,IDJKT,JKT64,MRTU9632549,Ht18,3a,6,3,3,40,HC,,,,,,,,,E,,,,,,,,,,,,,10/8/2026 12:05,,,,770,47907,218,07:37.5,,,
3175,IDJKT,JKT64,MRTU2343884,Ht12,3a,35,2,4,20,GP,,,,,,,,,F,,,,,,,,,,,,,10/8/2026 8:40,,,,770,47907,218,07:37.5,,,
7024,IDJKT,JKT56,MRTU9609600,,1b,24,1,1,40,HC,,,,,,,,,F,,,,,,,,,,,,,31-08-2026 15:26,,,,770,50498,213,37:32.0,,,
1361,IDJKT,JKT74,MRTU9616065,,,,,,40,HC,,,,,,,,,E,,,,,,,,,,,,,8/8/2026 9:43,,,,770,47688,Cy219,04:41.9,,,
4191,IDJKT,JKT74,IPXU3921117,,,,,,20,GP,,,,,,,,,E,,,,,,,,,,,,,26-08-2026 13:58,,,,770,49901,Cy219,15:07.6,,,
4192,IDJKT,JKT74,TEGU3068350,,,,,,20,GP,,,,,,,,,E,,,,,,,,,,,,,26-08-2026 10:12,,,,770,49901,Cy219,15:07.6,,,
284,IDJKT,JKT74,HPCU4317323,Ht05,B,10,9,2,40,HC,,,,,,,,,E,,,,,,,,,,,,,7/8/2026 12:05,,,,770,47534,219,02:48.0,,,
1362,IDJKT,JKT74,MRTU2114580,,,,,,20,GP,,,,,,,,,E,,,,,,,,,,,,,8/8/2026 11:11,,,,770,47688,Cy219,04:41.9,,,
1363,IDJKT,JKT74,TRHU2978668,,,,,,20,GP,,,,,,,,,E,,,,,,,,,,,,,8/8/2026 11:08,,,,770,47688,Cy219,04:41.9,,,
287,IDJKT,JKT74,DNAU4010581,Ht14,B,8,8,1,40,GP,,,,,,,,,E,,,,,,,,,,,,,7/8/2026 10:22,,,,770,47534,219,02:48.0,,,
4193,IDJKT,JKT74,TEGU7024874,,,,,,20,GP,,,,,,,,,E,,,,,,,,,,,,,26-08-2026 10:14,,,,770,49901,Cy219,15:07.6,,,
1364,IDJKT,JKT74,SEGU4934817,,,,,,40,HC,,,,,,,,,E,,,,,,,,,,,,,8/8/2026 9:44,,,,770,47688,Cy219,04:41.9,,,
1365,IDJKT,JKT74,MRTU2008211,,,,,,20,GP,,,,,,,,,E,,,,,,,,,,,,,8/8/2026 11:19,,,,770,47688,Cy219,04:41.9,,,
1366,IDJKT,JKT74,MRLU2383342,,,,,,20,GP,,,,,,,,,E,,,,,,,,,,,,,8/8/2026 11:06,,,,770,47688,Cy219,04:41.9,,,
1367,IDJKT,JKT74,MRTU2016259,,,,,,20,GP,,,,,,,,,E,,,,,,,,,,,,,8/8/2026 13:28,,,,770,47688,Cy219,04:41.9,,,
4194,IDJKT,JKT74,TRLU9657380,,,,,,20,GP,,,,,,,,,E,,,,,,,,,,,,,26-08-2026 10:58,,,,770,49901,Cy219,15:07.6,,,
1368,IDJKT,JKT74,MRTU2032624,,,,,,20,GP,,,,,,,,,E,,,,,,,,,,,,,8/8/2026 13:24,,,,770,47688,Cy219,04:41.9,,,
1369,IDJKT,JKT74,MRTU2027021,,,,,,20,GP,,,,,,,,,E,,,,,,,,,,,,,8/8/2026 11:17,,,,770,47688,Cy219,04:41.9,,,
296,IDJKT,JKT74,MRTU2121737,Ht17,C,10,,,20,GP,,,,,,,,,E,,,,,,,,,,,,,7/8/2026 14:10,,,,770,47534,219,02:48.0,,,
1370,IDJKT,JKT74,MRTU2115734,,,,,,20,GP,,,,,,,,,E,,,,,,,,,,,,,8/8/2026 11:30,,,,770,47688,Cy219,04:41.9,,,
4195,IDJKT,JKT74,TEGU3007288,,,,,,20,GP,,,,,,,,,E,,,,,,,,,,,,,26-08-2026 13:24,,,,770,49901,Cy219,15:07.6,,,
1372,IDJKT,JKT74,MRTU2169514,,,,,,20,GP,,,,,,,,,E,,,,,,,,,,,,,8/8/2026 11:30,,,,770,47688,Cy219,04:41.9,,,
4197,IDJKT,JKT74,TEGU3086712,,,,,,20,GP,,,,,,,,,E,,,,,,,,,,,,,26-08-2026 11:25,,,,770,49901,Cy219,15:07.6,,,
7025,IDJKT,JKT56,CAJU5103033,,1b,24,5,1,40,HC,,,,,,,,,F,,,,,,,,,,,,,31-08-2026 15:26,,,,770,50498,213,37:32.0,,,
303,IDJKT,JKT74,MRTU9611926,Ht01,B,8,7,3,40,HC,,,,,,,,,E,,,,,,,,,,,,,7/8/2026 8:28,,,,770,47534,219,02:48.0,,,
1374,IDJKT,JKT74,MRTU2048106,,,,,,20,GP,,,,,,,,,E,,,,,,,,,,,,,8/8/2026 14:11,,,,770,47688,Cy219,04:41.9,,,
1375,IDJKT,JKT74,CRXU1288939,,,,,,20,GP,,,,,,,,,E,,,,,,,,,,,,,8/8/2026 11:12,,,,770,47688,Cy219,04:41.9,,,
1376,IDJKT,JKT74,MRTU2245044,,,,,,20,GP,,,,,,,,,E,,,,,,,,,,,,,8/8/2026 10:58,,,,770,47688,Cy219,04:41.9,,,
1377,IDJKT,JKT74,GESU3595252,,,,,,20,GP,,,,,,,,,E,,,,,,,,,,,,,8/8/2026 11:33,,,,770,47688,Cy219,04:41.9,,,
1378,IDJKT,JKT74,MRTU2043526,,,,,,20,GP,,,,,,,,,E,,,,,,,,,,,,,8/8/2026 11:52,,,,770,47688,Cy219,04:41.9,,,
2866,IDJKT,JKT74,MRTU9603474,,,,,,40,HC,,,,,,,,,E,,,,,,,,,,,,,9/8/2026 20:06,,,,770,47833,219,06:57.7,,,
1379,IDJKT,JKT74,MRTU2247725,,,,,,20,GP,,,,,,,,,E,,,,,,,,,,,,,8/8/2026 14:14,,,,770,47688,Cy219,04:41.9,,,
7026,IDJKT,JKT56,FCIU7022974,,1b,24,5,2,40,HC,,,,,,,,,F,,,,,,,,,,,,,31-08-2026 15:33,,,,770,50498,213,37:32.0,,,
1380,IDJKT,JKT74,MRTU2102547,,,,,,20,GP,,,,,,,,,E,,,,,,,,,,,,,8/8/2026 13:23,,,,770,47688,Cy219,04:41.9,,,
1381,IDJKT,JKT74,MRTU2074996,,,,,,20,GP,,,,,,,,,E,,,,,,,,,,,,,8/8/2026 13:28,,,,770,47688,Cy219,04:41.9,,,
4200,IDJKT,JKT74,TEGU7043724,,,,,,20,GP,,,,,,,,,E,,,,,,,,,,,,,26-08-2026 13:25,,,,770,49901,Cy219,15:07.6,,,
316,IDJKT,JKT74,MRTU2172415,Ht17,C,10,,,20,GP,,,,,,,,,E,,,,,,,,,,,,,7/8/2026 14:10,,,,770,47534,219,02:48.0,,,
1382,IDJKT,JKT74,MRTU2297752,,,,,,20,GP,,,,,,,,,E,,,,,,,,,,,,,8/8/2026 11:08,,,,770,47688,Cy219,04:41.9,,,
4201,IDJKT,JKT74,TEGU3082893,,,,,,20,GP,,,,,,,,,E,,,,,,,,,,,,,26-08-2026 10:41,,,,770,49901,Cy219,15:07.6,,,
1383,IDJKT,JKT74,MRTU2280549,,,,,,20,GP,,,,,,,,,E,,,,,,,,,,,,,8/8/2026 11:00,,,,770,47688,Cy219,04:41.9,,,
4202,IDJKT,JKT74,TEGU3075678,,,,,,20,GP,,,,,,,,,E,,,,,,,,,,,,,26-08-2026 11:26,,,,770,49901,Cy219,15:07.6,,,
4203,IDJKT,JKT74,TEGU3011816,,,,,,20,GP,,,,,,,,,E,,,,,,,,,,,,,26-08-2026 10:49,,,,770,49901,Cy219,15:07.6,,,
1384,IDJKT,JKT74,MRTU2062341,,,,,,20,GP,,,,,,,,,E,,,,,,,,,,,,,8/8/2026 11:53,,,,770,47688,Cy219,04:41.9,,,
1385,IDJKT,JKT74,MRTU2257127,,,,,,20,GP,,,,,,,,,E,,,,,,,,,,,,,8/8/2026 11:17,,,,770,47688,Cy219,04:41.9,,,
4204,IDJKT,JKT74,TEGU3008221,,,,,,20,GP,,,,,,,,,E,,,,,,,,,,,,,26-08-2026 10:54,,,,770,49901,Cy219,15:07.6,,,
1386,IDJKT,JKT74,MRTU2087334,,,,,,20,GP,,,,,,,,,E,,,,,,,,,,,,,8/8/2026 13:32,,,,770,47688,Cy219,04:41.9,,,
326,IDJKT,JKT74,TIIU5844919,Ht15,B,10,6,4,40,HC,,,,,,,,,E,,,,,,,,,,,,,7/8/2026 8:49,,,,770,47534,219,02:48.0,,,
327,IDJKT,JKT74,MRTU9621565,Ht10,B,10,6,5,40,HC,,,,,,,,,E,,,,,,,,,,,,,7/8/2026 8:41,,,,770,47534,219,02:48.0,,,
2867,IDJKT,JKT74,MRTU9609404,,,,,,40,HC,,,,,,,,,E,,,,,,,,,,,,,10/8/2026 3:10,,,,770,47833,219,06:57.7,,,
329,IDJKT,JKT74,MRTU2275183,Ht21,C,10,,,20,GP,,,,,,,,,E,,,,,,,,,,,,,7/8/2026 14:55,,,,770,47534,219,02:48.0,,,
1387,IDJKT,JKT74,MRTU9601168,,,,,,40,HC,,,,,,,,,E,,,,,,,,,,,,,8/8/2026 10:05,,,,770,47688,Cy219,04:41.9,,,
331,IDJKT,JKT74,MRTU2035979,Ht08,C,10,9,1,20,GP,,,,,,,,,E,,,,,,,,,,,,,7/8/2026 14:07,,,,770,47534,219,02:48.0,,,
1388,IDJKT,JKT74,MRTU2307022,,,,,,20,GP,,,,,,,,,E,,,,,,,,,,,,,8/8/2026 11:00,,,,770,47688,Cy219,04:41.9,,,
4205,IDJKT,JKT74,TEGU7116137,,,,,,20,GP,,,,,,,,,E,,,,,,,,,,,,,26-08-2026 10:50,,,,770,49901,Cy219,15:07.6,,,
4206,IDJKT,JKT74,TEGU3021692,,,,,,20,GP,,,,,,,,,E,,,,,,,,,,,,,26-08-2026 11:32,,,,770,49901,Cy219,15:07.6,,,
1389,IDJKT,JKT74,MRTU2067451,,,,,,20,GP,,,,,,,,,E,,,,,,,,,,,,,8/8/2026 13:25,,,,770,47688,Cy219,04:41.9,,,
1390,IDJKT,JKT74,FCIU6092848,,,,,,20,GP,,,,,,,,,E,,,,,,,,,,,,,8/8/2026 11:04,,,,770,47688,Cy219,04:41.9,,,
337,IDJKT,JKT74,MRTU2220679,Ht04,C,9,8,2,20,GP,,,,,,,,,E,,,,,,,,,,,,,7/8/2026 13:52,,,,770,47534,219,02:48.0,,,
1391,IDJKT,JKT74,MRTU2179066,,,,,,20,GP,,,,,,,,,E,,,,,,,,,,,,,8/8/2026 13:17,,,,770,47688,Cy219,04:41.9,,,
1392,IDJKT,JKT64,SEGU3956180,Ht06,3A,17,1,3,20,GP,,,,,,,,,F,Ada,,,,,,,,,,,,8/8/2026 10:33,,,,770,47666,218,04:42.2,,,
4207,IDJKT,JKT74,TCLU2039967,,,,,,20,GP,,,,,,,,,E,,,,,,,,,,,,,26-08-2026 09:41,,,,770,49901,Cy219,15:07.6,,,
7027,IDJKT,JKT56,MRTU9667479,,1b,26,1,3,40,HC,,,,,,,,,F,,,,,,,,,,,,,31-08-2026 15:31,,,,770,50498,213,37:32.0,,,
339,IDJKT,JKT74,MRTU2033488,Ht03,C,10,10,4,20,GP,,,,,,,,,E,,,,,,,,,,,,,7/8/2026 14:04,,,,770,47534,219,02:48.0,,,
340,IDJKT,JKT74,MRTU2027715,Ht22,C,10,11,1,20,GP,,,,,,,,,E,,,,,,,,,,,,,7/8/2026 13:57,,,,770,47534,219,02:48.0,,,
1395,IDJKT,JKT64,TRHU3352200,Ht12,3A,22,5,2,20,GP,,,,,,,,,F,Ada,,,,,,,,,,,,8/8/2026 11:12,,,,770,47666,218,04:42.2,,,
342,IDJKT,JKT74,MRTU2033488,Ht03,C,10,10,4,20,GP,,,,,,,,,E,,,,,,,,,,,,,7/8/2026 14:02,,,,770,47534,219,02:48.0,,,
7028,IDJKT,JKT56,FCIU7020210,,1b,26,4,4,40,HC,,,,,,,,,F,,,,,,,,,,,,,31-08-2026 15:29,,,,770,50498,213,37:32.0,,,
4210,IDJKT,JKT74,TCLU2024756,,,,,,20,GP,,,,,,,,,E,,,,,,,,,,,,,26-08-2026 10:29,,,,770,49901,Cy219,15:07.6,,,
4211,IDJKT,JKT74,TEGU3012854,,,,,,20,GP,,,,,,,,,E,,,,,,,,,,,,,26-08-2026 11:43,,,,770,49901,Cy219,15:07.6,,,
7029,IDJKT,JKT56,SEGU6331010,,1b,26,1,2,40,HC,,,,,,,,,F,,,,,,,,,,,,,31-08-2026 15:30,,,,770,50498,213,37:32.0,,,
347,IDJKT,JKT74,MRTU2149647,Ht27,C,10,,,20,GP,,,,,,,,,E,,,,,,,,,,,,,7/8/2026 14:30,,,,770,47534,219,02:48.0,,,
1397,IDJKT,JKT64,MRTU2311927,H8510uy,3A,14,6,1,20,GP,,,,,,,,,F,Ada,,,,,,,,,,,,8/8/2026 10:38,,,,770,47666,218,04:42.2,,,
4213,IDJKT,JKT74,,,,,,,20,GP,,,,,,,,,E,,,,,,,,,,,,,26-08-2026 14:31,,,,770,49901,Cy219,15:07.6,,,
7030,IDJKT,JKT56,TRHU8902593,,1b,24,2,4,40,HC,,,,,,,,,F,,,,,,,,,,,,,31-08-2026 15:32,,,,770,50498,213,37:32.0,,,
1399,IDJKT,JKT64,TCLU8838528,B9187tei,3A,18,4,5,40,HC,,,,,,,,,F,Ada,,,,,,,,,,,,8/8/2026 10:24,,,,770,47666,218,04:42.2,,,
4214,IDJKT,JKT74,TEGU3002774,,,,,,20,GP,,,,,,,,,E,,,,,,,,,,,,,26-08-2026 13:17,,,,770,49901,Cy219,15:07.6,,,
1401,IDJKT,JKT64,MRLU2355485,Ht12,3A,23,6,2,20,GP,,,,,,,,,E,,,,,,,,,,,,,8/8/2026 12:11,,,,770,47666,218,04:42.2,,,
4215,IDJKT,JKT74,TEGU3062074,,,,,,20,GP,,,,,,,,,E,,,,,,,,,,,,,26-08-2026 10:26,,,,770,49901,Cy219,15:07.6,,,
7031,IDJKT,JKT56,MRTU9653705,,1b,24,1,2,40,HC,,,,,,,,,F,,,,,,,,,,,,,31-08-2026 15:27,,,,770,50498,213,37:32.0,,,
356,IDJKT,JKT74,MRTU2171105,Ht15,C,10,,,20,GP,,,,,,,,,E,,,,,,,,,,,,,7/8/2026 14:14,,,,770,47534,219,02:48.0,,,
4217,IDJKT,JKT74,TEGU3021692,,,,,,20,GP,,,,,,,,,E,,,,,,,,,,,,,26-08-2026 11:39,,,,770,49901,Cy219,15:07.6,,,
2869,IDJKT,JKT74,FCIU7016056,,,,,,40,HC,,,,,,,,,E,,,,,,,,,,,,,10/8/2026 3:12,,,,770,47833,219,06:57.7,,,
1405,IDJKT,JKT64,SEGU3269266,B9488bei,3A,15,5,4,20,GP,,,,,,,,,F,Ada,,,,,,,,,,,,8/8/2026 10:35,,,,770,47666,218,04:42.2,,,
4218,IDJKT,JKT64,MRTU2230229,7,1b,,,,20,GP,,,,,,,,,F,,,,,,,,,,,,,26-08-2026 13:22,,,,770,49917,218,15:07.7,,,
7032,IDJKT,JKT56,MRTU9665096,,Ib,24,6,3,40,HC,,,,,,,,,F,,,,,,,,,,,,,31-08-2026 15:34,,,,770,50498,213,37:32.0,,,
362,IDJKT,JKT74,MRTU2050166,Ht24,C,10,,,20,GP,,,,,,,,,E,,,,,,,,,,,,,7/8/2026 14:23,,,,770,47534,219,02:48.0,,,
4220,IDJKT,JKT64,DFSU3192620,7,1b,,,,20,GP,,,,,,,,,F,,,,,,,,,,,,,26-08-2026 14:47,,,,770,49917,218,15:07.7,,,
2870,IDJKT,JKT74,MRTU9622181,,,,,,40,HC,,,,,,,,,E,,,,,,,,,,,,,9/8/2026 20:16,,,,770,47833,219,06:57.7,,,
7033,IDJKT,JKT56,TXGU8464217,,1b,24,2,1,40,HC,,,,,,,,,F,,,,,,,,,,,,,31-08-2026 13:33,,,,770,50498,213,37:32.0,,,
367,IDJKT,JKT74,MRTU2074234,Ht14,C,10,,,20,GP,,,,,,,,,E,,,,,,,,,,,,,7/8/2026 15:06,,,,770,47534,219,02:48.0,,,
1409,IDJKT,JKT64,MRTU2343694,B9768uei,3A,2,4,1,20,GP,,,,,,,,,F,Ada,,,,,,,,,,,,8/8/2026 13:15,,,,770,47666,218,04:42.2,,,
370,IDJKT,JKT74,MRTU9607802,Ht09,B,8,7,1,40,HC,,,,,,,,,E,,,,,,,,,,,,,7/8/2026 8:21,,,,770,47534,219,02:48.0,,,
1410,IDJKT,JKT64,FFAU6805480,B999xa,3A,18,5,4,40,HC,,,,,,,,,F,Ada,,,,,,,,,,,,8/8/2026 10:23,,,,770,47666,218,04:42.2,,,
4224,IDJKT,JKT64,GAOU2053741,7,1b,,,,20,GP,,,,,,,,,F,,,,,,,,,,,,,26-08-2026 11:23,,,,770,49917,218,15:07.7,,,
374,IDJKT,JKT74,MRLU2371275,Ht25,C,8,11,1,20,GP,,,,,,,,,E,,,,,,,,,,,,,7/8/2026 9:08,,,,770,47534,219,02:48.0,,,
1412,IDJKT,JKT64,SPNU2912580,L9586uz,3A,13,3,1,20,GP,,,,,,,,,F,Ada,,,,,,,,,,,,8/8/2026 10:36,,,,770,47666,218,04:42.2,,,
1413,IDJKT,JKT64,SPNU2916538,L9580uz,3A,13,3,2,20,GP,,,,,,,,,F,Ada,,,,,,,,,,,,8/8/2026 10:37,,,,770,47666,218,04:42.2,,,
4226,IDJKT,JKT64,MRTU2111826,6,1b,,,,20,GP,,,,,,,,,F,,,,,,,,,,,,,26-08-2026 08:34,,,,770,49917,218,15:07.7,,,
1416,IDJKT,JKT64,HPCU2231806,Ht01,3A,4,2,1,20,GP,,,,,,,,,F,Ada,,,,,,,,,,,,8/8/2026 14:45,,,,770,47666,218,04:42.2,,,
1418,IDJKT,JKT64,SPNU2751989,L8376un,3A,13,3,4,20,GP,,,,,,,,,F,Ada,,,,,,,,,,,,8/8/2026 10:40,,,,770,47666,218,04:42.2,,,
382,IDJKT,JKT74,MRTU9619547,Ht20,B,8,6,2,40,HC,,,,,,,,,E,,,,,,,,,,,,,7/8/2026 8:46,,,,770,47534,219,02:48.0,,,
383,IDJKT,JKT74,MRTU2033451,Ht21,C,7,10,1,20,GP,,,,,,,,,E,,,,,,,,,,,,,7/8/2026 9:10,,,,770,47534,219,02:48.0,,,
1419,IDJKT,JKT64,MRTU9644133,B9646bei,3A,18,3,5,40,HC,,,,,,,,,F,Ada,,,,,,,,,,,,8/8/2026 10:24,,,,770,47666,218,04:42.2,,,
385,IDJKT,JKT74,MRTU2099356,Ht26,C,10,,,20,GP,,,,,,,,,E,,,,,,,,,,,,,7/8/2026 14:17,,,,770,47534,219,02:48.0,,,
386,IDJKT,JKT74,MRTU2064093,Ht08,C,10,10,4,20,GP,,,,,,,,,E,,,,,,,,,,,,,7/8/2026 14:05,,,,770,47534,219,02:48.0,,,
4229,IDJKT,JKT64,MRTU2178291,6,1b,,,,20,GP,,,,,,,,,F,,,,,,,,,,,,,26-08-2026 10:49,,,,770,49917,218,15:07.7,,,
1421,IDJKT,JKT64,SPNU3045441,B9015uiy,3A,15,4,4,20,GP,,,,,,,,,F,Ada,,,,,,,,,,,,8/8/2026 10:25,,,,770,47666,218,04:42.2,,,
1422,IDJKT,JKT64,MRTU2071071,Ht09,3A,22,4,3,20,GP,,,,,,,,,F,Ada,,,,,,,,,,,,8/8/2026 12:05,,,,770,47666,218,04:42.2,,,
1424,IDJKT,JKT64,TEMU5082563,Ht16,3A,22,5,3,20,GP,,,,,,,,,F,Ada,,,,,,,,,,,,8/8/2026 11:13,,,,770,47666,218,04:42.2,,,
6489,IDJKT,JKT64,SEGU4287351,,,,,,40,HC,,,,,,,,,E,,,,,,,,,,,,,30-08-2026 01:10,,,,770,50304,218,00:30.7,,,
394,IDJKT,JKT74,MRTU2163943,Ht20,C,10,,,20,GP,,,,,,,,,E,,,,,,,,,,,,,7/8/2026 15:17,,,,770,47534,219,02:48.0,,,
6490,IDJKT,JKT64,SNRU7799219,,,,,,40,HC,,,,,,,,,F,,,,,,,,,,,,,30-08-2026 02:14,,,,770,50304,218,00:30.7,,,
6491,IDJKT,JKT64,MRTU2305591,,,,,,20,GP,,,,,,,,,F,,,,,,,,,,,,,30-08-2026 02:19,,,,770,50304,218,00:30.7,,,
6493,IDJKT,JKT64,SPNU4647232,,,,,,40,HC,,,,,,,,,E,,,,,,,,,,,,,30-08-2026 05:31,,,,770,50304,218,00:30.7,,,
1425,IDJKT,JKT64,MRTU2341449,Ht11,3A,22,5,2,20,GP,,,,,,,,,F,Ada,,,,,,,,,,,,8/8/2026 13:29,,,,770,47666,218,04:42.2,,,
4235,IDJKT,JKT64,MRTU2226851,7,1b,,,,20,GP,,,,,,,,,F,,,,,,,,,,,,,26-08-2026 10:23,,,,770,49917,218,15:07.7,,,
398,IDJKT,JKT74,MRTU9601189,Ht15,B,8,8,1,40,HC,,,,,,,,,E,,,,,,,,,,,,,7/8/2026 13:37,,,,770,47534,219,02:48.0,,,
400,IDJKT,JKT74,MRTU9620126,Ht22,B,10,6,2,40,HC,,,,,,,,,E,,,,,,,,,,,,,7/8/2026 8:30,,,,770,47534,219,02:48.0,,,
401,IDJKT,JKT74,FCIU6091749,Ht10,C,7,6,3,20,GP,,,,,,,,,E,,,,,,,,,,,,,7/8/2026 11:26,,,,770,47534,219,02:48.0,,,
7034,IDJKT,JKT56,GESU6369433,,1b,24,1,3,40,HC,,,,,,,,,F,,,,,,,,,,,,,31-08-2026 15:30,,,,770,50498,213,37:32.0,,,
403,IDJKT,JKT74,MRTU9624570,Ht13,B,10,7,1,40,HC,,,,,,,,,E,,,,,,,,,,,,,7/8/2026 8:19,,,,770,47534,219,02:48.0,,,
405,IDJKT,JKT74,MRTU2163049,Ht29,C,10,9,3,20,GP,,,,,,,,,E,,,,,,,,,,,,,7/8/2026 14:08,,,,770,47534,219,02:48.0,,,
407,IDJKT,JKT74,MCCU1029067,Ht17,C,8,,,20,GP,,,,,,,,,E,,,,,,,,,,,,,7/8/2026 15:38,,,,770,47534,219,02:48.0,,,
7035,IDJKT,JKT56,MRTU2105926,,,,,,20,GP,,,,,,,,,F,,,,,,,,,,,,,30-08-2026 22:09,,,,770,50412,210,37:32.5,,,
1430,IDJKT,JKT64,MRLU2368883,Ht11,3A,22,5,1,20,GP,,,,,,,,,E,,,,,,,,,,,,,8/8/2026 13:28,,,,770,47666,218,04:42.2,,,
411,IDJKT,JKT74,MRTU9621159,Ht24,B,10,6,1,40,HC,,,,,,,,,E,,,,,,,,,,,,,7/8/2026 8:35,,,,770,47534,219,02:48.0,,,
2877,IDJKT,JKT74,MRTU9627645,,,,,,40,HC,,,,,,,,,E,,,,,,,,,,,,,10/8/2026 3:10,,,,770,47833,219,06:57.7,,,
414,IDJKT,JKT74,MRTU2142534,Ht12,C,10,,,20,GP,,,,,,,,,E,,,,,,,,,,,,,7/8/2026 14:19,,,,770,47534,219,02:48.0,,,
416,IDJKT,JKT74,GESU6898946,Ht18,B,8,6,4,40,HC,,,,,,,,,E,,,,,,,,,,,,,7/8/2026 8:48,,,,770,47534,219,02:48.0,,,
1433,IDJKT,JKT64,MRTU2341285,Ht15,3A,4,2,3,20,GP,,,,,,,,,F,Ada,,,,,,,,,,,,8/8/2026 14:50,,,,770,47666,218,04:42.2,,,
418,IDJKT,JKT74,MRTU2058193,Ht24,C,10,,,20,GP,,,,,,,,,E,,,,,,,,,,,,,7/8/2026 14:24,,,,770,47534,219,02:48.0,,,
7036,IDJKT,JKT56,MRTU9667099,,,,,,40,HC,,,,,,,,,F,,,,,,,,,,,,,30-08-2026 22:10,,,,770,50412,210,37:32.5,,,
420,IDJKT,JKT74,MRLU5213859,Ht06,B,8,6,1,40,HC,,,,,,,,,E,,,,,,,,,,,,,7/8/2026 8:33,,,,770,47534,219,02:48.0,,,
1434,IDJKT,JKT64,HPCU2987476,Ht03,3A,3,1,1,20,GP,,,,,,,,,F,Ada,,,,,,,,,,,,8/8/2026 12:12,,,,770,47666,218,04:42.2,,,
1435,IDJKT,JKT64,MRTU2176180,Ht13,3A,24,5,2,20,GP,,,,,,,,,F,Ada,,,,,,,,,,,,8/8/2026 14:02,,,,770,47666,218,04:42.2,,,
425,IDJKT,JKT74,MRTU2172930,Ht26,C,10,8,5,20,GP,,,,,,,,,E,,,,,,,,,,,,,7/8/2026 14:16,,,,770,47534,219,02:48.0,,,
3176,IDJKT,JKT64,MRTU2204493,Ht17,3a,35,4,4,20,GP,,,,,,,,,F,,,,,,,,,,,,,10/8/2026 8:49,,,,770,47907,218,07:37.5,,,
1437,IDJKT,JKT64,SPNU3143730,L8376un,3A,13,3,3,20,GP,,,,,,,,,F,Ada,,,,,,,,,,,,8/8/2026 10:39,,,,770,47666,218,04:42.2,,,
428,IDJKT,JKT74,MRTU2085141,Ht28,C,7,7,6,20,GP,,,,,,,,,E,,,,,,,,,,,,,7/8/2026 11:11,,,,770,47534,219,02:48.0,,,
5870,IDJKT,JKT64,MRTU2318407,6,1b,,,,20,GP,,,,,,,,,F,,,,,,,,,,,,,28-08-2026 15:43,,,,770,50163,218,57:32.9,,,
4252,IDJKT,JKT64,DFSU3191115,6,,,,,20,GP,,,,,,,,,F,,,,,,,,,,,,,26-08-2026 15:13,,,,770,49917,218,15:07.7,,,
1438,IDJKT,JKT64,MRTU9672135,B9028uiy,3A,18,6,4,40,HC,,,,,,,,,F,Ada,,,,,,,,,,,,8/8/2026 10:22,,,,770,47666,218,04:42.2,,,
433,IDJKT,JKT74,FCIU7027913,Ht20,B,10,9,5,40,GP,,,,,,,,,E,,,,,,,,,,,,,7/8/2026 10:29,,,,770,47534,219,02:48.0,,,
1439,IDJKT,JKT64,MRLU2388560,Ht07,3A,3,1,3,20,GP,,,,,,,,,F,Ada,,,,,,,,,,,,8/8/2026 12:13,,,,770,47666,218,04:42.2,,,
1440,IDJKT,JKT64,MRTU2155486,Ht16,3A,22,5,4,20,GP,,,,,,,,,F,Ada,,,,,,,,,,,,8/8/2026 11:14,,,,770,47666,218,04:42.2,,,
1441,IDJKT,JKT64,HPCU2225233,Ht13,3A,28,2,1,20,GP,,,,,,,,,F,Ada,,,,,,,,,,,,8/8/2026 15:39,,,,770,47666,218,04:42.2,,,
437,IDJKT,JKT74,MRTU2121737,Ht17,C,10,,,20,GP,,,,,,,,,E,,,,,,,,,,,,,7/8/2026 14:11,,,,770,47534,219,02:48.0,,,
3177,IDJKT,JKT64,SEGU4233416,Ht23,3a,40,3,4,40,HC,,,,,,,,,E,,,,,,,,,,,,,10/8/2026 10:55,,,,770,47907,218,07:37.5,,,
440,IDJKT,JKT74,MRTU9603216,Ht26,B,8,7,4,20,HC,,,,,,,,,E,,,,,,,,,,,,,7/8/2026 8:31,,,,770,47534,219,02:48.0,,,
441,IDJKT,JKT74,GESU6525602,Ht10,C,8,8,1,40,HC,,,,,,,,,E,,,,,,,,,,,,,7/8/2026 13:59,,,,770,47534,219,02:48.0,,,
443,IDJKT,JKT74,MRTU2169469,Ht25,C,10,,,20,GP,,,,,,,,,E,,,,,,,,,,,,,7/8/2026 14:15,,,,770,47534,219,02:48.0,,,
1443,IDJKT,JKT64,MRTU2065612,Ht21,3A,22,1,1,20,GP,,,,,,,,,F,Ada,,,,,,,,,,,,8/8/2026 15:14,,,,770,47666,218,04:42.2,,,
3178,IDJKT,JKT64,MRTU2233341,Ht12,3a,36,4,3,20,GP,,,,,,,,,F,,,,,,,,,,,,,10/8/2026 9:23,,,,770,47907,218,07:37.5,,,
3179,IDJKT,JKT64,MRTU9625874,Ht16,3a,40,4,4,40,HC,,,,,,,,,E,,,,,,,,,,,,,10/8/2026 12:06,,,,770,47907,218,07:37.5,,,
1446,IDJKT,JKT64,HPCU4316749,8,1b,,,,40,HC,,,,,,,,,F,,,,,,,,,,,,,8/8/2026 9:28,,,,770,47689,218,04:42.3,,,
4254,IDJKT,JKT64,MRTU6202307,,1b,,,,20,RF,,,,,,,,,F,,,,,,,,,,,,,26-08-2026 09:31,,,,770,49917,218,15:07.7,,,
451,IDJKT,JKT74,MRTU2015062,Nt19,C,10,11,2,20,GP,,,,,,,,,E,,,,,,,,,,,,,7/8/2026 14:00,,,,770,47534,219,02:48.0,,,
3225,IDJKT,JKT74,MRTU9600691,,,,,,40,HC,,,,,,,,,E,,,,,,,,,,,,,10/8/2026 9:47,,,,770,47899,219,57:50.2,,,
453,IDJKT,JKT56,MRTU1234567,,,,,,20,EC,,,,,,,,,E,,,,,,,,,,,,,7/8/2026 16:37,,,,770,47573,,02:58.4,,,
3229,IDJKT,JKT74,MRTU2193640,,,,,,20,GP,,,,,,,,,E,,,,,,,,,,,,,10/8/2026 11:32,,,,770,47899,219,57:50.2,,,
454,IDJKT,JKT74,HPCU4315589,,,,,,40,HC,,,,,,,,,E,,,,,,,,,,,,,7/8/2026 15:17,,,,770,47563,Cy219,02:59.3,,,
455,IDJKT,JKT74,SEGU4743765,,,,,,40,HC,,,,,,,,,E,,,,,,,,,,,,,7/8/2026 14:58,,,,770,47563,Cy219,02:59.3,,,
456,IDJKT,JKT74,MRTU2172288,,,,,,20,GP,,,,,,,,,E,,,,,,,,,,,,,7/8/2026 14:26,,,,770,47563,Cy219,02:59.3,,,
457,IDJKT,JKT74,MRTU9614289,,,,,,40,HC,,,,,,,,,E,,,,,,,,,,,,,7/8/2026 15:20,,,,770,47563,Cy219,02:59.3,,,
458,IDJKT,JKT74,MRTU9632723,,,,,,40,HC,,,,,,,,,E,,,,,,,,,,,,,7/8/2026 14:31,,,,770,47563,Cy219,02:59.3,,,
459,IDJKT,JKT74,MRTU2001710,,,,,,20,GP,,,,,,,,,E,,,,,,,,,,,,,7/8/2026 14:53,,,,770,47563,Cy219,02:59.3,,,
460,IDJKT,JKT74,MRTU2046649,,,,,,20,GP,,,,,,,,,E,,,,,,,,,,,,,7/8/2026 14:52,,,,770,47563,Cy219,02:59.3,,,
461,IDJKT,JKT74,TXGU8489935,,,,,,40,HC,,,,,,,,,E,,,,,,,,,,,,,7/8/2026 15:42,,,,770,47563,Cy219,02:59.3,,,
462,IDJKT,JKT74,MRTU9647702,,,,,,40,HC,,,,,,,,,E,,,,,,,,,,,,,7/8/2026 15:23,,,,770,47563,Cy219,02:59.3,,,
463,IDJKT,JKT74,SEGU6664794,,,,,,40,HC,,,,,,,,,E,,,,,,,,,,,,,7/8/2026 15:16,,,,770,47563,Cy219,02:59.3,,,
464,IDJKT,JKT74,MRTU2059224,,,,,,40,HC,,,,,,,,,E,,,,,,,,,,,,,7/8/2026 14:39,,,,770,47563,Cy219,02:59.3,,,
465,IDJKT,JKT74,MRTU9616297,,,,,,40,HC,,,,,,,,,E,,,,,,,,,,,,,7/8/2026 15:43,,,,770,47563,Cy219,02:59.3,,,
466,IDJKT,JKT74,MRTU9628615,,,,,,40,HC,,,,,,,,,E,,,,,,,,,,,,,7/8/2026 15:09,,,,770,47563,Cy219,02:59.3,,,
467,IDJKT,JKT74,MRTU9629777,,,,,,40,HC,,,,,,,,,E,,,,,,,,,,,,,7/8/2026 15:15,,,,770,47563,Cy219,02:59.3,,,
468,IDJKT,JKT74,MRTU9634135,,,,,,40,HC,,,,,,,,,E,,,,,,,,,,,,,7/8/2026 15:41,,,,770,47563,Cy219,02:59.3,,,
2879,IDJKT,JKT74,TRHU8915775,,,,,,40,HC,,,,,,,,,E,,,,,,,,,,,,,10/8/2026 6:38,,,,770,47833,219,07:13.7,,,
470,IDJKT,JKT74,MRTU2024660,,,,,,20,GP,,,,,,,,,E,,,,,,,,,,,,,7/8/2026 14:26,,,,770,47563,Cy219,02:59.3,,,
471,IDJKT,JKT74,MRTU9616379,,,,,,40,HC,,,,,,,,,E,,,,,,,,,,,,,7/8/2026 15:46,,,,770,47563,Cy219,02:59.3,,,
472,IDJKT,JKT74,MRTU9623676,,,,,,40,HC,,,,,,,,,E,,,,,,,,,,,,,7/8/2026 15:21,,,,770,47563,Cy219,02:59.3,,,
473,IDJKT,JKT74,TXGU8930491,,,,,,40,HC,,,,,,,,,E,,,,,,,,,,,,,7/8/2026 14:38,,,,770,47563,Cy219,02:59.3,,,
474,IDJKT,JKT74,TRHU8891035,,,,,,40,HC,,,,,,,,,E,,,,,,,,,,,,,7/8/2026 15:47,,,,770,47563,Cy219,02:59.3,,,
475,IDJKT,JKT74,MRTU9609322,,,,,,40,HC,,,,,,,,,E,,,,,,,,,,,,,7/8/2026 15:39,,,,770,47563,Cy219,02:59.3,,,
476,IDJKT,JKT74,MRTU2146036,,,,,,20,GP,,,,,,,,,E,,,,,,,,,,,,,7/8/2026 14:26,,,,770,47563,Cy219,02:59.3,,,
477,IDJKT,JKT74,HPCU4314073,,,,,,40,HC,,,,,,,,,E,,,,,,,,,,,,,7/8/2026 14:59,,,,770,47563,Cy219,02:59.3,,,
478,IDJKT,JKT74,MRTU2041760,,,,,,20,GP,,,,,,,,,E,,,,,,,,,,,,,7/8/2026 14:40,,,,770,47563,Cy219,02:59.3,,,
479,IDJKT,JKT74,MRTU9634480,,,,,,40,HC,,,,,,,,,E,,,,,,,,,,,,,7/8/2026 15:01,,,,770,47563,Cy219,02:59.3,,,
480,IDJKT,JKT74,TCNU6857450,,,,,,40,HC,,,,,,,,,E,,,,,,,,,,,,,7/8/2026 15:09,,,,770,47563,Cy219,02:59.3,,,
7037,IDJKT,JKT56,MRTU2030257,,1a,15,2,4,20,GP,,,,,,,,,F,,,,,,,,,,,,,31-08-2026 14:11,,,,770,41326,213,47:33.3,,,
7038,IDJKT,JKT56,MRTU2005552,,1a,13,4,1,20,GP,,,,,,,,,F,,,,,,,,,,,,,31-08-2026 14:12,,,,770,41326,213,47:33.3,,,
2882,IDJKT,JKT74,FCIU7020631,,,,,,40,HC,,,,,,,,,E,,,,,,,,,,,,,10/8/2026 6:36,,,,770,47833,219,07:13.7,,,
484,IDJKT,JKT74,MRTU2102613,,,,,,20,GP,,,,,,,,,E,,,,,,,,,,,,,7/8/2026 14:27,,,,770,47563,Cy219,02:59.3,,,
485,IDJKT,JKT74,MRTU9631820,,,,,,40,HC,,,,,,,,,E,,,,,,,,,,,,,7/8/2026 15:04,,,,770,47563,Cy219,02:59.3,,,
486,IDJKT,JKT64,SEGU4066957,HT01,1A,2,5,1,40,HC,,,,,,,,,E,,,,,,,,,,,,,7/8/2026 10:33,,,,770,47537,218,02:59.4,,,
7039,IDJKT,JKT56,HPCU4316369,,1a,4,5,3,40,HC,,,,,,,,,F,,,,,,,,,,,,,31-08-2026 13:59,,,,770,41326,213,47:33.3,,,
489,IDJKT,JKT64,FCIU7017509,HT26,1A,2,1,4,40,HC,,,,,,,,,E,,,,,,,,,,,,,7/8/2026 11:12,,,,770,47537,218,02:59.4,,,
490,IDJKT,JKT64,MRTU9655689,HT 24,1A,12,5,3,40,HC,,,,,,,,,E,,,,,,,,,,,,,7/8/2026 14:48,,,,770,47537,218,02:59.4,,,
491,IDJKT,JKT64,HPCU4319434,HT 08,1A,12,4,2,40,HC,,,,,,,,,E,,,,,,,,,,,,,7/8/2026 14:59,,,,770,47537,218,02:59.4,,,
5873,IDJKT,JKT64,MRTU2166407,,,,,,40,GP,,,,,,,,,F,,,,,,,,,,,,,28-08-2026 13:44,,,,770,50163,218,57:32.9,,,
493,IDJKT,JKT64,MRTU9674333,HT 29,1A,12,5,2,40,HC,,,,,,,,,E,,,,,,,,,,,,,7/8/2026 14:46,,,,770,47537,218,02:59.4,,,
1447,IDJKT,JKT64,TXGU8323461,,1b,,,,40,HC,,,,,,,,,F,,,,,,,,,,,,,8/8/2026 9:10,,,,770,47689,218,04:42.3,,,
7040,IDJKT,JKT56,MRTU2327796,,1a,15,1,5,20,GP,,,,,,,,,F,,,,,,,,,,,,,31-08-2026 14:09,,,,770,41326,213,47:33.3,,,
2883,IDJKT,JKT74,MRTU9603474,,,,,,40,HC,,,,,,,,,E,,,,,,,,,,,,,9/8/2026 20:06,,,,770,47833,219,07:13.7,,,
1450,IDJKT,JKT64,MRTU2222558,7,1b,,,,20,GP,,,,,,,,,F,,,,,,,,,,,,,8/8/2026 9:44,,,,770,47689,218,04:42.3,,,
498,IDJKT,JKT64,FCIU7032524,HT 02,1A,12,6,1,40,HC,,,,,,,,,E,,,,,,,,,,,,,7/8/2026 11:19,,,,770,47537,218,02:59.4,,,
2884,IDJKT,JKT74,MRTU2376240,,,,,,20,GP,,,,,,,,,F,,,,,,,,,,,,,10/8/2026 7:30,,,,770,47833,219,07:13.7,,,
2885,IDJKT,JKT74,MRTU9609404,,,,,,40,HC,,,,,,,,,E,,,,,,,,,,,,,10/8/2026 3:10,,,,770,47833,219,07:13.7,,,
1452,IDJKT,JKT64,MRTU2028476,8,1b,,,,20,GP,,,,,,,,,E,,,,,,,,,,,,,8/8/2026 14:25,,,,770,47689,218,04:42.3,,,
4261,IDJKT,JKT64,MRTU2260898,6,1b,,,,20,GP,,,,,,,,,F,,,,,,,,,,,,,26-08-2026 11:38,,,,770,49917,218,15:07.7,,,
503,IDJKT,JKT64,GESU6493362,Ht29,1A,8,6,1,40,HC,,,,,,,,,E,,,,,,,,,,,,,7/8/2026 16:02,,,,770,47537,218,02:59.4,,,
504,IDJKT,JKT64,HPCU4316559,HT 02,1A,12,4,1,40,HC,,,,,,,,,E,,,,,,,,,,,,,7/8/2026 14:53,,,,770,47537,218,02:59.4,,,
1453,IDJKT,JKT64,MRTU2090852,7,1b,,,,20,GP,,,,,,,,,F,,,,,,,,,,,,,8/8/2026 10:59,,,,770,47689,218,04:42.3,,,
506,IDJKT,JKT64,MRTU9653367,HT09,1A,2,6,1,40,HC,,,,,,,,,F,,,,,,,,,,,,,7/8/2026 10:26,,,,770,47537,218,02:59.4,,,
1454,IDJKT,JKT64,MRTU2318011,6,1b,,,,20,GP,,,,,,,,,F,,,,,,,,,,,,,8/8/2026 11:02,,,,770,47689,218,04:42.3,,,
508,IDJKT,JKT64,HPCU4314751,Ht02,1a,8,5,1,40,HC,,,,,,,,,E,,,,,,,,,,,,,7/8/2026 16:07,,,,770,47537,218,02:59.4,,,
509,IDJKT,JKT64,TRHU8893207,HT25,1A,12,6,3,40,HC,,,,,,,,,E,,,,,,,,,,,,,7/8/2026 14:55,,,,770,47537,218,02:59.4,,,
510,IDJKT,JKT64,HPCU4313523,Ht05,1A,12,2,1,40,HC,,,,,,,,,E,,,,,,,,,,,,,7/8/2026 15:58,,,,770,47537,218,02:59.4,,,
1455,IDJKT,JKT64,MRTU2011257,6,1b,,,,20,GP,,,,,,,,,F,,,,,,,,,,,,,8/8/2026 10:37,,,,770,47689,218,04:42.3,,,
512,IDJKT,JKT64,MRTU9603582,HT 04,1A,2,3,3,40,HC,,,,,,,,,E,,,,,,,,,,,,,7/8/2026 11:02,,,,770,47537,218,02:59.4,,,
1456,IDJKT,JKT64,FCIU7015445,5,1B,,,,40,HC,,,,,,,,,E,,,,,,,,,,,,,8/8/2026 9:04,,,,770,47689,218,04:42.3,,,
513,IDJKT,JKT64,MRTU9624353,Ht01,1a,12,2,2,40,HC,,,,,,,,,E,,,,,,,,,,,,,7/8/2026 15:59,,,,770,47537,218,02:59.4,,,
514,IDJKT,JKT64,MRTU9633340,Ht15,1A,2,3,4,40,HC,,,,,,,,,E,,,,,,,,,,,,,7/8/2026 11:09,,,,770,47537,218,02:59.4,,,
515,IDJKT,JKT64,MRTU9632636,Ht28,1a,12,2,3,40,HC,,,,,,,,,E,,,,,,,,,,,,,7/8/2026 15:59,,,,770,47537,218,02:59.4,,,
516,IDJKT,JKT64,TXGU4074083,HT 25,1A,12,6,5,40,HC,,,,,,,,,E,,,,,,,,,,,,,7/8/2026 15:10,,,,770,47537,218,02:59.4,,,
517,IDJKT,JKT64,TIIU5846824,Ht25,1A,8,6,2,40,HC,,,,,,,,,E,,,,,,,,,,,,,7/8/2026 16:03,,,,770,47537,218,02:59.4,,,
518,IDJKT,JKT64,MRTU9660788,HT01,1A,12,5,1,40,HC,,,,,,,,,E,,,,,,,,,,,,,7/8/2026 14:43,,,,770,47537,218,02:59.4,,,
519,IDJKT,JKT64,TXGU8952649,HT 23,1A,12,4,4,40,HC,,,,,,,,,E,,,,,,,,,,,,,7/8/2026 15:08,,,,770,47537,218,02:59.4,,,
520,IDJKT,JKT64,SEGU4539620,Ht04,1A,12,6,4,40,HC,,,,,,,,,E,,,,,,,,,,,,,7/8/2026 14:57,,,,770,47537,218,02:59.4,,,
2887,IDJKT,JKT74,FCIU7016056,,,,,,40,HC,,,,,,,,,E,,,,,,,,,,,,,10/8/2026 3:12,,,,770,47833,219,07:13.7,,,
2888,IDJKT,JKT74,MRTU2210454,,,,,,20,GP,,,,,,,,,F,,,,,,,,,,,,,10/8/2026 7:31,,,,770,47833,219,07:13.7,,,
2889,IDJKT,JKT74,MRTU9622181,,,,,,40,HC,,,,,,,,,E,,,,,,,,,,,,,9/8/2026 20:16,,,,770,47833,219,07:13.7,,,
7041,IDJKT,JKT56,MRTU2314356,,1a,15,1,3,20,GP,,,,,,,,,F,,,,,,,,,,,,,31-08-2026 13:57,,,,770,41326,213,47:33.3,,,
1459,IDJKT,JKT64,MRTU2264553,6,1b,,,,20,GP,,,,,,,,,F,,,,,,,,,,,,,8/8/2026 10:36,,,,770,47689,218,04:42.3,,,
526,IDJKT,JKT64,TRHU8910731,Ht22,1A,8,5,1,40,HC,,,,,,,,,E,,,,,,,,,,,,,7/8/2026 16:06,,,,770,47537,218,02:59.4,,,
7042,IDJKT,JKT56,MRTU2036846,,1a,13,4,3,20,GP,,,,,,,,,F,,,,,,,,,,,,,31-08-2026 15:32,,,,770,41326,213,47:33.3,,,
528,IDJKT,JKT64,MRTU9634618,HT27,1A,12,4,3,40,HC,,,,,,,,,E,,,,,,,,,,,,,7/8/2026 15:06,,,,770,47537,218,02:59.4,,,
529,IDJKT,JKT64,RPTU5003140,L 8535 UDD,,,,,40,RF,,,,,,,,,E,,,,,,,,,,,,,7/8/2026 8:20,,,,770,47537,218,02:59.4,,,
530,IDJKT,JKT64,TIIU5845514,HT23,1A,12,6,2,20,GP,,,,,,,,,E,,,,,,,,,,,,,7/8/2026 14:50,,,,770,47537,218,02:59.4,,,
1461,IDJKT,JKT64,DFSU3192718,6,1b,,,,20,GP,,,,,,,,,F,,,,,,,,,,,,,8/8/2026 10:21,,,,770,47689,218,04:42.3,,,
533,IDJKT,JKT64,FCIU7027148,Ht24,1A,8,6,3,40,HC,,,,,,,,,E,,,,,,,,,,,,,7/8/2026 16:04,,,,770,47537,218,02:59.4,,,
1462,IDJKT,JKT64,MRLU2365673,7,1b,,,,20,GP,,,,,,,,,F,,,,,,,,,,,,,8/8/2026 10:13,,,,770,47689,218,04:42.3,,,
535,IDJKT,JKT64,CAJU5089038,HT 17,1A,2,4,1,40,HC,,,,,,,,,E,,,,,,,,,,,,,7/8/2026 10:41,,,,770,47537,218,02:59.4,,,
537,IDJKT,JKT64,TIIU5849891,HT29,12,12,5,4,40,HC,,,,,,,,,E,,,,,,,,,,,,,7/8/2026 15:04,,,,770,47537,218,02:59.4,,,
538,IDJKT,JKT64,HPCU2991917,,,,,,20,GP,,,,,,,,,E,,,,,,,,,,,,,7/8/2026 17:09,,,,770,47572,Cy219,03:10.2,,,
539,IDJKT,JKT64,CRXU3169116,,,,,,20,GP,,,,,,,,,E,,,,,,,,,,,,,7/8/2026 18:01,,,,770,47572,Cy219,03:10.2,,,
540,IDJKT,JKT64,SPNU3143427,,,,,,20,GP,,,,,,,,,E,,,,,,,,,,,,,7/8/2026 16:35,,,,770,47572,Cy219,03:10.2,,,
541,IDJKT,JKT64,FCIU6084328,,,,,,20,GP,,,,,,,,,E,,,,,,,,,,,,,7/8/2026 17:08,,,,770,47572,Cy219,03:10.2,,,
542,IDJKT,JKT64,SPNU3050345,,,,,,20,GP,,,,,,,,,E,,,,,,,,,,,,,7/8/2026 16:35,,,,770,47572,Cy219,03:10.2,,,
543,IDJKT,JKT64,SPNU2777962,,,,,,20,GP,,,,,,,,,E,,,,,,,,,,,,,7/8/2026 16:36,,,,770,47572,Cy219,03:10.2,,,
544,IDJKT,JKT64,MRTU9607823,,,,,,40,HC,,,,,,,,,E,,,,,,,,,,,,,7/8/2026 16:49,,,,770,47572,Cy219,03:10.2,,,
545,IDJKT,JKT64,MRTU2060349,,,,,,20,GP,,,,,,,,,E,,,,,,,,,,,,,7/8/2026 17:20,,,,770,47572,Cy219,03:10.2,,,
546,IDJKT,JKT64,FCIU6088690,,,,,,20,GP,,,,,,,,,E,,,,,,,,,,,,,7/8/2026 17:13,,,,770,47572,Cy219,03:10.2,,,
547,IDJKT,JKT64,HPCU4312234,,,,,,40,HC,,,,,,,,,E,,,,,,,,,,,,,7/8/2026 16:45,,,,770,47572,Cy219,03:10.2,,,
548,IDJKT,JKT64,MRTU2182178,,,,,,20,GP,,,,,,,,,E,,,,,,,,,,,,,7/8/2026 17:52,,,,770,47572,Cy219,03:10.2,,,
549,IDJKT,JKT64,SEGU3955862,,,,,,20,GP,,,,,,,,,E,,,,,,,,,,,,,7/8/2026 17:15,,,,770,47572,Cy219,03:10.2,,,
550,IDJKT,JKT64,MAXU1366256,,,,,,20,GP,,,,,,,,,E,,,,,,,,,,,,,7/8/2026 18:00,,,,770,47572,Cy219,03:10.2,,,
551,IDJKT,JKT64,SPNU2768092,,,,,,20,GP,,,,,,,,,E,,,,,,,,,,,,,7/8/2026 16:19,,,,770,47572,Cy219,03:10.2,,,
552,IDJKT,JKT64,SPNU2840474,,,,,,20,GP,,,,,,,,,E,,,,,,,,,,,,,7/8/2026 16:36,,,,770,47572,Cy219,03:10.2,,,
553,IDJKT,JKT64,FCIU7029520,,,,,,40,HC,,,,,,,,,E,,,,,,,,,,,,,7/8/2026 16:46,,,,770,47572,Cy219,03:10.2,,,
554,IDJKT,JKT64,MRLU5210063,,,,,,40,HC,,,,,,,,,E,,,,,,,,,,,,,7/8/2026 16:49,,,,770,47572,Cy219,03:10.2,,,
555,IDJKT,JKT64,MRTU2169854,,,,,,20,GP,,,,,,,,,E,,,,,,,,,,,,,7/8/2026 18:04,,,,770,47572,Cy219,03:10.2,,,
556,IDJKT,JKT64,MRTU2156142,,,,,,20,GP,,,,,,,,,E,,,,,,,,,,,,,7/8/2026 17:05,,,,770,47572,Cy219,03:10.2,,,
557,IDJKT,JKT64,MRLU2370480,,,,,,20,GP,,,,,,,,,E,,,,,,,,,,,,,7/8/2026 18:01,,,,770,47572,Cy219,03:10.2,,,
558,IDJKT,JKT64,MRTU9665244,,,,,,40,HC,,,,,,,,,E,,,,,,,,,,,,,7/8/2026 16:47,,,,770,47572,Cy219,03:10.2,,,
559,IDJKT,JKT64,MRLU2382618,,,,,,20,GP,,,,,,,,,E,,,,,,,,,,,,,7/8/2026 17:52,,,,770,47572,Cy219,03:10.2,,,
560,IDJKT,JKT64,MRTU2244602,,,,,,20,GP,,,,,,,,,E,,,,,,,,,,,,,7/8/2026 17:49,,,,770,47572,Cy219,03:10.2,,,
561,IDJKT,JKT64,MRTU2239355,,,,,,20,GP,,,,,,,,,E,,,,,,,,,,,,,7/8/2026 17:48,,,,770,47572,Cy219,03:10.2,,,
562,IDJKT,JKT64,MRTU2108273,,,,,,20,GP,,,,,,,,,E,,,,,,,,,,,,,7/8/2026 17:05,,,,770,47572,Cy219,03:10.2,,,
563,IDJKT,JKT64,MRTU2243550,,,,,,20,GP,,,,,,,,,E,,,,,,,,,,,,,7/8/2026 17:11,,,,770,47572,Cy219,03:10.2,,,
564,IDJKT,JKT64,MRTU9627959,,,,,,40,HC,,,,,,,,,E,,,,,,,,,,,,,7/8/2026 16:47,,,,770,47572,Cy219,03:10.2,,,
2892,IDJKT,JKT74,MRTU9631434,,,,,,40,HC,,,,,,,,,E,,,,,,,,,,,,,10/8/2026 6:30,,,,770,47833,219,07:13.7,,,
4266,IDJKT,JKT64,MRTU2026391,6,1b,,,,20,GP,,,,,,,,,F,,,,,,,,,,,,,26-08-2026 10:36,,,,770,49917,218,15:07.7,,,
567,IDJKT,JKT64,MRTU2223169,6,1b,,,,20,GP,,,,,,,,,F,,,,,,,,,,,,,7/8/2026 19:16,,,,770,47571,218,03:21.8,,,
568,IDJKT,JKT64,MRTU2032706,5,1b,,,,20,GP,,,,,,,,,F,,,,,,,,,,,,,7/8/2026 16:11,,,,770,47571,218,03:21.8,,,
569,IDJKT,JKT64,MRTU2070814,7,1b,,,,20,GP,,,,,,,,,E,,,,,,,,,,,,,7/8/2026 17:01,,,,770,47571,218,03:21.8,,,
7043,IDJKT,JKT56,MRLU2372081,,1a,15,3,2,20,GP,,,,,,,,,F,,,,,,,,,,,,,31-08-2026 14:03,,,,770,41326,213,47:33.3,,,
7044,IDJKT,JKT56,MRTU2004833,,1a,13,4,2,20,GP,,,,,,,,,F,,,,,,,,,,,,,31-08-2026 14:13,,,,770,41326,213,47:33.3,,,
572,IDJKT,JKT64,MRTU2031588,7,1b,,,,20,GP,,,,,,,,,F,,,,,,,,,,,,,7/8/2026 16:58,,,,770,47571,218,03:21.8,,,
4264,IDJKT,JKT64,MRTU2161302,6,,,,,20,GP,,,,,,,,,F,,,,,,,,,,,,,26-08-2026 11:35,,,,770,49917,218,15:07.7,,,
573,IDJKT,JKT64,MRTU2031504,5,1b,,,,20,GP,,,,,,,,,E,,,,,,,,,,,,,7/8/2026 16:56,,,,770,47571,218,03:21.8,,,
4269,IDJKT,JKT64,MRTU2111826,7,1b,,,,20,GP,,,,,,,,,F,,,,,,,,,,,,,26-08-2026 08:19,,,,770,49917,218,15:07.7,,,
2897,IDJKT,JKT74,MRTU9627645,,,,,,40,HC,,,,,,,,,E,,,,,,,,,,,,,10/8/2026 3:10,,,,770,47833,219,07:13.7,,,
576,IDJKT,JKT64,MRTU2145390,6,1b,,,,20,GP,,,,,,,,,F,,,,,,,,,,,,,7/8/2026 16:49,,,,770,47571,218,03:21.8,,,
577,IDJKT,JKT64,MRTU2265734,5,1b,,,,20,GP,,,,,,,,,F,,,,,,,,,,,,,7/8/2026 17:25,,,,770,47571,218,03:21.8,,,
578,IDJKT,JKT64,MRTU2025461,5,1b,,,,20,GP,,,,,,,,,E,,,,,,,,,,,,,7/8/2026 16:50,,,,770,47571,218,03:21.8,,,
7045,IDJKT,JKT56,MRLU2342359,,1a,15,3,5,20,GP,,,,,,,,,F,,,,,,,,,,,,,31-08-2026 14:08,,,,770,41326,213,47:33.3,,,
580,IDJKT,JKT64,TGHU0414097,6,1b,,,,20,GP,,,,,,,,,F,,,,,,,,,,,,,7/8/2026 16:50,,,,770,47571,218,03:21.8,,,
581,IDJKT,JKT64,MRTU2228915,8,1b,,,,20,GP,,,,,,,,,F,,,,,,,,,,,,,7/8/2026 16:11,,,,770,47571,218,03:21.8,,,
582,IDJKT,JKT64,MRTU2190430,6,1b,,,,20,GP,,,,,,,,,F,,,,,,,,,,,,,7/8/2026 16:48,,,,770,47571,218,03:21.8,,,
5878,IDJKT,JKT64,MRLU2343545,7,1b,,,,20,GP,,,,,,,,,E,,,,,,,,,,,,,28-08-2026 13:24,,,,770,50163,218,57:32.9,,,
2899,IDJKT,JKT64,CSNU1257821,Ht16,1b,17,1,2,20,GP,,,,,,,,,E,,,,,,,,,,,,,10/8/2026 7:22,,,,770,47844,218,07:13.8,,,
585,IDJKT,JKT64,DFSU3190510,8,1b,,,,20,GP,,,,,,,,,F,,,,,,,,,,,,,7/8/2026 17:01,,,,770,47571,218,03:21.8,,,
586,IDJKT,JKT64,MRLU2318352,6,1b,,,,20,GP,,,,,,,,,F,,,,,,,,,,,,,7/8/2026 16:57,,,,770,47571,218,03:21.8,,,
2900,IDJKT,JKT64,MRTU2185602,Ht26,1b,16,4,3,20,GP,,,,,,,,,F,,,,,,,,,,,,,10/8/2026 6:55,,,,770,47844,218,07:13.8,,,
588,IDJKT,JKT64,MRTU2161196,6,1b,,,,20,GP,,,,,,,,,F,,,,,,,,,,,,,7/8/2026 17:26,,,,770,47571,218,03:21.8,,,
589,IDJKT,JKT64,MRTU9610426,6,1b,,,,40,HC,,,,,,,,,F,,,,,,,,,,,,,7/8/2026 19:52,,,,770,47571,218,03:21.8,,,
590,IDJKT,JKT64,MRTU2244808,6,1b,,,,20,GP,,,,,,,,,F,,,,,,,,,,,,,7/8/2026 16:10,,,,770,47571,218,03:21.8,,,
591,IDJKT,JKT64,HPCU2232818,5,1b,,,,20,GP,,,,,,,,,F,,,,,,,,,,,,,7/8/2026 19:15,,,,770,47571,218,03:21.8,,,
592,IDJKT,JKT64,MRTU2233948,7,1b,,,,20,GP,,,,,,,,,F,,,,,,,,,,,,,7/8/2026 16:10,,,,770,47571,218,03:21.8,,,
593,IDJKT,JKT64,MRTU2185095,6,1b,,,,20,GP,,,,,,,,,F,,,,,,,,,,,,,7/8/2026 16:59,,,,770,47571,218,03:21.8,,,
594,IDJKT,JKT64,FCIU6084518,6,1b,,,,20,GP,,,,,,,,,F,,,,,,,,,,,,,7/8/2026 16:46,,,,770,47571,218,03:21.8,,,
2901,IDJKT,JKT64,TEGU2968315,Ht17,1b,9,2,5,20,GP,,,,,,,,,E,,,,,,,,,,,,,10/8/2026 0:47,,,,770,47844,218,07:13.8,,,
596,IDJKT,JKT64,SEGU4637296,HT24,1A,8,4,4,40,HC,,,,,,,,,E,,,,,,,,,,,,,7/8/2026 19:47,,,,770,47581,218,03:21.9,,,
1463,IDJKT,JKT64,FCIU6088920,7,1b,,,,20,GP,,,,,,,,,E,,,,,,,,,,,,,8/8/2026 14:48,,,,770,47689,218,04:42.3,,,
599,IDJKT,JKT64,MRTU9610494,HT 30,1A,8,3,1,40,HC,,,,,,,,,E,,,,,,,,,,,,,7/8/2026 19:39,,,,770,47581,218,03:21.9,,,
2902,IDJKT,JKT64,CEOU2271203,Ht12,1b,16,2,5,20,GP,,,,,,,,,F,,,,,,,,,,,,,10/8/2026 7:07,,,,770,47844,218,07:13.8,,,
2903,IDJKT,JKT64,TEGU7006309,Ht16,1b,12,3,1,20,GP,,,,,,,,,E,,,,,,,,,,,,,10/8/2026 0:13,,,,770,47844,218,07:13.8,,,
602,IDJKT,JKT64,TXGU8490279,Ht16,1A,8,37,2,40,HC,,,,,,,,,F,,,,,,,,,,,,,7/8/2026 19:49,,,,770,47581,218,03:21.9,,,
604,IDJKT,JKT64,CXDU2313216,HT23,1A,,3,3,40,HC,,,,,,,,,E,,,,,,,,,,,,,7/8/2026 19:52,,,,770,47581,218,03:21.9,,,
2904,IDJKT,JKT64,MRTU2122081,Ht29,1b,9,3,4,20,GP,,,,,,,,,E,,,,,,,,,,,,,10/8/2026 1:26,,,,770,47844,218,07:13.8,,,
606,IDJKT,JKT64,MRTU9627049,HT13,1A,2,5,1,40,HC,,,,,,,,,E,,,,,,,,,,,,,7/8/2026 19:19,,,,770,47581,218,03:21.9,,,
607,IDJKT,JKT64,CAAU4972930,Ht13,1A,2,2,2,40,HC,,,,,,,,,E,,,,,,,,,,,,,7/8/2026 17:40,,,,770,47581,218,03:21.9,,,
2905,IDJKT,JKT64,MRTU2035428,Ht29,1b,9,3,3,20,GP,,,,,,,,,F,,,,,,,,,,,,,10/8/2026 1:26,,,,770,47844,218,07:13.8,,,
4274,IDJKT,JKT64,MRTU2284673,6,1b,,,,20,GP,,,,,,,,,F,,,,,,,,,,,,,26-08-2026 09:21,,,,770,49917,218,15:07.7,,,
610,IDJKT,JKT64,TXGU8407650,Ht15,1A,2,2,1,40,HC,,,,,,,,,E,,,,,,,,,,,,,7/8/2026 17:40,,,,770,47581,218,03:21.9,,,
7046,IDJKT,JKT56,SEGU4504544,,1a,18,6,1,40,HC,,,,,,,,,F,,,,,,,,,,,,,31-08-2026 14:10,,,,770,41326,213,47:33.3,,,
612,IDJKT,JKT64,TCNU4166274,HT19,1A,8,5,2,40,HC,,,,,,,,,E,,,,,,,,,,,,,7/8/2026 19:32,,,,770,47581,218,03:21.9,,,
613,IDJKT,JKT64,MRTU9611021,HT 16,1A,2,1,1,40,HC,,,,,,,,,E,,,,,,,,,,,,,7/8/2026 17:48,,,,770,47581,218,03:21.9,,,
614,IDJKT,JKT64,FCIU7027955,HT 12,1A,8,5,3,40,HC,,,,,,,,,E,,,,,,,,,,,,,7/8/2026 19:34,,,,770,47581,218,03:21.9,,,
2906,IDJKT,JKT64,JPLU3015224,Ht14,1b,9,1,5,20,GP,,,,,,,,,E,,,,,,,,,,,,,10/8/2026 0:31,,,,770,47844,218,07:13.8,,,
1464,IDJKT,JKT64,MRTU9667859,6,1b,,,,40,HC,,,,,,,,,F,,,,,,,,,,,,,8/8/2026 8:57,,,,770,47689,218,04:42.3,,,
4276,IDJKT,JKT64,MRTU2210304,7,1b,,,,20,GP,,,,,,,,,F,,,,,,,,,,,,,26-08-2026 09:57,,,,770,49917,218,15:07.7,,,
618,IDJKT,JKT64,TCNU1077126,HT 15,1A,2,5,2,40,HC,,,,,,,,,E,,,,,,,,,,,,,7/8/2026 19:20,,,,770,47581,218,03:21.9,,,
2907,IDJKT,JKT64,MRLU2383492,Ht06,1b,13,1,4,20,GP,,,,,,,,,F,,,,,,,,,,,,,10/8/2026 5:46,,,,770,47844,218,07:13.8,,,
7047,IDJKT,JKT56,MRLU2369370,,1a,15,3,4,20,GP,,,,,,,,,F,,,,,,,,,,,,,31-08-2026 14:07,,,,770,41326,213,47:33.3,,,
2908,IDJKT,JKT64,TEGU2995178,Ht17,1b,9,3,1,20,GP,,,,,,,,,E,,,,,,,,,,,,,10/8/2026 0:48,,,,770,47844,218,07:13.8,,,
4278,IDJKT,JKT64,DFSU3194156,6,1b,,,,20,GP,,,,,,,,,F,,,,,,,,,,,,,26-08-2026 08:18,,,,770,49917,218,15:07.7,,,
623,IDJKT,JKT64,TCNU5477440,Ht20,3A,6,2,4,40,HC,,,,,,,,,E,,,,,,,,,,,,,7/8/2026 16:22,,,,770,47569,218,03:22.0,,,
2909,IDJKT,JKT64,TEGU3053703,Ht17,1b,,,,20,GP,,,,,,,,,E,,,,,,,,,,,,,10/8/2026 0:22,,,,770,47844,218,07:13.8,,,
2910,IDJKT,JKT64,MRLU2374079,Ht17,1b,8,3,5,20,GP,,,,,,,,,E,,,,,,,,,,,,,10/8/2026 0:21,,,,770,47844,218,07:13.8,,,
626,IDJKT,JKT64,HPCU4313375,Ht20,3A,6,1,3,40,HC,,,,,,,,,E,,,,,,,,,,,,,7/8/2026 17:07,,,,770,47569,218,03:22.0,,,
627,IDJKT,JKT64,MRTU9621987,Ht12,3A,6,1,4,40,HC,,,,,,,,,E,,,,,,,,,,,,,7/8/2026 17:09,,,,770,47569,218,03:22.0,,,
1465,IDJKT,JKT64,DFSU3189822,6,1b,,,,20,GP,,,,,,,,,F,,,,,,,,,,,,,8/8/2026 9:35,,,,770,47689,218,04:42.3,,,
5881,IDJKT,JKT64,MRTU2120725,6,1b,,,,20,GP,,,,,,,,,F,,,,,,,,,,,,,28-08-2026 15:43,,,,770,50163,218,57:32.9,,,
5882,IDJKT,JKT64,MRTU2155130,7,1b,,,,20,GP,,,,,,,,,F,,,,,,,,,,,,,28-08-2026 15:03,,,,770,50163,218,57:32.9,,,
631,IDJKT,JKT64,SEGU4837720,Ht22,3A,6,2,2,40,HC,,,,,,,,,E,,,,,,,,,,,,,7/8/2026 16:17,,,,770,47569,218,03:22.0,,,
7048,IDJKT,JKT56,MRTU2042577,,1a,15,2,5,20,GP,,,,,,,,,F,,,,,,,,,,,,,31-08-2026 14:11,,,,770,41326,213,47:33.3,,,
632,IDJKT,JKT64,HPCU2984097,Ht20,3A,16,4,1,20,GP,,,,,,,,,F,Ada,,,,,,,,,,,,7/8/2026 19:25,,,,770,47569,218,03:22.0,,,
7049,IDJKT,JKT56,MRTU2038622,,1a,15,1,4,20,GP,,,,,,,,,F,,,,,,,,,,,,,31-08-2026 13:57,,,,770,41326,213,47:33.3,,,
634,IDJKT,JKT64,MRTU9626084,Ht26,3A,6,1,2,20,HC,,,,,,,,,F,Ada,,,,,,,,,,,,7/8/2026 16:54,,,,770,47569,218,03:22.0,,,
635,IDJKT,JKT64,MRTU2015566,Ht02,3A,7,6,1,20,GP,,,,,,,,,E,,,,,,,,,,,,,7/8/2026 17:32,,,,770,47569,218,03:22.0,,,
636,IDJKT,JKT64,FCIU7015110,Ht13,3A,10,1,2,40,HC,,,,,,,,,E,,,,,,,,,,,,,7/8/2026 17:18,,,,770,47569,218,03:22.0,,,
2911,IDJKT,JKT64,MRTU2138473,Ht06,1b,13,1,3,20,GP,,,,,,,,,E,,,,,,,,,,,,,10/8/2026 5:45,,,,770,47844,218,07:13.8,,,
639,IDJKT,JKT64,MRTU2040173,Ht02,3A,7,6,3,20,GP,,,,,,,,,F,Ada,,,,,,,,,,,,7/8/2026 17:33,,,,770,47569,218,03:22.0,,,
1466,IDJKT,JKT64,MRTU2086512,6,1b,,,,20,GP,,,,,,,,,F,,,,,,,,,,,,,8/8/2026 9:45,,,,770,47689,218,04:42.3,,,
1467,IDJKT,JKT64,TXGU8465656,7,1b,,,,40,HC,,,,,,,,,F,,,,,,,,,,,,,8/8/2026 9:00,,,,770,47689,218,04:42.3,,,
1468,IDJKT,JKT64,HPCU4316883,8,1B,,,,40,HC,,,,,,,,,F,,,,,,,,,,,,,8/8/2026 8:48,,,,770,47689,218,04:42.3,,,
4284,IDJKT,JKT64,CMAU3066407,7,1b,,,,20,GP,,,,,,,,,F,,,,,,,,,,,,,26-08-2026 11:23,,,,770,49917,218,15:07.7,,,
7050,IDJKT,JKT56,MRTU2097815,,1a,12,2,5,20,GP,,,,,,,,,F,,,,,,,,,,,,,31-08-2026 15:32,,,,770,41326,213,47:33.3,,,
1469,IDJKT,JKT64,MRTU2100483,9,1b,,,,20,GP,,,,,,,,,E,,,,,,,,,,,,,8/8/2026 14:24,,,,770,47689,218,04:42.3,,,
1470,IDJKT,JKT64,GATU1286460,6,1b,,,,20,GP,,,,,,,,,F,,,,,,,,,,,,,8/8/2026 11:18,,,,770,47689,218,04:42.3,,,
647,IDJKT,JKT74,MRTU2220431,Ht21,C,8,4,5,20,GP,,,,,,,,,E,,,,,,,,,,,,,7/8/2026 19:33,,,,770,47570,219,03:22.1,,,
648,IDJKT,JKT74,MCCU1030812,Ht18,C,12,7,3,20,GP,,,,,,,,,E,,,,,,,,,,,,,7/8/2026 17:44,,,,770,47570,219,03:22.1,,,
649,IDJKT,JKT74,MRTU2098555,Ht05,C,4,9,3,20,GP,,,,,,,,,E,,,,,,,,,,,,,7/8/2026 20:03,,,,770,47570,219,03:22.1,,,
7051,IDJKT,JKT56,TIIU5845978,,1a,4,5,4,40,HC,,,,,,,,,F,,,,,,,,,,,,,31-08-2026 14:00,,,,770,41326,213,47:33.3,,,
1471,IDJKT,JKT64,MRTU2221377,,1b,,,,20,GP,,,,,,,,,F,,,,,,,,,,,,,8/8/2026 8:26,,,,770,47689,218,04:42.3,,,
1472,IDJKT,JKT64,MRTU2063883,8,1b,,,,20,GP,,,,,,,,,E,,,,,,,,,,,,,8/8/2026 14:47,,,,770,47689,218,04:42.3,,,
653,IDJKT,JKT74,MRTU2217696,Ht30,C,8,3,5,20,GP,,,,,,,,,E,,,,,,,,,,,,,7/8/2026 17:38,,,,770,47570,219,03:22.1,,,
1473,IDJKT,JKT64,MRTU9604444,7,1b,,,,40,HC,,,,,,,,,E,,,,,,,,,,,,,8/8/2026 8:43,,,,770,47689,218,04:42.3,,,
1474,IDJKT,JKT64,MRTU2256814,6,1b,,,,20,GP,,,,,,,,,F,,,,,,,,,,,,,8/8/2026 11:17,,,,770,47689,218,04:42.3,,,
657,IDJKT,JKT74,MRTU2058383,Ht29,C,4,10,2,20,GP,,,,,,,,,E,,,,,,,,,,,,,7/8/2026 19:38,,,,770,47570,219,03:22.1,,,
1476,IDJKT,JKT64,FCIU6079152,6,1b,,,,20,GP,,,,,,,,,F,,,,,,,,,,,,,8/8/2026 11:35,,,,770,47689,218,04:42.3,,,
4289,IDJKT,JKT64,HPCU2229650,7,1b,,,,20,GP,,,,,,,,,F,,,,,,,,,,,,,26-08-2026 09:57,,,,770,49917,218,15:07.7,,,
4290,IDJKT,JKT64,MRTU2103754,6,1b,,,,20,GP,,,,,,,,,F,,,,,,,,,,,,,26-08-2026 08:17,,,,770,49917,218,15:07.7,,,
4291,IDJKT,JKT64,MRTU2087416,Ht15,3A,1,4,5,20,GP,,,,,,,,,F,Ada,,,,,,,,,,,,26-08-2026 14:08,,,,770,49918,218,15:07.9,,,
2912,IDJKT,JKT64,TEGU2953399,Ht28,1b,14,2,1,20,GP,,,,,,,,,E,,,,,,,,,,,,,10/8/2026 5:27,,,,770,47844,218,07:13.8,,,
7052,IDJKT,JKT56,MRLU2300332,,1a,15,3,3,20,GP,,,,,,,,,F,,,,,,,,,,,,,31-08-2026 14:04,,,,770,41326,213,47:33.3,,,
7053,IDJKT,JKT56,MRTU2165191,,1a,16,2,3,20,GP,,,,,,,,,F,,,,,,,,,,,,,31-08-2026 15:33,,,,770,41326,213,47:33.3,,,
5884,IDJKT,JKT64,MRTU2329309,7,,,,,20,GP,,,,,,,,,F,,,,,,,,,,,,,28-08-2026 14:49,,,,770,50163,Cy218,57:32.9,,,
1481,IDJKT,JKT64,MRTU2284143,6,1b,,,,20,GP,,,,,,,,,F,,,,,,,,,,,,,8/8/2026 10:58,,,,770,47689,218,04:42.3,,,
671,IDJKT,JKT74,MRTU2075101,Ht21,C,4,11,4,20,GP,,,,,,,,,E,,,,,,,,,,,,,7/8/2026 19:34,,,,770,47570,219,03:22.1,,,
4288,IDJKT,JKT64,MRTU2244515,7,,,,,20,GP,,,,,,,,,F,,,,,,,,,,,,,26-08-2026 13:22,,,,770,49917,218,15:07.7,,,
674,IDJKT,JKT74,MRLU2372353,Ht23,C,7,9,2,20,GP,,,,,,,,,E,,,,,,,,,,,,,7/8/2026 17:26,,,,770,47570,219,03:22.1,,,
676,IDJKT,JKT74,FCIU6089799,Ht04,C,8,3,4,20,GP,,,,,,,,,E,,,,,,,,,,,,,7/8/2026 17:42,,,,770,47570,219,03:22.1,,,
2913,IDJKT,JKT64,MRTU2261338,Ht23,1b,16,4,1,20,GP,,,,,,,,,F,,,,,,,,,,,,,10/8/2026 6:50,,,,770,47844,218,07:13.8,,,
5896,IDJKT,JKT64,MRTU2312332,6,,,,,20,GP,,,,,,,,,F,,,,,,,,,,,,,28-08-2026 13:26,,,,770,50163,218,57:32.9,,,
679,IDJKT,JKT74,FCIU6077925,Ht29,C,10,10,5,20,GP,,,,,,,,,E,,,,,,,,,,,,,7/8/2026 19:39,,,,770,47570,219,03:22.1,,,
2914,IDJKT,JKT64,TEGU2883521,Ht11,1b,13,1,1,20,GP,,,,,,,,,E,,,,,,,,,,,,,10/8/2026 5:39,,,,770,47844,218,07:13.8,,,
681,IDJKT,JKT74,MRTU2140700,Ht08,C,4,11,1,20,GP,,,,,,,,,E,,,,,,,,,,,,,7/8/2026 19:30,,,,770,47570,219,03:22.1,,,
682,IDJKT,JKT74,MRTU2106199,Ht06,C,4,10,2,20,GP,,,,,,,,,E,,,,,,,,,,,,,7/8/2026 19:36,,,,770,47570,219,03:22.1,,,
683,IDJKT,JKT74,MRLU2305165,Ht22,C,11,10,2,20,EC,,,,,,,,,E,,,,,,,,,,,,,7/8/2026 16:55,,,,770,47570,219,03:22.1,,,
2915,IDJKT,JKT64,MRTU2056101,Ht14,1b,9,1,4,20,GP,,,,,,,,,E,,,,,,,,,,,,,10/8/2026 0:30,,,,770,47844,218,07:13.8,,,
685,IDJKT,JKT74,MRTU2177654,Ht11,C,4,9,6,20,GP,,,,,,,,,E,,,,,,,,,,,,,7/8/2026 19:49,,,,770,47570,219,03:22.1,,,
5895,IDJKT,JKT64,MRTU2305992,6,1b,,,,20,GP,,,,,,,,,F,,,,,,,,,,,,,28-08-2026 08:30,,,,770,50163,218,57:32.9,,,
1486,IDJKT,JKT64,MRTU2214439,6,1b,,,,20,GP,,,,,,,,,F,,,,,,,,,,,,,8/8/2026 9:52,,,,770,47689,218,04:42.3,,,
688,IDJKT,JKT74,MRTU2376698,Ht27,C,2,10,1,20,GP,,,,,,,,,E,,,,,,,,,,,,,7/8/2026 17:56,,,,770,47570,219,03:22.1,,,
5897,IDJKT,JKT64,MRLU2357786,6,1b,,,,20,GP,,,,,,,,,E,,,,,,,,,,,,,28-08-2026 13:28,,,,770,50163,218,57:32.9,,,
1488,IDJKT,JKT64,MRTU2267315,6,1b,,,,20,GP,,,,,,,,,F,,,,,,,,,,,,,8/8/2026 9:36,,,,770,47689,218,04:42.3,,,
5899,IDJKT,JKT64,MRTU2191251,Ht08,3A,14,4,2,20,GP,,,,,,,,,F,Ada,,,,,,,,,,,,28-08-2026 15:23,,,,770,50149,218,57:33.0,,,
2916,IDJKT,JKT64,TEGU2972172,Ht29,1b,9,2,4,20,GP,,,,,,,,,E,,,,,,,,,,,,,10/8/2026 0:46,,,,770,47844,218,07:13.8,,,
695,IDJKT,JKT74,MRTU2029385,Ht10,C,9,1,5,20,GP,,,,,,,,,E,,,,,,,,,,,,,7/8/2026 19:03,,,,770,47570,219,03:22.1,,,
696,IDJKT,JKT74,MRTU2140779,Ht08,C,4,11,2,20,GP,,,,,,,,,E,,,,,,,,,,,,,7/8/2026 19:32,,,,770,47570,219,03:22.1,,,
5900,IDJKT,JKT64,MRTU2200610,Ht02,3A,8,5,2,20,GP,,,,,,,,,F,,,,,,,,,,,,,28-08-2026 14:16,,,,770,50149,218,57:33.0,,,
4307,IDJKT,JKT64,TLLU2607094,,3a,27,6,4,20,GP,,,,,,,,,F,,,,,,,,,,,,,26-08-2026 11:18,,,,770,49886,218,15:07.9,,,
1489,IDJKT,JKT64,MRTU2010585,7,1b,,,,20,GP,,,,,,,,,F,,,,,,,,,,,,,8/8/2026 10:41,,,,770,47689,218,04:42.3,,,
700,IDJKT,JKT74,MRTU2079067,Ht08,C,9,1,2,20,GP,,,,,,,,,E,,,,,,,,,,,,,7/8/2026 17:13,,,,770,47570,219,03:22.1,,,
1490,IDJKT,JKT64,MRTU2180107,6,1b,,,,20,GP,,,,,,,,,F,,,,,,,,,,,,,8/8/2026 11:38,,,,770,47689,218,04:42.3,,,
7054,IDJKT,JKT64,MRTU2076915,,,,,,20,GP,,,,,,,,,F,,,,,,,,,,,,,31-08-2026 08:18,,,,770,50473,218,57:34.1,,,
1491,IDJKT,JKT64,MRTU2004005,7,1b,,,,20,GP,,,,,,,,,F,,,,,,,,,,,,,8/8/2026 9:57,,,,770,47689,218,04:42.3,,,
2917,IDJKT,JKT64,TEGU3043449,Ht16,1b,7,3,2,20,GP,,,,,,,,,E,,,,,,,,,,,,,10/8/2026 0:14,,,,770,47844,218,07:13.8,,,
705,IDJKT,JKT74,MRTU2039151,Ht02,C,4,9,1,20,GP,,,,,,,,,E,,,,,,,,,,,,,7/8/2026 19:42,,,,770,47570,219,03:22.1,,,
7055,IDJKT,JKT64,MRTU2280322,,,,,,20,GP,,,,,,,,,F,,,,,,,,,,,,,31-08-2026 11:15,,,,770,50473,218,57:34.1,,,
2918,IDJKT,JKT64,MRTU2235200,Ht16,1b,17,1,1,20,GP,,,,,,,,,E,,,,,,,,,,,,,10/8/2026 7:21,,,,770,47844,218,07:13.8,,,
1493,IDJKT,JKT64,TXGU8464393,7,1b,,,,,HC,,,,,,,,,F,,,,,,,,,,,,,8/8/2026 9:25,,,,770,47689,218,04:42.3,,,
2919,IDJKT,JKT64,TEGU3093162,Ht30,1b,10,5,5,20,GP,,,,,,,,,E,,,,,,,,,,,,,10/8/2026 4:05,,,,770,47844,218,07:13.8,,,
710,IDJKT,JKT74,MRTU2013136,Ht09,C,4,9,5,20,GP,,,,,,,,,E,,,,,,,,,,,,,7/8/2026 19:46,,,,770,47570,219,03:22.1,,,
2920,IDJKT,JKT64,TEGU3027216,Ht12,1b,9,2,2,20,GP,,,,,,,,,E,,,,,,,,,,,,,10/8/2026 0:33,,,,770,47844,218,07:13.8,,,
7056,IDJKT,JKT64,SPNU4646684,,,,,,40,HC,,,,,,,,,E,,,,,,,,,,,,,31-08-2026 11:39,,,,770,50473,218,57:34.1,,,
7057,IDJKT,JKT64,MRTU2162340,,,,,,20,GP,,,,,,,,,F,,,,,,,,,,,,,31-08-2026 08:19,,,,770,50473,218,57:34.1,,,
2921,IDJKT,JKT64,TDRU6723863,Ht02,1b,4,3,1,40,HC,,,,,,,,,E,,,,,,,,,,,,,10/8/2026 3:15,,,,770,47844,218,07:13.8,,,
1495,IDJKT,JKT64,MRTU2134755,7,1b,,,,20,GP,,,,,,,,,F,,,,,,,,,,,,,8/8/2026 10:28,,,,770,47689,218,04:42.3,,,
7058,IDJKT,JKT64,SPNU4646684,,,,,,40,HC,,,,,,,,,E,,,,,,,,,,,,,31-08-2026 13:51,,,,770,50473,218,57:34.1,,,
717,IDJKT,JKT74,MRTU2213474,,,,,,20,GP,,,,,,,,,E,,,,,,,,,,,,,7/8/2026 20:07,,,,770,47578,Cy219,03:22.3,,,
718,IDJKT,JKT74,MRTU2077568,,,,,,20,GP,,,,,,,,,E,,,,,,,,,,,,,7/8/2026 20:06,,,,770,47578,Cy219,03:22.3,,,
719,IDJKT,JKT74,FCIU6085941,,,,,,20,GP,,,,,,,,,E,,,,,,,,,,,,,7/8/2026 20:06,,,,770,47578,Cy219,03:22.3,,,
720,IDJKT,JKT74,MRTU2023514,,,,,,20,GP,,,,,,,,,E,,,,,,,,,,,,,7/8/2026 19:56,,,,770,47578,Cy219,03:22.3,,,
721,IDJKT,JKT74,MRTU2037415,,,,,,20,GP,,,,,,,,,E,,,,,,,,,,,,,7/8/2026 20:07,,,,770,47578,Cy219,03:22.3,,,
722,IDJKT,JKT74,MRTU2029641,,,,,,20,GP,,,,,,,,,E,,,,,,,,,,,,,7/8/2026 20:06,,,,770,47578,Cy219,03:22.3,,,
723,IDJKT,JKT74,MRLU2358761,,,,,,20,GP,,,,,,,,,E,,,,,,,,,,,,,7/8/2026 20:05,,,,770,47578,Cy219,03:22.3,,,
724,IDJKT,JKT74,MRTU2091674,,,,,,20,GP,,,,,,,,,E,,,,,,,,,,,,,7/8/2026 20:05,,,,770,47578,Cy219,03:22.3,,,
725,IDJKT,JKT74,MRTU2092840,,,,,,20,GP,,,,,,,,,E,,,,,,,,,,,,,7/8/2026 20:07,,,,770,47578,Cy219,03:22.3,,,
727,IDJKT,JKT64,MRTU9668726,Ht21,3a,10,4,1,40,HC,,,,,,,,,E,,,,,,,,,,,,,7/8/2026 22:55,,,,770,47583,218,03:37.5,,,
729,IDJKT,JKT64,MRTU9671632,Ht11,3a,12,1,3,40,HC,,,,,,,,,E,,,,,,,,,,,,,7/8/2026 22:21,,,,770,47583,218,03:37.5,,,
730,IDJKT,JKT64,MRTU9631162,Ht29,3a,12,3,1,40,HC,,,,,,,,,E,,,,,,,,,,,,,7/8/2026 21:26,,,,770,47583,218,03:37.5,,,
731,IDJKT,JKT64,MRTU9658076,Ht29,3a,12,2,2,40,HC,,,,,,,,,E,,,,,,,,,,,,,7/8/2026 20:25,,,,770,47583,218,03:37.5,,,
732,IDJKT,JKT64,MRTU2298949,B9419syp,,,,,20,GP,,,,,,,,,F,J326048,,,,,,,,,,,,7/8/2026 22:07,,,,770,47583,218,03:37.5,,,
2922,IDJKT,JKT64,TRLU9649847,Ht11,1b,13,1,2,20,GP,,,,,,,,,E,,,,,,,,,,,,,10/8/2026 5:40,,,,770,47844,218,07:13.8,,,
735,IDJKT,JKT64,MRTU2182497,B9235bei,,,,,20,GP,,,,,,,,,F,J324971,,,,,,,,,,,,7/8/2026 22:04,,,,770,47583,218,03:37.5,,,
736,IDJKT,JKT64,TXGU8956449,Ht23,3a,12,2,4,40,HC,,,,,,,,,E,,,,,,,,,,,,,7/8/2026 22:41,,,,770,47583,218,03:37.5,,,
2923,IDJKT,JKT64,HPCU2232720,Ht23,1b,16,4,2,20,GP,,,,,,,,,F,,,,,,,,,,,,,10/8/2026 6:53,,,,770,47844,218,07:13.8,,,
739,IDJKT,JKT64,BMOU6035731,Ht27,3a,12,6,4,40,HC,,,,,,,,,E,,,,,,,,,,,,,7/8/2026 22:39,,,,770,47583,218,03:37.5,,,
740,IDJKT,JKT64,MRTU2063923,L8308uz,,,,,20,GP,,,,,,,,,F,J326875,,,,,,,,,,,,7/8/2026 21:49,,,,770,47583,218,03:37.5,,,
741,IDJKT,JKT64,TIIU6802646,Ht05,3a,10,5,4,40,HC,,,,,,,,,E,,,,,,,,,,,,,7/8/2026 23:05,,,,770,47583,218,03:37.5,,,
742,IDJKT,JKT64,MRTU2210937,L9390ux,,,,,20,GP,,,,,,,,,F,2.96425,,,,,,,,,,,,7/8/2026 23:49,,,,770,47583,218,03:37.5,,,
743,IDJKT,JKT64,FCIU7021480,Ht23,3a,10,3,3,40,HC,,,,,,,,,E,,,,,,,,,,,,,7/8/2026 23:08,,,,770,47583,218,03:37.5,,,
744,IDJKT,JKT64,MRTU9671756,Ht28,3a,12,2,1,40,HC,,,,,,,,,E,,,,,,,,,,,,,7/8/2026 22:16,,,,770,47583,218,03:37.5,,,
745,IDJKT,JKT64,MRTU2350203,B9961uix,,,,,20,GP,,,,,,,,,F,3.26805,,,,,,,,,,,,7/8/2026 21:58,,,,770,47583,218,03:37.5,,,
2924,IDJKT,JKT64,TEGU2973878,Ht29,1b,9,2,3,20,GP,,,,,,,,,E,,,,,,,,,,,,,10/8/2026 0:44,,,,770,47844,218,07:13.8,,,
3230,IDJKT,JKT74,,,,,,,40,GP,,,,,,,,,E,,,,,,,,,,,,,,,,,770,47899,219,57:50.2,,,
1496,IDJKT,JKT64,MRTU2262946,9,1b,,,,20,GP,,,,,,,,,F,,,,,,,,,,,,,8/8/2026 8:53,,,,770,47689,218,04:42.3,,,
3231,IDJKT,JKT74,MRTU2255968,,,,,,20,GP,,,,,,,,,E,,,,,,,,,,,,,10/8/2026 11:46,,,,770,47899,219,57:50.2,,,
3232,IDJKT,JKT74,MRTU2088599,,,,,,20,GP,,,,,,,,,E,,,,,,,,,,,,,10/8/2026 11:49,,,,770,47899,219,57:50.2,,,
3233,IDJKT,JKT74,MRTU2108653,,,,,,20,GP,,,,,,,,,E,,,,,,,,,,,,,10/8/2026 11:27,,,,770,47899,219,57:50.2,,,
3235,IDJKT,JKT74,MRTU2135622,,,,,,20,GP,,,,,,,,,E,,,,,,,,,,,,,10/8/2026 11:56,,,,770,47899,219,57:50.2,,,
748,IDJKT,JKT64,MRTU2143398,B9232bei,,,,,20,GP,,,,,,,,,F,3.2497,,,,,,,,,,,,7/8/2026 22:03,,,,770,47583,218,03:37.5,,,
4312,IDJKT,JKT64,MRTU9621890,,3a,46,4,1,40,HC,,,,,,,,,E,,,,,,,,,,,,,26-08-2026 15:18,,,,770,49886,218,15:07.9,,,
750,IDJKT,JKT64,MRTU2211260,Ht17,3a,8,5,4,20,GP,,,,,,,,,F,,,,,,,,,,,,,7/8/2026 21:12,,,,770,47583,218,03:37.5,,,
751,IDJKT,JKT64,SEGU4834525,Ht23,3a,12,1,2,40,HC,,,,,,,,,E,,,,,,,,,,,,,7/8/2026 21:24,,,,770,47583,218,03:37.5,,,
752,IDJKT,JKT64,MRTU9633756,Ht30,3a,12,2,3,40,HC,,,,,,,,,E,,,,,,,,,,,,,7/8/2026 22:21,,,,770,47583,218,03:37.5,,,
753,IDJKT,JKT64,MRTU9646075,Ht27,3a,12,2,4,40,HC,,,,,,,,,E,,,,,,,,,,,,,7/8/2026 22:23,,,,770,47583,218,03:37.5,,,
754,IDJKT,JKT64,SEKU1599495,B9120tok,,,,,20,GP,,,,,,,,,F,J296664,,,,,,,,,,,,7/8/2026 21:55,,,,770,47583,218,03:37.5,,,
2925,IDJKT,JKT64,MRTU2201730,Ht26,1b,16,4,4,20,GP,,,,,,,,,F,,,,,,,,,,,,,10/8/2026 6:56,,,,770,47844,218,07:13.8,,,
756,IDJKT,JKT64,CAAU4958763,Ht09,3a,10,2,3,40,HC,,,,,,,,,E,,,,,,,,,,,,,7/8/2026 23:11,,,,770,47583,218,03:37.5,,,
757,IDJKT,JKT64,MRLU2341408,Ht13,3a,8,2,2,20,GP,,,,,,,,,F,,,,,,,,,,,,,7/8/2026 20:39,,,,770,47583,218,03:37.5,,,
758,IDJKT,JKT64,CRSU9169847,Ht18,3a,10,4,2,40,HC,,,,,,,,,E,,,,,,,,,,,,,7/8/2026 22:56,,,,770,47583,218,03:37.5,,,
759,IDJKT,JKT64,MRTU9626850,Ht26,3a,12,4,3,40,HC,,,,,,,,,E,,,,,,,,,,,,,7/8/2026 22:58,,,,770,47583,218,03:37.5,,,
760,IDJKT,JKT64,MRTU2079426,L8308uz,,,,,20,GP,,,,,,,,,F,J326879,,,,,,,,,,,,7/8/2026 21:51,,,,770,47583,218,03:37.5,,,
761,IDJKT,JKT64,MRTU9676573,Ht29,3a,12,2,2,40,HC,,,,,,,,,F,,,,,,,,,,,,,7/8/2026 22:17,,,,770,47583,218,03:37.5,,,
2926,IDJKT,JKT64,MRTU2328874,Ht12,1b,16,3,5,20,GP,,,,,,,,,F,,,,,,,,,,,,,10/8/2026 7:07,,,,770,47844,218,07:13.8,,,
4313,IDJKT,JKT64,MRTU2312076,,3a,34,1,1,20,GP,,,,,,,,,F,,,,,,,,,,,,,26-08-2026 10:54,,,,770,49886,218,15:07.9,,,
764,IDJKT,JKT64,MRTU9663540,Ht29,3a,12,2,1,40,HC,,,,,,,,,E,,,,,,,,,,,,,7/8/2026 20:19,,,,770,47583,218,03:37.5,,,
765,IDJKT,JKT64,HPCU4312384,B9869ufy,,,,,40,HC,,,,,,,,,F,,,,,,,,,,,,,7/8/2026 21:27,,,,770,47583,218,03:37.5,,,
4314,IDJKT,JKT64,MRTU2287517,,3a,41,1,2,20,GP,,,,,,,,,F,,,,,,,,,,,,,26-08-2026 14:00,,,,770,49886,218,15:07.9,,,
767,IDJKT,JKT64,MRTU2100550,B9752uiz,,,,,20,GP,,,,,,,,,F,2.9338,,,,,,,,,,,,7/8/2026 22:00,,,,770,47583,218,03:37.5,,,
768,IDJKT,JKT64,HPCU2226203,Ht15,3a,13,3,2,20,GP,,,,,,,,,F,,,,,,,,,,,,,7/8/2026 20:17,,,,770,47583,218,03:37.5,,,
769,IDJKT,JKT64,MRTU2020644,B9838jd,,,,,20,GP,,,,,,,,,F,J296783,,,,,,,,,,,,7/8/2026 23:41,,,,770,47583,218,03:37.5,,,
770,IDJKT,JKT64,MRTU9640837,Ht30,3a,12,1,1,40,HC,,,,,,,,,E,,,,,,,,,,,,,7/8/2026 21:18,,,,770,47583,218,03:37.5,,,
2927,IDJKT,JKT64,TEGU7025438,Ht12,1b,9,2,1,20,GP,,,,,,,,,E,,,,,,,,,,,,,10/8/2026 0:31,,,,770,47844,218,07:13.8,,,
2928,IDJKT,JKT64,MRTU2325181,Ht30,1b,10,5,4,20,GP,,,,,,,,,E,,,,,,,,,,,,,10/8/2026 4:05,,,,770,47844,218,07:13.8,,,
773,IDJKT,JKT64,TXGU4073410,Ht10,3a,12,6,4,40,HC,,,,,,,,,E,,,,,,,,,,,,,7/8/2026 22:29,,,,770,47583,218,03:37.5,,,
774,IDJKT,JKT64,SEGU4506228,Ht23,3a,12,6,3,40,HC,,,,,,,,,E,,,,,,,,,,,,,7/8/2026 22:26,,,,770,47583,218,03:37.5,,,
776,IDJKT,JKT74,SEKU1618506,,,,,,20,GP,,,,,,,,,E,,,,,,,,,,,,,7/8/2026 21:43,,,,770,47579,219,03:37.6,,,
777,IDJKT,JKT74,MRTU2120387,,,,,,20,GP,,,,,,,,,E,,,,,,,,,,,,,7/8/2026 20:24,,,,770,47579,219,03:37.6,,,
2929,IDJKT,JKT64,TEGU2993447,Ht28,1b,14,2,2,20,GP,,,,,,,,,E,,,,,,,,,,,,,10/8/2026 5:28,,,,770,47844,218,07:13.8,,,
2930,IDJKT,JKT64,MRTU2095258,Ht06,3a,1,,,20,GP,,,,,,,,,E,,,,,,,,,,,,,10/8/2026 5:22,,,,770,47843,218,07:14.1,,,
7059,IDJKT,JKT64,MRTU9626485,,,,,,40,HC,,,,,,,,,E,,,,,,,,,,,,,31-08-2026 09:38,,,,770,50473,218,57:34.1,,,
781,IDJKT,JKT74,MRTU2226790,,,,,,20,GP,,,,,,,,,E,,,,,,,,,,,,,7/8/2026 20:51,,,,770,47579,219,03:37.6,,,
783,IDJKT,JKT74,MRLU2386059,,,,,,20,GP,,,,,,,,,E,,,,,,,,,,,,,7/8/2026 20:49,,,,770,47579,219,03:37.6,,,
4318,IDJKT,JKT64,SEKU1599685,,3a,38,1,3,20,GP,,,,,,,,,F,,,,,,,,,,,,,26-08-2026 09:25,,,,770,49886,218,15:07.9,,,
787,IDJKT,JKT74,MRTU2110769,,,,,,20,GP,,,,,,,,,E,,,,,,,,,,,,,7/8/2026 20:24,,,,770,47579,219,03:37.6,,,
788,IDJKT,JKT74,MRTU2026560,,,,,,20,GP,,,,,,,,,E,,,,,,,,,,,,,7/8/2026 20:27,,,,770,47579,219,03:37.6,,,
2932,IDJKT,JKT64,TEGU3000473,Ht10,3a,1,,,20,GP,,,,,,,,,E,,,,,,,,,,,,,10/8/2026 5:32,,,,770,47843,218,07:14.1,,,
4321,IDJKT,JKT64,MRTU9613960,,3a,44,5,2,40,HC,,,,,,,,,E,,,,,,,,,,,,,26-08-2026 08:31,,,,770,49886,218,15:07.9,,,
7060,IDJKT,JKT64,MRTU2056122,,,,,,20,GP,,,,,,,,,F,,,,,,,,,,,,,31-08-2026 09:23,,,,770,50473,218,57:34.1,,,
2933,IDJKT,JKT64,MRLU2364614,Ht06,3a,1,,,20,GP,,,,,,,,,F,,,,,,,,,,,,,10/8/2026 5:23,,,,770,47843,218,07:14.1,,,
793,IDJKT,JKT74,MRLU2300332,,,,,,20,GP,,,,,,,,,E,,,,,,,,,,,,,7/8/2026 21:59,,,,770,47579,219,03:37.6,,,
794,IDJKT,JKT74,MRTU2138895,,,,,,20,GP,,,,,,,,,E,,,,,,,,,,,,,7/8/2026 20:26,,,,770,47579,219,03:37.6,,,
2934,IDJKT,JKT64,MRTU2048066,Ht30,3a,1,,,20,GP,,,,,,,,,E,,,,,,,,,,,,,10/8/2026 5:38,,,,770,47843,218,07:14.1,,,
796,IDJKT,JKT74,MRTU2131592,,,,,,20,GP,,,,,,,,,E,,,,,,,,,,,,,7/8/2026 20:22,,,,770,47579,219,03:37.6,,,
1497,IDJKT,JKT64,MRTU2058212,7,1b,,,,20,GP,,,,,,,,,F,,,,,,,,,,,,,8/8/2026 9:42,,,,770,47689,218,04:42.3,,,
1498,IDJKT,JKT64,TRHU8895344,8,1b,,,,40,HC,,,,,,,,,F,,,,,,,,,,,,,8/8/2026 9:24,,,,770,47689,218,04:42.3,,,
4323,IDJKT,JKT64,MRTU9628744,,3a,46,3,1,40,HC,,,,,,,,,E,,,,,,,,,,,,,26-08-2026 15:27,,,,770,49886,218,15:07.9,,,
800,IDJKT,JKT74,FCIU6080087,,,,,,20,GP,,,,,,,,,E,,,,,,,,,,,,,7/8/2026 20:23,,,,770,47579,219,03:37.6,,,
7062,IDJKT,JKT64,SPNU4670905,,,,,,40,HC,,,,,,,,,E,,,,,,,,,,,,,31-08-2026 11:53,,,,770,50473,218,57:34.1,,,
803,IDJKT,JKT74,MRTU2219111,,,,,,20,GP,,,,,,,,,E,,,,,,,,,,,,,7/8/2026 20:21,,,,770,47579,219,03:37.6,,,
3971,IDJKT,JKT64,MRTU2128177,H17,,,,,20,GP,,,,,,,,,F,,,,,,,,,,,,,14-08-2026 20:15,,,,770,48538,218,05:06.7,,,
2938,IDJKT,JKT64,JPLU3019153,Ht09,3a,1,,,20,GP,,,,,,,,,E,,,,,,,,,,,,,10/8/2026 5:41,,,,770,47843,218,07:14.1,,,
806,IDJKT,JKT74,MRLU2382270,,,,,,20,GP,,,,,,,,,E,,,,,,,,,,,,,7/8/2026 21:00,,,,770,47579,219,03:37.6,,,
7063,IDJKT,JKT64,MRTU2245851,,,,,,20,GP,,,,,,,,,F,,,,,,,,,,,,,31-08-2026 10:56,,,,770,50478,218,57:34.4,,,
7064,IDJKT,JKT64,SPNU4640520,,,,,,40,HC,,,,,,,,,E,,,,,,,,,,,,,31-08-2026 09:49,,,,770,50478,218,57:34.4,,,
2940,IDJKT,JKT64,TEGU3095078,Ht13,3a,7,,,20,GP,,,,,,,,,E,,,,,,,,,,,,,10/8/2026 0:16,,,,770,47843,218,07:14.1,,,
6503,IDJKT,JKT64,MRTU2047922,H28,,,,,20,GP,,,,,,,,,F,,,,,,,,,,,,,29-08-2026 23:58,,,,770,50353,218,00:30.9,,,
2942,IDJKT,JKT64,MRTU2181130,Ht17,3a,1,,,20,GP,,,,,,,,,F,,,,,,,,,,,,,10/8/2026 6:35,,,,770,47843,218,07:14.1,,,
2943,IDJKT,JKT64,FCIU6088642,Ht19,3a,13,,,20,GP,,,,,,,,,F,,,,,,,,,,,,,10/8/2026 0:10,,,,770,47843,218,07:14.1,,,
4328,IDJKT,JKT64,TTNU1000343,,3a,35,5,1,20,GP,,,,,,,,,F,,,,,,,,,,,,,26-08-2026 10:49,,,,770,49886,218,15:07.9,,,
4337,IDJKT,JKT64,CMAU0605824,,,,,,20,GP,,,,,,,,,F,,,,,,,,,,,,,26-08-2026 11:19,,,,770,49886,218,15:07.9,,,
5904,IDJKT,JKT64,MRTU2277632,Ht08,3A,14,4,1,20,GP,,,,,,,,,F,Ada,,,,,,,,,,,,28-08-2026 15:22,,,,770,50149,218,57:33.0,,,
5905,IDJKT,JKT64,MRTU2057113,Ht02,3A,8,5,1,20,GP,,,,,,,,,F,Ada,,,,,,,,,,,,28-08-2026 14:14,,,,770,50149,218,57:33.0,,,
816,IDJKT,JKT64,MRTU9628657,H26,2A,4,5,1,40,HC,,,,,,,,,E,,,,,,,,,,,,,7/8/2026 21:53,,,,770,47586,218,03:37.7,,,
817,IDJKT,JKT64,DFSU3192030,H19,2A,5,3,1,20,GP,,,,,,,,,F,,,,,,,,,,,,,7/8/2026 20:08,,,,770,47586,218,03:37.7,,,
818,IDJKT,JKT64,MRTU2251880,H16,2A,8,4,4,20,GP,,,,,,,,,F,,,,,,,,,,,,,7/8/2026 21:40,,,,770,47586,218,03:37.7,,,
819,IDJKT,JKT64,TCNU6299023,L8826,2A,4,4,1,40,HC,,,,,,,,,F,,,,,,,,,,,,,7/8/2026 21:55,,,,770,47586,218,03:37.7,,,
820,IDJKT,JKT64,MRTU2074260,B9830,,,,,20,GP,,,,,,,,,F,,,,,,,,,,,,,7/8/2026 23:52,,,,770,47586,218,03:37.7,,,
2944,IDJKT,JKT64,MRLU2372590,Ht29,3a,4,,,20,GP,,,,,,,,,F,,,,,,,,,,,,,10/8/2026 0:34,,,,770,47843,218,07:14.1,,,
2945,IDJKT,JKT64,MRLU2358376,Ht29,3a,4,,,20,GP,,,,,,,,,E,,,,,,,,,,,,,10/8/2026 0:35,,,,770,47843,218,07:14.1,,,
2946,IDJKT,JKT64,TRLU9265796,Ht09,3a,1,,,20,GP,,,,,,,,,E,,,,,,,,,,,,,10/8/2026 5:41,,,,770,47843,218,07:14.1,,,
826,IDJKT,JKT64,TXGU8325660,H21,2A,4,3,1,40,HC,,,,,,,,,E,,,,,,,,,,,,,7/8/2026 21:51,,,,770,47586,218,03:37.7,,,
2947,IDJKT,JKT64,MRTU2197521,Ht17,3a,1,,,20,GP,,,,,,,,,F,,,,,,,,,,,,,10/8/2026 6:36,,,,770,47843,218,07:14.1,,,
2948,IDJKT,JKT64,TEGU7027600,Ht10,3a,1,,,20,GP,,,,,,,,,E,,,,,,,,,,,,,10/8/2026 5:32,,,,770,47843,218,07:14.1,,,
829,IDJKT,JKT64,TXGU8330413,H21,2A,14,5,3,40,HC,,,,,,,,,E,,,,,,,,,,,,,7/8/2026 22:07,,,,770,47586,218,03:37.7,,,
831,IDJKT,JKT64,HPCU2991590,H18,2A,8,6,2,20,GP,,,,,,,,,F,,,,,,,,,,,,,7/8/2026 20:39,,,,770,47586,218,03:37.7,,,
833,IDJKT,JKT64,FCIU6080410,H19,2A,12,1,3,20,GP,,,,,,,,,F,,,,,,,,,,,,,7/8/2026 23:01,,,,770,47586,218,03:37.7,,,
2949,IDJKT,JKT64,IPXU2171830,Ht30,3a,1,,,20,GP,,,,,,,,,E,,,,,,,,,,,,,10/8/2026 5:37,,,,770,47843,218,07:14.1,,,
2950,IDJKT,JKT64,FCIU7015830,Ht02,3a,6,,,40,HC,,,,,,,,,E,,,,,,,,,,,,,10/8/2026 0:25,,,,770,47843,218,07:14.1,,,
837,IDJKT,JKT64,MRTU2227760,H13,2A,11,1,1,20,GP,,,,,,,,,F,,,,,,,,,,,,,7/8/2026 23:48,,,,770,47586,218,03:37.7,,,
5908,IDJKT,JKT64,MRTU2280929,Ht01,3A,14,4,4,20,GP,,,,,,,,,F,Ada,,,,,,,,,,,,28-08-2026 15:26,,,,770,50149,218,57:33.0,,,
842,IDJKT,JKT64,MRTU9601018,B9274,2A,14,2,2,40,HC,,,,,,,,,F,,,,,,,,,,,,,7/8/2026 23:03,,,,770,47586,218,03:37.7,,,
4340,IDJKT,JKT64,MRTU2187082,,3a,37,4,2,20,GP,,,,,,,,,F,,,,,,,,,,,,,26-08-2026 10:32,,,,770,49886,218,15:07.9,,,
844,IDJKT,JKT64,MRTU2082841,B9087,3A,3,6,2,20,GP,,,,,,,,,F,,,,,,,,,,,,,7/8/2026 22:48,,,,770,47586,218,03:37.7,,,
845,IDJKT,JKT64,MRTU2070584,W8874,,,,,20,GP,,,,,,,,,F,,,,,,,,,,,,,7/8/2026 23:50,,,,770,47586,218,03:37.7,,,
846,IDJKT,JKT64,DFSU3189571,H13,2A,5,2,2,20,GP,,,,,,,,,F,,,,,,,,,,,,,7/8/2026 20:12,,,,770,47586,218,03:37.7,,,
847,IDJKT,JKT64,MRTU9667566,H30,2A,14,5,1,40,HC,,,,,,,,,E,,,,,,,,,,,,,7/8/2026 22:05,,,,770,47586,218,03:37.7,,,
849,IDJKT,JKT64,MRTU2226260,W8874,,,,,20,GP,,,,,,,,,F,,,,,,,,,,,,,7/8/2026 23:51,,,,770,47586,218,03:37.7,,,
4342,IDJKT,JKT64,TEMU0314115,,3a,35,5,2,20,GP,,,,,,,,,F,,,,,,,,,,,,,26-08-2026 10:49,,,,770,49886,218,15:07.9,,,
851,IDJKT,JKT64,WHSU2388798,B9914,3A,3,6,1,20,GP,,,,,,,,,F,,,,,,,,,,,,,7/8/2026 22:46,,,,770,47586,218,03:37.7,,,
4343,IDJKT,JKT64,TCLU8817103,B91123SEH,,,,,40,HC,,,,,,,,,E,,,,,,,,,,,,,26-08-2026 13:17,,,,770,49886,218,15:07.9,,,
853,IDJKT,JKT64,MRTU2073768,H30,3A,3,3,4,20,GP,,,,,,,,,E,,,,,,,,,,,,,7/8/2026 22:56,,,,770,47586,218,03:37.7,,,
854,IDJKT,JKT64,MRLU2368857,H27,2,8,3,2,20,GP,,,,,,,,,E,,,,,,,,,,,,,7/8/2026 21:50,,,,770,47586,218,03:37.7,,,
5910,IDJKT,JKT64,MRTU2117737,Ht03,3A,7,3,2,20,GP,,,,,,,,,F,Ada,,,,,,,,,,,,28-08-2026 15:00,,,,770,50149,218,57:33.0,,,
857,IDJKT,JKT64,MRTU2249250,B9293,2A,9,4,2,20,GP,,,,,,,,,F,,,,,,,,,,,,,7/8/2026 23:30,,,,770,47586,218,03:37.7,,,
858,IDJKT,JKT64,MRTU2219235,B9323,2A,9,1,2,20,GP,,,,,,,,,F,,,,,,,,,,,,,7/8/2026 23:11,,,,770,47586,218,03:37.7,,,
859,IDJKT,JKT64,FCIU7017509,B9862,2A,14,6,3,40,HC,,,,,,,,,F,,,,,,,,,,,,,7/8/2026 22:11,,,,770,47586,218,03:37.7,,,
860,IDJKT,JKT64,MRTU9621992,H27,2A,14,5,2,40,HC,,,,,,,,,E,,,,,,,,,,,,,7/8/2026 22:06,,,,770,47586,218,03:37.7,,,
2954,IDJKT,JKT64,MRTU2199587,Ht07,3a,25,5,1,20,GP,,,,,,,,,E,,,,,,,,,,,,,10/8/2026 5:45,,,,770,47845,218,07:14.2,,,
6496,IDJKT,JKT64,SPNU4660445,,,,,,40,HC,,,,,,,,,E,,,,,,,,,,,,,30-08-2026 05:47,,,,770,50304,218,00:30.7,,,
1500,IDJKT,JKT64,TGBU2413863,HT04,2A,10,6,2,20,GP,,,,,,,,,F,,,,,,,,,,,,,8/8/2026 8:58,,,,770,47696,218,04:42.5,,,
2956,IDJKT,JKT64,MRLU2341917,Ht05,3a,27,6,1,20,GP,,,,,,,,,F,,,,,,,,,,,,,10/8/2026 6:07,,,,770,47845,218,07:14.2,,,
6497,IDJKT,JKT64,SPNU4656532,,,,,,40,HC,,,,,,,,,E,,,,,,,,,,,,,30-08-2026 06:45,,,,770,50304,218,00:30.7,,,
6499,IDJKT,JKT64,MRLU2355309,H07,,,,,20,GP,,,,,,,,,F,,,,,,,,,,,,,29-08-2026 21:44,,,,770,50353,218,00:30.9,,,
6500,IDJKT,JKT64,SPNU4610399,H22,1A,1,4,4,40,HC,,,,,,,,,E,,,,,,,,,,,,,30-08-2026 06:45,,,,770,50353,218,00:30.9,,,
6501,IDJKT,JKT64,SPNU4631093,H18,1A,1,4,3,40,HC,,,,,,,,,E,,,,,,,,,,,,,30-08-2026 06:44,,,,770,50353,218,00:30.9,,,
6502,IDJKT,JKT64,SPNU4646046,H03,1A,12,3,1,40,HC,,,,,,,,,E,,,,,,,,,,,,,30-08-2026 07:02,,,,770,50353,218,00:30.9,,,
5911,IDJKT,JKT64,HPCU2985107,Ht01,3A,14,4,3,20,GP,,,,,,,,,F,Ada,,,,,,,,,,,,28-08-2026 15:25,,,,770,50149,218,57:33.0,,,
866,IDJKT,JKT74,MRTU2191523,,,,,,20,GP,,,,,,,,,E,,,,,,,,,,,,,7/8/2026 23:36,,,,770,47580,219,03:37.9,,,
867,IDJKT,JKT74,MRLU2340280,,,,,,20,GP,,,,,,,,,E,,,,,,,,,,,,,7/8/2026 21:21,,,,770,47580,219,03:37.9,,,
1502,IDJKT,JKT64,MRTU2245888,L8210 Up,,,,,20,GP,,,,,,,,,F,,,,,,,,,,,,,8/8/2026 8:51,,,,770,47696,218,04:42.5,,,
2958,IDJKT,JKT64,MRTU2225264,Ht12,3a,27,3,4,20,GP,,,,,,,,,F,,,,,,,,,,,,,10/8/2026 7:44,,,,770,47845,218,07:14.2,,,
871,IDJKT,JKT74,MRTU2011365,,,,,,20,GP,,,,,,,,,E,,,,,,,,,,,,,7/8/2026 23:41,,,,770,47580,219,03:37.9,,,
1505,IDJKT,JKT64,SITU2869618,HT28,,,,,20,GP,,,,,,,,,F,,,,,,,,,,,,,8/8/2026 15:26,,,,770,47696,218,04:42.5,,,
2959,IDJKT,JKT64,MRTU2223528,Ht12,3a,28,1,2,20,GP,,,,,,,,,F,,,,,,,,,,,,,10/8/2026 6:36,,,,770,47845,218,07:14.2,,,
7065,IDJKT,JKT64,SPNU4622276,,,,,,40,HC,,,,,,,,,E,,,,,,,,,,,,,31-08-2026 14:46,,,,770,50478,218,57:34.4,,,
1507,IDJKT,JKT64,SEKU1619293,HT 08,2A,7,3,1,20,GP,,,,,,,,,F,,,,,,,,,,,,,8/8/2026 10:29,,,,770,47696,218,04:42.5,,,
876,IDJKT,JKT74,MRTU2172288,,,,,,20,GP,,,,,,,,,E,,,,,,,,,,,,,7/8/2026 22:45,,,,770,47580,219,03:37.9,,,
1508,IDJKT,JKT64,MRTU2147536,HT 04,2A,7,5,3,20,GP,,,,,,,,,F,,,,,,,,,,,,,8/8/2026 10:44,,,,770,47696,218,04:42.5,,,
1509,IDJKT,JKT64,MRTU2099654,HT04,2A,10,6,1,20,GP,,,,,,,,,F,,,,,,,,,,,,,8/8/2026 8:58,,,,770,47696,218,04:42.5,,,
2960,IDJKT,JKT64,HPCU4316836,Ht04,3a,32,4,5,40,HC,,,,,,,,,E,,,,,,,,,,,,,10/8/2026 1:23,,,,770,47845,218,07:14.2,,,
880,IDJKT,JKT74,MRTU2024660,,,,,,20,GP,,,,,,,,,E,,,,,,,,,,,,,7/8/2026 22:35,,,,770,47580,219,03:37.9,,,
1511,IDJKT,JKT64,SPNU3133650,B9255 Uwx,2A,2,6,2,20,GP,,,,,,,,,F,,,,,,,,,,,,,8/8/2026 9:24,,,,770,47696,218,04:42.5,,,
882,IDJKT,JKT74,MRTU2246288,,,,,,20,GP,,,,,,,,,E,,,,,,,,,,,,,7/8/2026 21:12,,,,770,47580,219,03:37.9,,,
883,IDJKT,JKT74,MRTU2088583,,,,,,20,GP,,,,,,,,,E,,,,,,,,,,,,,7/8/2026 20:56,,,,770,47580,219,03:37.9,,,
884,IDJKT,JKT74,MRTU2254513,,,,,,20,GP,,,,,,,,,E,,,,,,,,,,,,,7/8/2026 22:34,,,,770,47580,219,03:37.9,,,
7066,IDJKT,JKT64,SPNU3020818,,,,,,20,GP,,,,,,,,,F,,,,,,,,,,,,,31-08-2026 09:55,,,,770,50478,218,57:34.4,,,
1512,IDJKT,JKT64,MAGU2493934,B9217 Feh,2A,2,6,3,20,GP,,,,,,,,,F,,,,,,,,,,,,,8/8/2026 9:42,,,,770,47696,218,04:42.5,,,
887,IDJKT,JKT74,MRTU2077700,,,,,,20,GP,,,,,,,,,E,,,,,,,,,,,,,7/8/2026 21:36,,,,770,47580,219,03:37.9,,,
888,IDJKT,JKT74,TIIU5844919,,,,,,40,HC,,,,,,,,,E,,,,,,,,,,,,,7/8/2026 21:27,,,,770,47580,219,03:37.9,,,
4347,IDJKT,JKT64,MRTU2005341,,3a,37,4,4,20,GP,,,,,,,,,F,,,,,,,,,,,,,26-08-2026 10:34,,,,770,49886,218,15:07.9,,,
1514,IDJKT,JKT64,MRTU2245384,B 9422 Uokl,,,,,20,GP,,,,,,,,,F,,,,,,,,,,,,,8/8/2026 9:31,,,,770,47696,218,04:42.5,,,
4348,IDJKT,JKT64,MRTU2307070,,3a,38,4,4,20,GP,,,,,,,,,F,,,,,,,,,,,,,26-08-2026 09:23,,,,770,49886,218,15:07.9,,,
892,IDJKT,JKT74,MRTU2266330,,,,,,20,GP,,,,,,,,,E,,,,,,,,,,,,,7/8/2026 23:33,,,,770,47580,219,03:37.9,,,
2961,IDJKT,JKT64,TEGU3059738,Ht21,3a,25,3,1,20,GP,,,,,,,,,E,,,,,,,,,,,,,10/8/2026 0:27,,,,770,47845,218,07:14.2,,,
894,IDJKT,JKT74,MRTU2098806,,,,,,20,GP,,,,,,,,,E,,,,,,,,,,,,,7/8/2026 23:36,,,,770,47580,219,03:37.9,,,
2962,IDJKT,JKT64,MRTU9630593,Ht01,3a,30,2,4,40,HC,,,,,,,,,E,,,,,,,,,,,,,10/8/2026 0:46,,,,770,47845,218,07:14.2,,,
896,IDJKT,JKT74,MRTU2025570,,,,,,20,GP,,,,,,,,,E,,,,,,,,,,,,,7/8/2026 23:42,,,,770,47580,219,03:37.9,,,
7067,IDJKT,JKT64,SPNU4640520,,,,,,40,HC,,,,,,,,,E,,,,,,,,,,,,,31-08-2026 11:44,,,,770,50478,218,57:34.4,,,
899,IDJKT,JKT74,MRTU2210217,,,,,,20,GP,,,,,,,,,E,,,,,,,,,,,,,8/8/2026 5:41,,,,770,47592,219,03:53.4,,,
900,IDJKT,JKT74,MRTU2049479,,,,,,20,GP,,,,,,,,,E,,,,,,,,,,,,,8/8/2026 1:19,,,,770,47592,219,03:53.4,,,
901,IDJKT,JKT74,MRTU2154140,,,,,,20,GP,,,,,,,,,E,,,,,,,,,,,,,8/8/2026 5:45,,,,770,47592,219,03:53.4,,,
7068,IDJKT,JKT64,OOCU8128149,,,,,,40,HC,,,,,,,,,F,,,,,,,,,,,,,31-08-2026 14:32,,,,770,50478,218,57:34.4,,,
903,IDJKT,JKT74,MRTU2277479,,,,,,20,GP,,,,,,,,,E,,,,,,,,,,,,,8/8/2026 1:21,,,,770,47592,219,03:53.4,,,
904,IDJKT,JKT74,MRTU2111678,,,,,,20,GP,,,,,,,,,E,,,,,,,,,,,,,8/8/2026 3:45,,,,770,47592,219,03:53.4,,,
7069,IDJKT,JKT64,MRLU5213252,,,,,,40,HC,,,,,,,,,F,,,,,,,,,,,,,31-08-2026 14:33,,,,770,50478,218,57:34.4,,,
907,IDJKT,JKT74,HPCU2983721,,,,,,20,GP,,,,,,,,,E,,,,,,,,,,,,,8/8/2026 5:45,,,,770,47592,219,03:53.4,,,
909,IDJKT,JKT74,MRTU2246138,,,,,,20,GP,,,,,,,,,E,,,,,,,,,,,,,8/8/2026 1:16,,,,770,47592,219,03:53.4,,,
910,IDJKT,JKT74,MRLU2322748,,,,,,20,GP,,,,,,,,,E,,,,,,,,,,,,,8/8/2026 2:22,,,,770,47592,219,03:53.4,,,
911,IDJKT,JKT74,MRTU2111678,,,,,,20,GP,,,,,,,,,E,,,,,,,,,,,,,8/8/2026 5:35,,,,770,47592,219,03:53.4,,,
912,IDJKT,JKT74,MRTU2094987,,,,,,20,GP,,,,,,,,,E,,,,,,,,,,,,,8/8/2026 2:06,,,,770,47592,219,03:53.4,,,
913,IDJKT,JKT74,TGHU2952996,,,,,,20,GP,,,,,,,,,E,,,,,,,,,,,,,8/8/2026 5:37,,,,770,47592,219,03:53.4,,,
914,IDJKT,JKT74,HPCU2230646,,,,,,20,GP,,,,,,,,,E,,,,,,,,,,,,,8/8/2026 5:36,,,,770,47592,219,03:53.4,,,
915,IDJKT,JKT74,MRTU2189779,,,,,,20,GP,,,,,,,,,E,,,,,,,,,,,,,8/8/2026 1:17,,,,770,47592,219,03:53.4,,,
2963,IDJKT,JKT64,TEGU2928312,Ht11,3a,25,1,1,20,GP,,,,,,,,,E,,,,,,,,,,,,,10/8/2026 1:07,,,,770,47845,218,07:14.2,,,
918,IDJKT,JKT74,MRTU2014425,,,,,,20,GP,,,,,,,,,E,,,,,,,,,,,,,8/8/2026 1:25,,,,770,47592,219,03:53.4,,,
919,IDJKT,JKT74,HPCU4316939,,,,,,40,HC,,,,,,,,,E,,,,,,,,,,,,,8/8/2026 3:48,,,,770,47592,219,03:53.4,,,
923,IDJKT,JKT74,MRTU2176684,,,,,,20,GP,,,,,,,,,E,,,,,,,,,,,,,8/8/2026 3:45,,,,770,47592,219,03:53.4,,,
924,IDJKT,JKT74,MRTU2042237,,,,,,20,GP,,,,,,,,,E,,,,,,,,,,,,,8/8/2026 5:37,,,,770,47592,219,03:53.4,,,
925,IDJKT,JKT74,MRTU2254730,,,,,,20,GP,,,,,,,,,E,,,,,,,,,,,,,8/8/2026 1:16,,,,770,47592,219,03:53.4,,,
6566,IDJKT,JKT74,SPNU4640449,,,,,,40,HC,,,,,,,,,E,,,,,,,,,,,,,30-08-2026 03:25,,,,770,50305,219,00:31.0,,,
926,IDJKT,JKT74,MRTU2158470,,,,,,20,GP,,,,,,,,,E,,,,,,,,,,,,,8/8/2026 5:35,,,,770,47592,219,03:53.4,,,
927,IDJKT,JKT74,MRTU2073428,,,,,,20,GP,,,,,,,,,E,,,,,,,,,,,,,8/8/2026 1:27,,,,770,47592,219,03:53.4,,,
2965,IDJKT,JKT64,TEGU3076524,Ht11,3a,25,1,2,20,GP,,,,,,,,,E,,,,,,,,,,,,,10/8/2026 3:33,,,,770,47845,218,07:14.2,,,
929,IDJKT,JKT74,MRTU2135005,,,,,,20,GP,,,,,,,,,E,,,,,,,,,,,,,8/8/2026 1:15,,,,770,47592,219,03:53.4,,,
931,IDJKT,JKT64,TGHU8006553,Ht22,3a,46,2,3,40,HC,,,,,,,,,E,,,,,,,,,,,,,8/8/2026 5:53,,,,770,47588,218,04:01.9,,,
932,IDJKT,JKT74,MRTU2027084,,,,,,20,GP,,,,,,,,,E,,,,,,,,,,,,,8/8/2026 0:33,,,,770,47591,219,04:02.0,,,
933,IDJKT,JKT74,MRTU2206069,,,,,,20,GP,,,,,,,,,E,,,,,,,,,,,,,8/8/2026 2:57,,,,770,47591,219,04:02.0,,,
934,IDJKT,JKT74,MRTU2249775,,,,,,20,GP,,,,,,,,,E,,,,,,,,,,,,,8/8/2026 2:38,,,,770,47591,219,04:02.0,,,
935,IDJKT,JKT74,MRTU2274675,,,,,,20,GP,,,,,,,,,E,,,,,,,,,,,,,8/8/2026 6:00,,,,770,47591,219,04:02.0,,,
936,IDJKT,JKT74,CRXU3262131,,,,,,20,GP,,,,,,,,,E,,,,,,,,,,,,,8/8/2026 2:26,,,,770,47591,219,04:02.0,,,
937,IDJKT,JKT74,MRTU2043296,,,,,,20,GP,,,,,,,,,E,,,,,,,,,,,,,8/8/2026 0:56,,,,770,47591,219,04:02.0,,,
938,IDJKT,JKT74,MRTU2376698,,,,,,20,GP,,,,,,,,,E,,,,,,,,,,,,,8/8/2026 5:16,,,,770,47591,219,04:02.0,,,
7070,IDJKT,JKT64,SPNU4653976,,,,,,40,HC,,,,,,,,,E,,,,,,,,,,,,,31-08-2026 09:50,,,,770,50478,218,57:34.4,,,
940,IDJKT,JKT74,MRTU2271871,,,,,,20,GP,,,,,,,,,E,,,,,,,,,,,,,8/8/2026 0:54,,,,770,47591,219,04:02.0,,,
942,IDJKT,JKT74,MRTU2305523,,,,,,20,GP,,,,,,,,,E,,,,,,,,,,,,,8/8/2026 2:30,,,,770,47591,219,04:02.0,,,
943,IDJKT,JKT74,FCIU6078460,,,,,,20,GP,,,,,,,,,E,,,,,,,,,,,,,8/8/2026 5:51,,,,770,47591,219,04:02.0,,,
2967,IDJKT,JKT64,MRTU2226050,Ht18,3a,24,5,3,,GP,,,,,,,,,F,,,,,,,,,,,,,10/8/2026 0:20,,,,770,47845,218,07:14.2,,,
2968,IDJKT,JKT64,TEGU2908933,Ht09,3a,27,1,1,20,GP,,,,,,,,,E,,,,,,,,,,,,,10/8/2026 6:14,,,,770,47845,218,07:14.2,,,
7071,IDJKT,JKT64,MRTU2196037,,,,,,20,GP,,,,,,,,,F,,,,,,,,,,,,,31-08-2026 10:57,,,,770,50478,218,57:34.4,,,
2969,IDJKT,JKT64,MRTU9611401,Ht12,3a,30,1,4,40,HC,,,,,,,,,E,,,,,,,,,,,,,10/8/2026 0:49,,,,770,47845,218,07:14.2,,,
948,IDJKT,JKT74,MRTU2158335,,,,,,20,GP,,,,,,,,,E,,,,,,,,,,,,,8/8/2026 0:35,,,,770,47591,219,04:02.0,,,
949,IDJKT,JKT74,CEOU2256934,,,,,,20,GP,,,,,,,,,E,,,,,,,,,,,,,8/8/2026 3:54,,,,770,47591,219,04:02.0,,,
950,IDJKT,JKT74,MRTU2024784,,,,,,20,GP,,,,,,,,,E,,,,,,,,,,,,,8/8/2026 5:57,,,,770,47591,219,04:02.0,,,
7072,IDJKT,JKT74,MRTU2064766,,,,,,20,GP,,,,,,,,,E,,,,,,,,,,,,,31-08-2026 10:01,,,,770,50474,219,57:34.5,,,
2971,IDJKT,JKT64,MRTU2178080,Ht23,3a,27,6,4,20,GP,,,,,,,,,F,,,,,,,,,,,,,10/8/2026 7:17,,,,770,47845,218,07:14.2,,,
953,IDJKT,JKT74,MRTU2230379,,,,,,20,GP,,,,,,,,,E,,,,,,,,,,,,,8/8/2026 2:39,,,,770,47591,219,04:02.0,,,
954,IDJKT,JKT74,MRTU2195128,,,,,,20,GP,,,,,,,,,E,,,,,,,,,,,,,8/8/2026 0:59,,,,770,47591,219,04:02.0,,,
2972,IDJKT,JKT64,MRTU9631413,Ht10,3a,32,2,4,40,HC,,,,,,,,,E,,,,,,,,,,,,,10/8/2026 1:31,,,,770,47845,218,07:14.2,,,
2973,IDJKT,JKT64,SEGU3957021,Ht08,3a,25,2,3,20,GP,,,,,,,,,E,,,,,,,,,,,,,10/8/2026 1:43,,,,770,47845,218,07:14.2,,,
2974,IDJKT,JKT64,MRTU2069691,Ht08,3a,25,6,1,20,GP,,,,,,,,,F,,,,,,,,,,,,,10/8/2026 0:55,,,,770,47845,218,07:14.2,,,
959,IDJKT,JKT74,MRTU2147686,,,,,,20,GP,,,,,,,,,E,,,,,,,,,,,,,8/8/2026 0:55,,,,770,47591,219,04:02.0,,,
961,IDJKT,JKT74,MRLU2368775,,,,,,20,GP,,,,,,,,,E,,,,,,,,,,,,,8/8/2026 5:40,,,,770,47591,219,04:02.0,,,
962,IDJKT,JKT74,MRTU2290104,,,,,,20,GP,,,,,,,,,E,,,,,,,,,,,,,8/8/2026 0:34,,,,770,47591,219,04:02.0,,,
964,IDJKT,JKT74,MRTU2164620,,,,,,20,GP,,,,,,,,,E,,,,,,,,,,,,,8/8/2026 5:36,,,,770,47591,219,04:02.0,,,
4364,IDJKT,JKT64,GESU6194016,,3a,44,5,1,40,HC,,,,,,,,,E,,,,,,,,,,,,,26-08-2026 08:30,,,,770,49886,218,15:07.9,,,
967,IDJKT,JKT74,MRTU2265800,,,,,,20,GP,,,,,,,,,E,,,,,,,,,,,,,8/8/2026 0:54,,,,770,47591,219,04:02.0,,,
2975,IDJKT,JKT64,MRLU2343740,Ht01,3a,27,6,3,20,GP,,,,,,,,,F,,,,,,,,,,,,,10/8/2026 6:16,,,,770,47845,218,07:14.2,,,
5923,IDJKT,JKT64,MRTU2214845,HT 08,1A,10,4,4,20,GP,,,,,,,,,F,,,,,,,,,,,,,28-08-2026 10:44,,,,770,50147,218,27:45.1,,,
970,IDJKT,JKT74,CRXU1673426,,,,,,20,GP,,,,,,,,,E,,,,,,,,,,,,,8/8/2026 2:40,,,,770,47591,219,04:02.0,,,
971,IDJKT,JKT74,MRTU2209962,,,,,,20,GP,,,,,,,,,E,,,,,,,,,,,,,8/8/2026 6:05,,,,770,47591,219,04:02.0,,,
972,IDJKT,JKT74,CEOU2268107,,,,,,20,GP,,,,,,,,,E,,,,,,,,,,,,,8/8/2026 5:36,,,,770,47591,219,04:02.0,,,
973,IDJKT,JKT74,MRTU2013814,,,,,,20,GP,,,,,,,,,E,,,,,,,,,,,,,8/8/2026 2:29,,,,770,47591,219,04:02.0,,,
974,IDJKT,JKT74,MRTU2330763,,,,,,20,GP,,,,,,,,,E,,,,,,,,,,,,,8/8/2026 0:55,,,,770,47591,219,04:02.0,,,
2976,IDJKT,JKT64,MRTU2140974,Ht11,3a,25,2,4,20,GP,,,,,,,,,E,,,,,,,,,,,,,10/8/2026 3:32,,,,770,47845,218,07:14.2,,,
978,IDJKT,JKT74,MRTU2206330,,,,,,20,GP,,,,,,,,,E,,,,,,,,,,,,,8/8/2026 3:40,,,,770,47591,219,04:02.0,,,
980,IDJKT,JKT74,CRXU3343850,,,,,,20,GP,,,,,,,,,E,,,,,,,,,,,,,8/8/2026 0:59,,,,770,47591,219,04:02.0,,,
7074,IDJKT,JKT64,TEGU3016700,,,,,,20,GP,,,,,,,,,F,,,,,,,,,,,,,31-08-2026 15:04,,,,770,50503,Cy218,57:34.6,,,
982,IDJKT,JKT74,MRTU2083703,,,,,,20,GP,,,,,,,,,E,,,,,,,,,,,,,8/8/2026 1:00,,,,770,47591,219,04:02.0,,,
5924,IDJKT,JKT64,MRTU2331306,Ht06,,,,,20,GP,,,,,,,,,F,,,,,,,,,,,,,28-08-2026 16:04,,,,770,50147,218,27:45.1,,,
984,IDJKT,JKT74,MRTU2145955,,,,,,20,GP,,,,,,,,,E,,,,,,,,,,,,,8/8/2026 2:35,,,,770,47591,219,04:02.0,,,
5925,IDJKT,JKT64,MRTU2238770,Ht06,2a,6,1,1,20,GP,,,,,,,,,F,,,,,,,,,,,,,28-08-2026 15:58,,,,770,50147,218,27:45.1,,,
986,IDJKT,JKT74,MRTU2053226,,,,,,20,GP,,,,,,,,,E,,,,,,,,,,,,,8/8/2026 0:59,,,,770,47591,219,04:02.0,,,
7075,IDJKT,JKT64,TEGU3041493,,,,,,20,GP,,,,,,,,,F,,,,,,,,,,,,,31-08-2026 15:04,,,,770,50503,Cy218,57:34.6,,,
988,IDJKT,JKT74,MRTU2240628,,,,,,20,GP,,,,,,,,,E,,,,,,,,,,,,,8/8/2026 5:55,,,,770,47591,219,04:02.0,,,
990,IDJKT,JKT74,MRTU2229700,,,,,,20,GP,,,,,,,,,E,,,,,,,,,,,,,8/8/2026 5:52,,,,770,47591,219,04:02.0,,,
991,IDJKT,JKT74,MRTU2243904,,,,,,20,GP,,,,,,,,,E,,,,,,,,,,,,,8/8/2026 0:35,,,,770,47591,219,04:02.0,,,
7076,IDJKT,JKT64,TEGU7092457,,,,,,20,GP,,,,,,,,,F,,,,,,,,,,,,,31-08-2026 15:03,,,,770,50503,Cy218,57:34.6,,,
994,IDJKT,JKT74,MRTU2059311,,,,,,20,GP,,,,,,,,,E,,,,,,,,,,,,,8/8/2026 6:04,,,,770,47591,219,04:02.0,,,
995,IDJKT,JKT74,MRTU2073562,,,,,,20,GP,,,,,,,,,E,,,,,,,,,,,,,8/8/2026 6:02,,,,770,47591,219,04:02.0,,,
996,IDJKT,JKT74,MRTU2258627,,,,,,20,GP,,,,,,,,,E,,,,,,,,,,,,,8/8/2026 2:56,,,,770,47591,219,04:02.0,,,
2979,IDJKT,JKT64,MRTU2278449,Ht13,3a,28,1,4,20,GP,,,,,,,,,F,,,,,,,,,,,,,10/8/2026 6:38,,,,770,47845,218,07:14.2,,,
2980,IDJKT,JKT64,HPCU2223821,Ht04,3a,25,6,3,20,GP,,,,,,,,,F,,,,,,,,,,,,,10/8/2026 6:01,,,,770,47845,218,07:14.2,,,
999,IDJKT,JKT74,MRTU2062193,,,,,,20,GP,,,,,,,,,E,,,,,,,,,,,,,8/8/2026 0:32,,,,770,47591,219,04:02.0,,,
1000,IDJKT,JKT74,MRTU2001161,,,,,,20,GP,,,,,,,,,E,,,,,,,,,,,,,8/8/2026 2:30,,,,770,47591,219,04:02.0,,,
5927,IDJKT,JKT64,MRTU2280282,HT 02,2A,2,3,1,20,GP,,,,,,,,,F,,,,,,,,,,,,,28-08-2026 15:28,,,,770,50147,218,27:45.1,,,
1002,IDJKT,JKT74,TCKU2420826,,,,,,20,GP,,,,,,,,,E,,,,,,,,,,,,,8/8/2026 1:04,,,,770,47591,219,04:02.0,,,
2981,IDJKT,JKT64,HPCU2985149,Ht18,3a,28,5,3,20,GP,,,,,,,,,F,,,,,,,,,,,,,10/8/2026 6:44,,,,770,47845,218,07:14.2,,,
1004,IDJKT,JKT74,MRTU2200760,,,,,,20,GP,,,,,,,,,E,,,,,,,,,,,,,8/8/2026 5:22,,,,770,47591,219,04:02.0,,,
1005,IDJKT,JKT74,MRTU2333166,,,,,,20,GP,,,,,,,,,E,,,,,,,,,,,,,8/8/2026 1:04,,,,770,47591,219,04:02.0,,,
7077,IDJKT,JKT64,TEGU7080733,,,,,,20,GP,,,,,,,,,F,,,,,,,,,,,,,31-08-2026 15:04,,,,770,50503,Cy218,57:34.6,,,
1007,IDJKT,JKT74,MRTU2004983,,,,,,20,GP,,,,,,,,,E,,,,,,,,,,,,,8/8/2026 2:48,,,,770,47591,219,04:02.0,,,
1008,IDJKT,JKT74,MRTU2161447,,,,,,20,GP,,,,,,,,,E,,,,,,,,,,,,,8/8/2026 2:48,,,,770,47591,219,04:02.0,,,
5928,IDJKT,JKT64,MRTU2093656,HT09,2A,1,4,4,20,GP,,,,,,,,,F,,,,,,,,,,,,,28-08-2026 15:44,,,,770,50147,218,27:45.1,,,
1010,IDJKT,JKT74,GESU3632546,,,,,,20,GP,,,,,,,,,E,,,,,,,,,,,,,8/8/2026 5:41,,,,770,47591,219,04:02.0,,,
2982,IDJKT,JKT64,HPCU4456437,Ht09,3a,32,3,4,40,HC,,,,,,,,,E,,,,,,,,,,,,,10/8/2026 1:24,,,,770,47845,218,07:14.2,,,
1012,IDJKT,JKT74,MRTU2116371,,,,,,20,GP,,,,,,,,,E,,,,,,,,,,,,,8/8/2026 6:09,,,,770,47591,219,04:02.0,,,
1013,IDJKT,JKT74,MRTU2086127,,,,,,20,GP,,,,,,,,,E,,,,,,,,,,,,,8/8/2026 5:57,,,,770,47591,219,04:02.0,,,
1014,IDJKT,JKT74,MRLU2369200,,,,,,20,GP,,,,,,,,,E,,,,,,,,,,,,,8/8/2026 2:28,,,,770,47591,219,04:02.0,,,
5929,IDJKT,JKT64,MRTU2275529,Ht10,2a,11,5,1,20,GP,,,,,,,,,F,,,,,,,,,,,,,28-08-2026 16:01,,,,770,50147,218,27:45.1,,,
1016,IDJKT,JKT74,MRTU2210217,,,,,,20,GP,,,,,,,,,E,,,,,,,,,,,,,8/8/2026 5:41,,,,770,47592,219,04:02.2,,,
1017,IDJKT,JKT74,MRTU2019073,,,,,,20,GP,,,,,,,,,E,,,,,,,,,,,,,8/8/2026 6:08,,,,770,47592,219,04:02.2,,,
1018,IDJKT,JKT74,MRTU2049479,,,,,,20,GP,,,,,,,,,E,,,,,,,,,,,,,8/8/2026 1:19,,,,770,47592,219,04:02.2,,,
1019,IDJKT,JKT74,MRTU2154140,,,,,,20,GP,,,,,,,,,E,,,,,,,,,,,,,8/8/2026 5:45,,,,770,47592,219,04:02.2,,,
1020,IDJKT,JKT74,MRTU2031145,,,,,,20,GP,,,,,,,,,E,,,,,,,,,,,,,8/8/2026 6:09,,,,770,47592,219,04:02.2,,,
7078,IDJKT,JKT64,SPNU3235930,,,,,,20,GP,,,,,,,,,E,,,,,,,,,,,,,31-08-2026 09:52,,,,770,50503,Cy218,57:34.6,,,
1022,IDJKT,JKT74,MRTU2277479,,,,,,20,GP,,,,,,,,,E,,,,,,,,,,,,,8/8/2026 1:21,,,,770,47592,219,04:02.2,,,
4380,IDJKT,JKT74,MRTU2056457,Ht25,C,4,7,3,20,GP,,,,,,,,,E,,,,,,,,,,,,,26-08-2026 14:36,,,,770,49915,219,15:08.1,,,
2984,IDJKT,JKT64,BMOU6031628,Ht05,3a,30,3,4,40,HC,,,,,,,,,E,,,,,,,,,,,,,10/8/2026 0:44,,,,770,47845,218,07:14.2,,,
2985,IDJKT,JKT64,FCIU7028191,Ht30,3a,30,1,3,40,HC,,,,,,,,,E,,,,,,,,,,,,,10/8/2026 0:48,,,,770,47845,218,07:14.2,,,
1027,IDJKT,JKT74,MRTU2111678,,,,,,20,GP,,,,,,,,,E,,,,,,,,,,,,,8/8/2026 3:45,,,,770,47592,219,04:02.2,,,
4381,IDJKT,JKT74,MRTU2045112,Ht01,C,4,7,1,20,GP,,,,,,,,,E,,,,,,,,,,,,,26-08-2026 14:34,,,,770,49915,219,15:08.1,,,
7079,IDJKT,JKT64,TEGU7145599,,,,,,20,GP,,,,,,,,,F,,,,,,,,,,,,,31-08-2026 11:11,,,,770,50503,Cy218,57:34.6,,,
7080,IDJKT,JKT64,SPNU4609443,,,,,,40,HC,,,,,,,,,F,,,,,,,,,,,,,31-08-2026 09:48,,,,770,50503,Cy218,57:34.6,,,
2987,IDJKT,JKT64,MRTU2319580,Ht17,3a,28,6,2,20,GP,,,,,,,,,F,,,,,,,,,,,,,10/8/2026 7:01,,,,770,47845,218,07:14.2,,,
1032,IDJKT,JKT74,HPCU2983721,,,,,,20,GP,,,,,,,,,E,,,,,,,,,,,,,8/8/2026 5:45,,,,770,47592,219,04:02.2,,,
5931,IDJKT,JKT64,MRTU2210080,HT03,1A,10,6,3,20,GP,,,,,,,,,F,,,,,,,,,,,,,28-08-2026 10:37,,,,770,50147,218,27:45.1,,,
4384,IDJKT,JKT74,MRTU2013645,Ht20,C,4,9,6,20,GP,,,,,,,,,E,,,,,,,,,,,,,26-08-2026 13:20,,,,770,49915,219,15:08.1,,,
2988,IDJKT,JKT64,MRTU2197814,Ht07,3a,25,5,3,20,GP,,,,,,,,,E,,,,,,,,,,,,,10/8/2026 5:29,,,,770,47845,218,07:14.2,,,
1036,IDJKT,JKT74,MRTU2246138,,,,,,20,GP,,,,,,,,,E,,,,,,,,,,,,,8/8/2026 1:16,,,,770,47592,219,04:02.2,,,
1037,IDJKT,JKT74,MRLU2322748,,,,,,20,GP,,,,,,,,,E,,,,,,,,,,,,,8/8/2026 2:22,,,,770,47592,219,04:02.2,,,
2989,IDJKT,JKT64,TEGU3041301,Ht07,3a,25,1,4,20,GP,,,,,,,,,E,,,,,,,,,,,,,10/8/2026 6:06,,,,770,47845,218,07:14.2,,,
1039,IDJKT,JKT74,MRTU2111678,,,,,,20,GP,,,,,,,,,E,,,,,,,,,,,,,8/8/2026 5:35,,,,770,47592,219,04:02.2,,,
5932,IDJKT,JKT64,MRTU2267995,HT 03,1A,10,6,4,20,GP,,,,,,,,,F,,,,,,,,,,,,,28-08-2026 10:38,,,,770,50147,218,27:45.1,,,
2990,IDJKT,JKT64,TEGU7047870,Ht22,3a,24,4,4,20,GP,,,,,,,,,E,,,,,,,,,,,,,10/8/2026 0:25,,,,770,47845,218,07:14.2,,,
1042,IDJKT,JKT74,MRTU2014425,,,,,,20,GP,,,,,,,,,E,,,,,,,,,,,,,8/8/2026 1:25,,,,770,47592,219,04:02.2,,,
5933,IDJKT,JKT64,MRTU2229655,HT 08,1A,10,6,5,20,GP,,,,,,,,,F,,,,,,,,,,,,,28-08-2026 10:43,,,,770,50147,218,27:45.1,,,
1044,IDJKT,JKT74,HPCU4316939,,,,,,40,HC,,,,,,,,,E,,,,,,,,,,,,,8/8/2026 3:48,,,,770,47592,219,04:02.2,,,
3238,IDJKT,JKT74,DFSU3192472,,,,,,20,GP,,,,,,,,,E,,,,,,,,,,,,,10/8/2026 11:12,,,,770,47899,219,57:50.2,,,
2991,IDJKT,JKT64,MRTU2328391,Ht15,3a,24,5,2,20,GP,,,,,,,,,F,,,,,,,,,,,,,10/8/2026 0:18,,,,770,47845,218,07:14.2,,,
1049,IDJKT,JKT74,MRTU2135176,,,,,,20,GP,,,,,,,,,E,,,,,,,,,,,,,8/8/2026 6:13,,,,770,47592,219,04:02.2,,,
7081,IDJKT,JKT64,TEGU7123497,,,,,,20,GP,,,,,,,,,F,,,,,,,,,,,,,31-08-2026 15:05,,,,770,50503,Cy218,57:34.6,,,
1051,IDJKT,JKT74,MRTU2176684,,,,,,20,GP,,,,,,,,,E,,,,,,,,,,,,,8/8/2026 3:45,,,,770,47592,219,04:02.2,,,
1052,IDJKT,JKT74,MRTU2042237,,,,,,20,GP,,,,,,,,,E,,,,,,,,,,,,,8/8/2026 5:37,,,,770,47592,219,04:02.2,,,
1053,IDJKT,JKT74,MRTU2158470,,,,,,20,GP,,,,,,,,,E,,,,,,,,,,,,,8/8/2026 5:35,,,,770,47592,219,04:02.2,,,
1054,IDJKT,JKT74,MRTU2254730,,,,,,20,GP,,,,,,,,,E,,,,,,,,,,,,,8/8/2026 1:16,,,,770,47592,219,04:02.2,,,
1055,IDJKT,JKT74,MRTU2073428,,,,,,20,GP,,,,,,,,,E,,,,,,,,,,,,,8/8/2026 1:27,,,,770,47592,219,04:02.2,,,
2992,IDJKT,JKT64,MRTU2241286,Ht15,3a,25,5,1,20,GP,,,,,,,,,F,,,,,,,,,,,,,10/8/2026 0:18,,,,770,47845,218,07:14.2,,,
1057,IDJKT,JKT74,MRTU2135005,,,,,,20,GP,,,,,,,,,E,,,,,,,,,,,,,8/8/2026 1:15,,,,770,47592,219,04:02.2,,,
1059,IDJKT,JKT74,MRTU2153380,,,,,,20,GP,,,,,,,,,E,,,,,,,,,,,,,8/8/2026 6:27,,,,770,47592,219,04:02.2,,,
1060,IDJKT,JKT74,MRTU2094987,,,,,,20,GP,,,,,,,,,E,,,,,,,,,,,,,8/8/2026 2:06,,,,770,47592,219,04:02.2,,,
1061,IDJKT,JKT74,TGHU2952996,,,,,,20,GP,,,,,,,,,E,,,,,,,,,,,,,8/8/2026 5:37,,,,770,47592,219,04:02.2,,,
7083,IDJKT,JKT64,MRTU2152532,,,,,,20,GP,,,,,,,,,F,,,,,,,,,,,,,31-08-2026 09:48,,,,770,50503,Cy218,57:34.6,,,
1063,IDJKT,JKT74,HPCU2230646,,,,,,20,GP,,,,,,,,,E,,,,,,,,,,,,,8/8/2026 5:36,,,,770,47592,219,04:02.2,,,
1064,IDJKT,JKT74,MRTU2189779,,,,,,20,GP,,,,,,,,,E,,,,,,,,,,,,,8/8/2026 1:17,,,,770,47592,219,04:02.2,,,
2993,IDJKT,JKT64,TEGU3088079,Ht18,3a,24,5,4,20,GP,,,,,,,,,E,,,,,,,,,,,,,10/8/2026 0:21,,,,770,47845,218,07:14.2,,,
2994,IDJKT,JKT64,DFSU3192111,Ht27,3a,28,6,3,20,GP,,,,,,,,,F,,,,,,,,,,,,,10/8/2026 7:09,,,,770,47845,218,07:14.2,,,
2995,IDJKT,JKT64,TEGU3083328,Ht22,3a,24,4,3,20,GP,,,,,,,,,E,,,,,,,,,,,,,10/8/2026 0:24,,,,770,47845,218,07:14.2,,,
2996,IDJKT,JKT64,MRTU2281993,Ht18,3a,28,4,4,20,GP,,,,,,,,,F,,,,,,,,,,,,,10/8/2026 7:13,,,,770,47845,218,07:14.2,,,
2997,IDJKT,JKT64,MRTU2005819,Ht01,3a,27,6,4,20,GP,,,,,,,,,F,,,,,,,,,,,,,10/8/2026 6:17,,,,770,47845,218,07:14.2,,,
2998,IDJKT,JKT64,SKLU0411908,Ht05,3a,27,6,2,20,GP,,,,,,,,,F,,,,,,,,,,,,,10/8/2026 6:09,,,,770,47845,218,07:14.2,,,
1072,IDJKT,JKT64,MRTU2211980,Ht10,1b,18,1,4,20,GP,,,,,,,,,F,,,,,,,,,,,,,8/8/2026 1:51,,,,770,47582,218,04:10.1,,,
1073,IDJKT,JKT64,MRLU2372796,Ht15,1b,11,2,2,20,GP,,,,,,,,,E,,,,,,,,,,,,,7/8/2026 23:01,,,,770,47582,218,04:10.1,,,
2999,IDJKT,JKT64,TEGU3072895,Ht07,3a,25,5,2,20,GP,,,,,,,,,E,,,,,,,,,,,,,10/8/2026 5:28,,,,770,47845,218,07:14.2,,,
1075,IDJKT,JKT64,MRTU2301908,Ht19,1b,17,3,5,20,GP,,,,,,,,,F,,,,,,,,,,,,,8/8/2026 2:24,,,,770,47582,218,04:10.1,,,
1076,IDJKT,JKT64,MRTU2049289,B9683ufy,1b,18,6,6,20,GP,,,,,,,,,F,,,,,,,,,,,,,8/8/2026 5:59,,,,770,47582,218,04:10.1,,,
5936,IDJKT,JKT64,HPCU2226902,Ht06,2A,6,1,2,20,GP,,,,,,,,,F,,,,,,,,,,,,,28-08-2026 15:59,,,,770,50147,218,27:45.1,,,
3001,IDJKT,JKT64,MRTU2060884,Ht16,3a,25,2,1,20,GP,,,,,,,,,E,,,,,,,,,,,,,10/8/2026 0:55,,,,770,47845,218,07:14.2,,,
3002,IDJKT,JKT64,FCIU6085833,Ht22,3a,27,4,3,20,GP,,,,,,,,,F,,,,,,,,,,,,,10/8/2026 7:42,,,,770,47845,218,07:14.2,,,
3003,IDJKT,JKT64,CAAU2936908,18,3a,28,5,5,20,GP,,,,,,,,,F,,,,,,,,,,,,,10/8/2026 7:15,,,,770,47845,218,07:14.2,,,
1082,IDJKT,JKT64,MRTU9607799,B9854uel,1b,6,2,1,40,HC,,,,,,,,,F,,,,,,,,,,,,,7/8/2026 23:29,,,,770,47582,218,04:10.1,,,
1083,IDJKT,JKT64,MRTU2233629,B9757bei,1b,18,2,5,20,GP,,,,,,,,,F,,,,,,,,,,,,,8/8/2026 2:35,,,,770,47582,218,04:10.1,,,
3004,IDJKT,JKT64,TEGU3007185,Ht09,3a,27,1,2,20,GP,,,,,,,,,E,,,,,,,,,,,,,10/8/2026 6:15,,,,770,47845,218,07:14.2,,,
1085,IDJKT,JKT64,SBAU6781172,B9203uek,1b,18,5,1,20,TN,,,,,,,,,F,,,,,,,,,,,,,8/8/2026 1:23,,,,770,47582,218,04:10.1,,,
1086,IDJKT,JKT64,MRTU9656237,Ht17,1b,4,3,4,40,HC,,,,,,,,,F,,,,,,,,,,,,,7/8/2026 21:28,,,,770,47582,218,04:10.1,,,
1087,IDJKT,JKT64,MRTU2135509,Ht16,1b,18,4,3,20,GP,,,,,,,,,F,,,,,,,,,,,,,8/8/2026 1:38,,,,770,47582,218,04:10.1,,,
1088,IDJKT,JKT64,SEGU3956581,Ht15,1b,9,6,3,20,GP,,,,,,,,,F,,,,,,,,,,,,,7/8/2026 21:40,,,,770,47582,218,04:10.1,,,
1089,IDJKT,JKT64,MRTU2224397,,1b,12,2,1,20,GP,,,,,,,,,F,,,,,,,,,,,,,8/8/2026 7:44,,,,770,47582,218,04:10.1,,,
7085,IDJKT,JKT64,MRTU2032007,,,,,,20,GP,,,,,,,,,F,,,,,,,,,,,,,31-08-2026 13:32,,,,770,50472,218,57:34.8,,,
3005,IDJKT,JKT64,MRTU2305098,Ht12,3a,28,1,1,20,GP,,,,,,,,,F,,,,,,,,,,,,,10/8/2026 6:35,,,,770,47845,218,07:14.2,,,
1093,IDJKT,JKT64,MRTU2153673,Ht20,1b,15,2,5,20,GP,,,,,,,,,F,,,,,,,,,,,,,8/8/2026 7:19,,,,770,47582,218,04:10.1,,,
1094,IDJKT,JKT64,MRTU2171661,Ht15,1b,16,6,1,20,GP,,,,,,,,,F,,,,,,,,,,,,,7/8/2026 21:17,,,,770,47582,218,04:10.1,,,
1096,IDJKT,JKT64,MRTU2162910,Ht28,1b,10,1,1,20,GP,,,,,,,,,F,,,,,,,,,,,,,8/8/2026 1:04,,,,770,47582,218,04:10.1,,,
1097,IDJKT,JKT64,MRTU2139504,B9933ad,1b,18,4,5,20,GP,,,,,,,,,F,,,,,,,,,,,,,8/8/2026 6:01,,,,770,47582,218,04:10.1,,,
3006,IDJKT,JKT64,MRTU2325582,Ht12,3a,27,2,4,20,GP,,,,,,,,,F,,,,,,,,,,,,,10/8/2026 7:46,,,,770,47845,218,07:14.2,,,
1099,IDJKT,JKT64,MRTU9612202,B9049tei,1b,6,2,2,40,HC,,,,,,,,,F,,,,,,,,,,,,,7/8/2026 23:40,,,,770,47582,218,04:10.1,,,
1100,IDJKT,JKT64,FCIU6083975,Ht24,1b,11,2,4,20,GP,,,,,,,,,F,,,,,,,,,,,,,7/8/2026 23:02,,,,770,47582,218,04:10.1,,,
1101,IDJKT,JKT64,MRTU2232371,Ht16,1b,19,6,4,20,GP,,,,,,,,,F,,,,,,,,,,,,,8/8/2026 3:30,,,,770,47582,218,04:10.1,,,
1102,IDJKT,JKT64,MRTU2282916,D9624ad,1b,18,6,4,20,GP,,,,,,,,,F,,,,,,,,,,,,,8/8/2026 2:06,,,,770,47582,218,04:10.1,,,
1103,IDJKT,JKT64,MRTU2260080,Ht18,1b,19,6,1,20,GP,,,,,,,,,F,,,,,,,,,,,,,8/8/2026 3:19,,,,770,47582,218,04:10.1,,,
1104,IDJKT,JKT64,MRTU2205020,B9525ueh,1b,18,6,3,20,GP,,,,,,,,,F,,,,,,,,,,,,,8/8/2026 1:57,,,,770,47582,218,04:10.1,,,
5935,IDJKT,JKT64,TGBU1170270,,,,,,20,GP,,,,,,,,,F,,,,,,,,,,,,,28-08-2026 16:07,,,,770,50147,218,27:45.1,,,
4395,IDJKT,JKT74,MRTU2072988,Ht25,C,4,7,4,20,GP,,,,,,,,,E,,,,,,,,,,,,,26-08-2026 14:37,,,,770,49915,219,15:08.1,,,
1108,IDJKT,JKT64,MRTU2209242,Ht15,1b,16,6,2,20,GP,,,,,,,,,F,,,,,,,,,,,,,7/8/2026 21:16,,,,770,47582,218,04:10.1,,,
3008,IDJKT,JKT64,MRTU9619763,Ht10,3a,30,4,4,40,HC,,,,,,,,,E,,,,,,,,,,,,,10/8/2026 0:43,,,,770,47845,218,07:14.2,,,
1110,IDJKT,JKT64,MRTU2033560,Ht13,1b,19,5,3,20,GP,,,,,,,,,F,,,,,,,,,,,,,8/8/2026 6:29,,,,770,47582,218,04:10.1,,,
1111,IDJKT,JKT64,TRHU8915163,Ht14,1b,4,3,3,40,HC,,,,,,,,,F,,,,,,,,,,,,,7/8/2026 21:27,,,,770,47582,218,04:10.1,,,
1112,IDJKT,JKT64,WHSU0001404,B9820jf,1b,18,6,5,20,GP,,,,,,,,,F,,,,,,,,,,,,,8/8/2026 5:58,,,,770,47582,218,04:10.1,,,
3009,IDJKT,JKT64,TEGU7015912,Ht17,3a,25,3,3,20,GP,,,,,,,,,E,,,,,,,,,,,,,10/8/2026 0:53,,,,770,47845,218,07:14.2,,,
1114,IDJKT,JKT64,MRTU2051809,Ht03,1b,7,2,2,20,GP,,,,,,,,,F,,,,,,,,,,,,,8/8/2026 7:10,,,,770,47582,218,04:10.1,,,
1115,IDJKT,JKT64,MRTU2198322,Ht20,1b,18,4,2,20,GP,,,,,,,,,F,,,,,,,,,,,,,8/8/2026 1:40,,,,770,47582,218,04:10.1,,,
3010,IDJKT,JKT64,TEGU3015072,Ht21,3a,25,3,2,20,GP,,,,,,,,,E,,,,,,,,,,,,,10/8/2026 0:31,,,,770,47845,218,07:14.2,,,
3011,IDJKT,JKT64,MRTU2161869,Ht17,3a,28,6,1,20,GP,,,,,,,,,F,,,,,,,,,,,,,10/8/2026 7:03,,,,770,47845,218,07:14.2,,,
3012,IDJKT,JKT64,MRTU2181588,Ht27,3a,28,6,4,20,GP,,,,,,,,,F,,,,,,,,,,,,,10/8/2026 7:10,,,,770,47845,218,07:14.2,,,
3013,IDJKT,JKT64,MRTU2261723,Ht23,3a,27,5,4,20,GP,,,,,,,,,F,,,,,,,,,,,,,10/8/2026 7:19,,,,770,47845,218,07:14.2,,,
1120,IDJKT,JKT64,MRTU2172210,Ht24,1b,11,2,3,20,GP,,,,,,,,,F,,,,,,,,,,,,,7/8/2026 23:01,,,,770,47582,218,04:10.1,,,
5940,IDJKT,JKT64,MRTU2127801,HT 14,2A,10,3,3,20,GP,,,,,,,,,E,,,,,,,,,,,,,28-08-2026 08:49,,,,770,50147,218,27:45.1,,,
1123,IDJKT,JKT64,MRTU9630130,B9736uiv,1b,6,1,1,40,HC,,,,,,,,,F,,,,,,,,,,,,,7/8/2026 23:34,,,,770,47582,218,04:10.1,,,
1124,IDJKT,JKT64,MRTU2131822,Ht13,1b,17,1,5,20,GP,,,,,,,,,F,,,,,,,,,,,,,8/8/2026 2:20,,,,770,47582,218,04:10.1,,,
1125,IDJKT,JKT64,MRLU2351480,B9310tei,1b,18,6,2,20,GP,,,,,,,,,F,,,,,,,,,,,,,8/8/2026 1:47,,,,770,47582,218,04:10.1,,,
1126,IDJKT,JKT64,MRTU2260120,Ht15,1b,15,4,2,20,GP,,,,,,,,,F,,,,,,,,,,,,,8/8/2026 7:17,,,,770,47582,218,04:10.1,,,
1127,IDJKT,JKT64,MRTU2133044,Ht20,1b,15,3,5,20,GP,,,,,,,,,F,,,,,,,,,,,,,8/8/2026 7:18,,,,770,47582,218,04:10.1,,,
3016,IDJKT,JKT74,MRTU2292112,,,,,,20,GP,,,,,,,,,E,,,,,,,,,,,,,10/8/2026 3:23,,,,770,47842,219,07:14.3,,,
1129,IDJKT,JKT64,MRTU2184524,,1b,14,1,3,20,GP,,,,,,,,,F,,,,,,,,,,,,,8/8/2026 7:39,,,,770,47582,218,04:10.1,,,
3017,IDJKT,JKT74,MRTU2263686,,,,,,20,GP,,,,,,,,,E,,,,,,,,,,,,,10/8/2026 6:36,,,,770,47842,219,07:14.3,,,
1131,IDJKT,JKT64,DFSU3189463,,,,,,20,GP,,,,,,,,,F,,,,,,,,,,,,,8/8/2026 7:46,,,,770,47582,218,04:10.1,,,
7087,IDJKT,JKT64,MRTU2185182,,,,,,20,GP,,,,,,,,,F,,,,,,,,,,,,,31-08-2026 11:04,,,,770,50472,218,57:34.8,,,
1133,IDJKT,JKT64,OOLU1626249,,,,,,20,GP,,,,,,,,,F,,,,,,,,,,,,,8/8/2026 7:47,,,,770,47582,218,04:10.1,,,
1134,IDJKT,JKT64,MRTU2143187,Ht10,1b,14,1,5,20,GP,,,,,,,,,F,,,,,,,,,,,,,8/8/2026 7:37,,,,770,47582,218,04:10.1,,,
1135,IDJKT,JKT64,MRTU2187945,Ht20,1b,18,4,1,20,GP,,,,,,,,,F,,,,,,,,,,,,,8/8/2026 1:39,,,,770,47582,218,04:10.1,,,
1136,IDJKT,JKT64,MRTU2192495,Ht03,1b,7,2,1,20,GP,,,,,,,,,F,,,,,,,,,,,,,8/8/2026 7:09,,,,770,47582,218,04:10.1,,,
3018,IDJKT,JKT74,MRTU2200369,,,,,,20,GP,,,,,,,,,E,,,,,,,,,,,,,10/8/2026 1:53,,,,770,47842,219,07:14.3,,,
1138,IDJKT,JKT64,MRTU9632220,L9495um,,,,,40,HC,,,,,,,,,F,,,,,,,,,,,,,7/8/2026 23:55,,,,770,47582,218,04:10.1,,,
1139,IDJKT,JKT64,MRTU2146102,Ht10,1b,19,5,4,20,GP,,,,,,,,,F,,,,,,,,,,,,,8/8/2026 7:15,,,,770,47582,218,04:10.1,,,
1140,IDJKT,JKT64,MRLU2365143,Ht15,1b,9,4,5,20,GP,,,,,,,,,F,,,,,,,,,,,,,7/8/2026 21:40,,,,770,47582,218,04:10.1,,,
7088,IDJKT,JKT64,MRTU2113583,,,,,,20,GP,,,,,,,,,F,,,,,,,,,,,,,31-08-2026 13:26,,,,770,50472,218,57:34.8,,,
1142,IDJKT,JKT64,MRTU2107404,Ht19,1b,9,4,1,20,GP,,,,,,,,,F,,,,,,,,,,,,,7/8/2026 21:43,,,,770,47582,218,04:10.1,,,
3020,IDJKT,JKT74,MRTU2348187,,,,,,20,GP,,,,,,,,,E,,,,,,,,,,,,,10/8/2026 7:41,,,,770,47842,219,07:14.3,,,
4400,IDJKT,JKT74,MRTU2029180,Ht24,C,4,8,4,20,GP,,,,,,,,,E,,,,,,,,,,,,,26-08-2026 14:23,,,,770,49915,219,15:08.1,,,
1145,IDJKT,JKT64,SEGU1576812,,,,,,20,GP,,,,,,,,,F,,,,,,,,,,,,,8/8/2026 7:48,,,,770,47582,218,04:10.1,,,
5943,IDJKT,JKT64,MRTU2222033,HT 01,1aa,10,6,1,20,GP,,,,,,,,,F,,,,,,,,,,,,,28-08-2026 10:34,,,,770,50147,218,27:45.1,,,
3023,IDJKT,JKT74,MRTU2104112,,,,,,20,GP,,,,,,,,,E,,,,,,,,,,,,,10/8/2026 2:04,,,,770,47842,219,07:14.3,,,
1148,IDJKT,JKT64,MRTU2197630,Ht10,1b,18,1,5,20,GP,,,,,,,,,F,,,,,,,,,,,,,8/8/2026 1:52,,,,770,47582,218,04:10.1,,,
1149,IDJKT,JKT64,WHSU2273593,B9820jf,1b,18,6,1,20,GP,,,,,,,,,F,,,,,,,,,,,,,8/8/2026 1:22,,,,770,47582,218,04:10.1,,,
7089,IDJKT,JKT64,CSNU6825225,,,,,,40,HC,,,,,,,,,F,,,,,,,,,,,,,31-08-2026 14:15,,,,770,50472,218,57:34.8,,,
1151,IDJKT,JKT64,MRTU2245872,Ht18,1b,12,3,4,20,GP,,,,,,,,,F,,,,,,,,,,,,,7/8/2026 22:04,,,,770,47582,218,04:10.1,,,
3025,IDJKT,JKT74,MRTU2131530,,,,,,20,GP,,,,,,,,,E,,,,,,,,,,,,,10/8/2026 6:28,,,,770,47842,219,07:14.3,,,
5944,IDJKT,JKT64,MRTU2160965,HT05,2a,7,1,5,20,GP,,,,,,,,,F,,,,,,,,,,,,,28-08-2026 15:49,,,,770,50147,218,27:45.1,,,
3027,IDJKT,JKT74,MRTU2100117,,,,,,20,GP,,,,,,,,,E,,,,,,,,,,,,,10/8/2026 6:40,,,,770,47842,219,07:14.3,,,
1155,IDJKT,JKT64,MRTU2307275,Ht10,1b,19,5,3,20,GP,,,,,,,,,F,,,,,,,,,,,,,8/8/2026 7:14,,,,770,47582,218,04:10.1,,,
1156,IDJKT,JKT64,MRLU5212554,Ht24,1b,4,3,1,40,HC,,,,,,,,,E,,,,,,,,,,,,,7/8/2026 20:24,,,,770,47582,218,04:10.1,,,
1157,IDJKT,JKT64,MRTU2326423,Ht17,1b,18,2,4,20,GP,,,,,,,,,F,,,,,,,,,,,,,8/8/2026 1:34,,,,770,47582,218,04:10.1,,,
1158,IDJKT,JKT64,FCIU6080148,Ht14,1b,18,5,1,20,GP,,,,,,,,,F,,,,,,,,,,,,,8/8/2026 1:59,,,,770,47582,218,04:10.1,,,
1159,IDJKT,JKT64,DFSU3189463,Ht14,1b,15,3,3,20,GP,,,,,,,,,F,,,,,,,,,,,,,8/8/2026 7:21,,,,770,47582,218,04:10.1,,,
3028,IDJKT,JKT74,CRXU3356225,,,,,,20,GP,,,,,,,,,E,,,,,,,,,,,,,10/8/2026 3:42,,,,770,47842,219,07:14.3,,,
1162,IDJKT,JKT64,MRTU2092304,,1b,14,1,4,20,GP,,,,,,,,,F,,,,,,,,,,,,,8/8/2026 7:40,,,,770,47582,218,04:10.1,,,
5946,IDJKT,JKT64,MRTU2256650,HT 14,2A,10,3,4,20,GP,,,,,,,,,F,,,,,,,,,,,,,28-08-2026 08:49,,,,770,50147,218,27:45.1,,,
1164,IDJKT,JKT64,MRTU2233104,Ht13,1b,17,3,3,20,GP,,,,,,,,,F,,,,,,,,,,,,,8/8/2026 2:21,,,,770,47582,218,04:10.1,,,
5945,IDJKT,JKT64,MRTU2036511,HT09,,,,,20,GP,,,,,,,,,E,,,,,,,,,,,,,28-08-2026 15:10,,,,770,50147,218,27:45.1,,,
3031,IDJKT,JKT74,MRTU2210496,,,,,,20,GP,,,,,,,,,E,,,,,,,,,,,,,10/8/2026 2:57,,,,770,47842,219,07:14.3,,,
1166,IDJKT,JKT64,MRTU2330193,,1b,12,2,2,20,GP,,,,,,,,,F,,,,,,,,,,,,,8/8/2026 7:45,,,,770,47582,218,04:10.1,,,
3033,IDJKT,JKT74,SEKU1599772,,,,,,20,GP,,,,,,,,,E,,,,,,,,,,,,,10/8/2026 1:57,,,,770,47842,219,07:14.3,,,
1169,IDJKT,JKT64,FCIU7016668,B9377tek,3a,6,,,40,HC,,,,,,,,,F,J296629,,,,,,,,,,,,8/8/2026 5:26,,,,770,47589,218,04:10.3,,,
1170,IDJKT,JKT64,TEGU2978210,L8712uo,,,,,20,GP,,,,,,,,,F,3.717417,,,,,,,,,,,,8/8/2026 0:27,,,,770,47589,218,04:10.3,,,
1171,IDJKT,JKT64,MRTU2211208,Ht08,3a,23,,,20,GP,,,,,,,,,F,,,,,,,,,,,,,8/8/2026 6:57,,,,770,47589,218,04:10.3,,,
1172,IDJKT,JKT64,SEGU4180928,Ht10,3a,6,1,2,40,HC,,,,,,,,,E,,,,,,,,,,,,,8/8/2026 3:33,,,,770,47589,218,04:10.3,,,
1173,IDJKT,JKT64,SEGU4323802,Ht08,3a,12,,,40,HC,,,,,,,,,E,,,,,,,,,,,,,8/8/2026 1:52,,,,770,47589,218,04:10.3,,,
1174,IDJKT,JKT64,MRTU9622324,B9251,3a,20,1,,40,HC,,,,,,,,,F,29.6767,,,,,,,,,,,,8/8/2026 3:14,,,,770,47589,218,04:10.3,,,
5948,IDJKT,JKT64,MRTU2331435,Ht05,2a,7,2,5,20,GP,,,,,,,,,F,,,,,,,,,,,,,28-08-2026 15:46,,,,770,50147,218,27:45.1,,,
1176,IDJKT,JKT64,TEGU2913890,L8858,3a,24,1,1,20,GP,,,,,,,,,F,3.717709,,,,,,,,,,,,8/8/2026 0:47,,,,770,47589,218,04:10.3,,,
7090,IDJKT,JKT64,MRTU2044991,,,,,,20,GP,,,,,,,,,F,,,,,,,,,,,,,31-08-2026 14:19,,,,770,50472,218,57:34.8,,,
1178,IDJKT,JKT64,MRTU9609580,B9779uel,3a,18,2,3,20,GP,,,,,,,,,F,,,,,,,,,,,,,8/8/2026 1:24,,,,770,47589,218,04:10.3,,,
1179,IDJKT,JKT64,MRTU9604589,Ht14,3a,18,3,1,40,HC,,,,,,,,,E,,,,,,,,,,,,,8/8/2026 1:07,,,,770,47589,218,04:10.3,,,
1180,IDJKT,JKT64,MRTU9667442,B9255uej,3a,20,,,40,HC,,,,,,,,,F,2.96744,,,,,,,,,,,,8/8/2026 3:16,,,,770,47589,218,04:10.3,,,
1181,IDJKT,JKT64,MRLU2350924,Ht14,3a,13,,,20,GP,,,,,,,,,F,,,,,,,,,,,,,8/8/2026 6:12,,,,770,47589,218,04:10.3,,,
5949,IDJKT,JKT64,FCIU6091754,Ht06,2A,12,3,3,20,GP,,,,,,,,,F,,,,,,,,,,,,,28-08-2026 16:05,,,,770,50147,218,27:45.1,,,
1183,IDJKT,JKT64,DRYU9939883,B9850uix,3a,12,5,5,40,HC,,,,,,,,,F,6.9663,,,,,,,,,,,,8/8/2026 5:54,,,,770,47589,218,04:10.3,,,
1184,IDJKT,JKT64,MRTU9669954,Ht06,3a,20,,,40,HC,,,,,,,,,E,,,,,,,,,,,,,8/8/2026 0:59,,,,770,47589,218,04:10.3,,,
1185,IDJKT,JKT64,MRTU2220827,Ht09,3a,17,,,20,GP,,,,,,,,,F,,,,,,,,,,,,,8/8/2026 7:04,,,,770,47589,218,04:10.3,,,
1186,IDJKT,JKT64,TXGU4073092,Ht22,3a,20,,,40,HC,,,,,,,,,E,,,,,,,,,,,,,8/8/2026 1:37,,,,770,47589,218,04:10.3,,,
5950,IDJKT,JKT64,MRTU2220730,HT 01,1A,10,6,2,20,GP,,,,,,,,,F,,,,,,,,,,,,,28-08-2026 10:35,,,,770,50147,218,27:45.1,,,
1189,IDJKT,JKT64,TEGU2971685,L8445up,,,,,20,GP,,,,,,,,,F,3.717706,,,,,,,,,,,,8/8/2026 0:44,,,,770,47589,218,04:10.3,,,
7091,IDJKT,JKT64,MRTU2749261,,,,,,20,GP,,,,,,,,,F,,,,,,,,,,,,,31-08-2026 13:51,,,,770,50472,218,57:34.8,,,
1191,IDJKT,JKT64,MRTU9666750,Ht02,3a,20,5,4,40,HC,,,,,,,,,E,,,,,,,,,,,,,8/8/2026 3:18,,,,770,47589,218,04:10.3,,,
1192,IDJKT,JKT64,MRTU9650429,Ht05,3a,6,,,40,HC,,,,,,,,,E,,,,,,,,,,,,,8/8/2026 2:16,,,,770,47589,218,04:10.3,,,
1193,IDJKT,JKT64,MRTU2271655,Ht05,3a,16,,,20,GP,,,,,,,,,F,,,,,,,,,,,,,8/8/2026 7:38,,,,770,47589,218,04:10.3,,,
1194,IDJKT,JKT64,AMFU8779673,Ht03,3a,6,,,40,HC,,,,,,,,,E,,,,,,,,,,,,,8/8/2026 3:50,,,,770,47589,218,04:10.3,,,
1195,IDJKT,JKT64,SEGU3956977,Ht08,3a,16,,,20,GP,,,,,,,,,F,,,,,,,,,,,,,8/8/2026 7:45,,,,770,47589,218,04:10.3,,,
3035,IDJKT,JKT74,MRTU2038290,,,,,,20,GP,,,,,,,,,E,,,,,,,,,,,,,10/8/2026 3:26,,,,770,47842,219,07:14.3,,,
1197,IDJKT,JKT64,TEGU2869354,L8944uuc,3a,24,1,3,20,GP,,,,,,,,,F,3.716441,,,,,,,,,,,,8/8/2026 0:52,,,,770,47589,218,04:10.3,,,
1198,IDJKT,JKT64,TEGU2969040,L8858uuf,3a,24,1,2,20,GP,,,,,,,,,F,3.71771,,,,,,,,,,,,8/8/2026 0:48,,,,770,47589,218,04:10.3,,,
3036,IDJKT,JKT74,HPCU2226219,,,,,,20,GP,,,,,,,,,E,,,,,,,,,,,,,10/8/2026 6:48,,,,770,47842,219,07:14.3,,,
1200,IDJKT,JKT64,MRTU2340397,B9333ku,3a,7,2,3,20,GP,,,,,,,,,F,29.5218,,,,,,,,,,,,8/8/2026 5:23,,,,770,47589,218,04:10.3,,,
1201,IDJKT,JKT64,MRTU2340226,B9769uwv,3aa,4,2,1,20,GP,,,,,,,,,F,J326886,,,,,,,,,,,,8/8/2026 3:52,,,,770,47589,218,04:10.3,,,
1202,IDJKT,JKT64,TEGU2983562,L8712uo,,,,,20,GP,,,,,,,,,F,3.71742,,,,,,,,,,,,8/8/2026 0:31,,,,770,47589,218,04:10.3,,,
1203,IDJKT,JKT64,TXGU4073322,Ht22,3a,18,,,40,HC,,,,,,,,,E,,,,,,,,,,,,,8/8/2026 1:15,,,,770,47589,218,04:10.3,,,
1204,IDJKT,JKT64,CAAU4956360,Hg07,3a,18,,,40,HC,,,,,,,,,E,,,,,,,,,,,,,8/8/2026 1:09,,,,770,47589,218,04:10.3,,,
1205,IDJKT,JKT64,MRTU2121151,Ht06,3a,23,,,20,GP,,,,,,,,,E,,,,,,,,,,,,,8/8/2026 6:54,,,,770,47589,218,04:10.3,,,
1206,IDJKT,JKT64,MRTU2126507,Ht23,3a,23,,,20,GP,,,,,,,,,F,,,,,,,,,,,,,8/8/2026 7:47,,,,770,47589,218,04:10.3,,,
1207,IDJKT,JKT64,HPCU4319795,B9767uwv,3a,6,1,3,40,HC,,,,,,,,,F,J32685,,,,,,,,,,,,8/8/2026 3:48,,,,770,47589,218,04:10.3,,,
1208,IDJKT,JKT64,TEGU2970380,L8445up,3a,24,6,3,20,GP,,,,,,,,,F,3.177705,,,,,,,,,,,,8/8/2026 0:43,,,,770,47589,218,04:10.3,,,
1209,IDJKT,JKT64,MRTU9610880,Ht01,3a,20,,,40,HC,,,,,,,,,E,,,,,,,,,,,,,8/8/2026 0:58,,,,770,47589,218,04:10.3,,,
3037,IDJKT,JKT74,MRTU2046736,,,,,,20,GP,,,,,,,,,E,,,,,,,,,,,,,10/8/2026 3:30,,,,770,47842,219,07:14.3,,,
1213,IDJKT,JKT64,MRTU9622957,Ht22,3a,10,,,40,HC,,,,,,,,,E,,,,,,,,,,,,,8/8/2026 2:11,,,,770,47589,218,04:10.3,,,
1214,IDJKT,JKT64,MRTU9633313,Ht03,3a,12,,,40,HC,,,,,,,,,E,,,,,,,,,,,,,8/8/2026 1:51,,,,770,47589,218,04:10.3,,,
1215,IDJKT,JKT64,SEGU4229530,B9800ufz,3a,12,6,5,40,HC,,,,,,,,,F,J326992,,,,,,,,,,,,8/8/2026 5:53,,,,770,47589,218,04:10.3,,,
1216,IDJKT,JKT64,MRTU2222769,Ht08,3a,16,,,20,GP,,,,,,,,,F,,,,,,,,,,,,,8/8/2026 7:44,,,,770,47589,218,04:10.3,,,
1217,IDJKT,JKT64,SEGU4506850,Ht01,3a,10,,,40,HC,,,,,,,,,E,,,,,,,,,,,,,8/8/2026 2:12,,,,770,47589,218,04:10.3,,,
1218,IDJKT,JKT64,MRTU2237080,Ht08,3a,23,,,20,GP,,,,,,,,,F,,,,,,,,,,,,,8/8/2026 6:56,,,,770,47589,218,04:10.3,,,
3038,IDJKT,JKT74,MRTU2135432,,,,,,20,GP,,,,,,,,,E,,,,,,,,,,,,,10/8/2026 6:10,,,,770,47842,219,07:14.3,,,
1220,IDJKT,JKT64,MRTU9644961,Ht23,3a,18,,,40,HC,,,,,,,,,E,,,,,,,,,,,,,8/8/2026 1:20,,,,770,47589,218,04:10.3,,,
3039,IDJKT,JKT74,MRTU2217464,,,,,,20,GP,,,,,,,,,E,,,,,,,,,,,,,10/8/2026 6:45,,,,770,47842,219,07:14.3,,,
7092,IDJKT,JKT56,MRTU9633463,C16280,1c,12,6,2,40,HC,,,,,,,,,F,,,,,,,,,,,,,31-08-2026 11:43,,,,770,50481,213,07:48.8,,,
1222,IDJKT,JKT64,FCIU6091950,Ht06,3a,23,,,20,GP,,,,,,,,,F,,,,,,,,,,,,,8/8/2026 6:55,,,,770,47589,218,04:10.3,,,
1223,IDJKT,JKT64,MRTU9604866,Ht04,3a,20,,,40,HC,,,,,,,,,E,,,,,,,,,,,,,8/8/2026 1:38,,,,770,47589,218,04:10.3,,,
7093,IDJKT,JKT56,HPCU4456864,N00539,1c,16,3,1,40,HC,,,,,,,,,F,,,,,,,,,,,,,31-08-2026 11:44,,,,770,50481,213,07:48.8,,,
1225,IDJKT,JKT64,MRLU5211481,B9241tn,3a,20,,,40,HC,,,,,,,,,F,J326899,,,,,,,,,,,,8/8/2026 3:12,,,,770,47589,218,04:10.3,,,
1226,IDJKT,JKT64,MRTU9609385,Ht03,3a,18,,,40,HC,,,,,,,,,E,,,,,,,,,,,,,8/8/2026 1:09,,,,770,47589,218,04:10.3,,,
1227,IDJKT,JKT64,MRTU2216112,Ht02,3a,16,,,20,GP,,,,,,,,,F,,,,,,,,,,,,,8/8/2026 7:31,,,,770,47589,218,04:10.3,,,
4417,IDJKT,JKT64,TRHU3527334,HT 20,2A,5,3,2,20,GP,,,,,,,,,F,,,,,,,,,,,,,26-08-2026 10:28,,,,770,49887,218,15:08.3,,,
1229,IDJKT,JKT64,TRHU8909279,Ht01,3a,12,,,40,HC,,,,,,,,,E,,,,,,,,,,,,,8/8/2026 1:59,,,,770,47589,218,04:10.3,,,
1230,IDJKT,JKT64,MRTU2336397,B9850teh,3a,22,5,1,20,GP,,,,,,,,,F,J326833,,,,,,,,,,,,8/8/2026 2:54,,,,770,47589,218,04:10.3,,,
3041,IDJKT,JKT74,MRLU2357699,,,,,,20,EC,,,,,,,,,E,,,,,,,,,,,,,10/8/2026 0:47,,,,770,47842,219,07:14.3,,,
1232,IDJKT,JKT64,MRTU9662456,Ht10,3a,20,,,40,HC,,,,,,,,,F,,,,,,,,,,,,,8/8/2026 3:19,,,,770,47589,218,04:10.3,,,
7094,IDJKT,JKT56,TEGU6861768,C34436,1c,26,5,1,40,HC,,,,,,,,,F,,,,,,,,,,,,,31-08-2026 09:19,,,,770,50481,213,07:48.8,,,
1234,IDJKT,JKT64,MRTU2032856,Ht24,3a,22,,,20,GP,,,,,,,,,F,,,,,,,,,,,,,8/8/2026 2:50,,,,770,47589,218,04:10.3,,,
1236,IDJKT,JKT64,SEGU4042256,Ht23,3a,10,,,40,HC,,,,,,,,,E,,,,,,,,,,,,,8/8/2026 3:40,,,,770,47589,218,04:10.3,,,
1237,IDJKT,JKT64,MRTU9629400,Ht09,3a,6,,,40,HC,,,,,,,,,F,,,,,,,,,,,,,8/8/2026 3:41,,,,770,47589,218,04:10.3,,,
1238,IDJKT,JKT64,MRTU2229378,Ht15,3a,22,,,20,GP,,,,,,,,,F,,,,,,,,,,,,,8/8/2026 1:28,,,,770,47589,218,04:10.3,,,
7095,IDJKT,JKT56,TXGU4074890,C33070,1c,14,3,4,40,HC,,,,,,,,,F,,,,,,,,,,,,,31-08-2026 11:41,,,,770,50481,213,07:48.8,,,
4420,IDJKT,JKT64,MRTU2210808,HT 14,2A,5,3,4,20,GP,,,,,,,,,F,,,,,,,,,,,,,26-08-2026 10:31,,,,770,49887,218,15:08.3,,,
1241,IDJKT,JKT64,MRTU9612352,Ht03,3a,10,,,40,HC,,,,,,,,,E,,,,,,,,,,,,,8/8/2026 2:03,,,,770,47589,218,04:10.3,,,
7096,IDJKT,JKT56,MRTU9615921,C05792,1c,14,3,2,40,HC,,,,,,,,,F,,,,,,,,,,,,,31-08-2026 10:27,,,,770,50481,213,07:48.8,,,
3043,IDJKT,JKT74,FCIU6089211,,,,,,20,GP,,,,,,,,,E,,,,,,,,,,,,,10/8/2026 3:40,,,,770,47842,219,07:14.3,,,
3044,IDJKT,JKT74,HPCU2226040,,,,,,20,GP,,,,,,,,,E,,,,,,,,,,,,,10/8/2026 5:58,,,,770,47842,219,07:14.3,,,
3045,IDJKT,JKT74,MRTU2272190,,,,,,20,GP,,,,,,,,,E,,,,,,,,,,,,,10/8/2026 3:24,,,,770,47842,219,07:14.3,,,
7097,IDJKT,JKT56,TCNU5103100,C23028,1c,12,6,1,40,HC,,,,,,,,,F,,,,,,,,,,,,,31-08-2026 11:40,,,,770,50481,213,07:48.8,,,
3047,IDJKT,JKT74,FCIU6078412,,,,,,20,GP,,,,,,,,,E,,,,,,,,,,,,,10/8/2026 2:01,,,,770,47842,219,07:14.3,,,
1249,IDJKT,JKT64,MRTU2110732,B9129uix,3a,13,4,1,20,GP,,,,,,,,,F,J296785,,,,,,,,,,,,8/8/2026 5:59,,,,770,47589,218,04:10.3,,,
1250,IDJKT,JKT64,TEGU2980120,L8944uuc,3a,24,1,4,20,GP,,,,,,,,,F,,,,,,,,,,,,,8/8/2026 0:53,,,,770,47589,218,04:10.3,,,
1252,IDJKT,JKT64,MRTU9631671,B9333fk,3a,12,4,3,40,HC,,,,,,,,,E,32.488,,,,,,,,,,,,8/8/2026 1:56,,,,770,47589,218,04:10.3,,,
7098,IDJKT,JKT56,TEGU6849886,C16263,1c,16,6,4,40,HC,,,,,,,,,F,,,,,,,,,,,,,31-08-2026 10:25,,,,770,50481,213,07:48.8,,,
1254,IDJKT,JKT64,MRTU2191288,H15,,,,,20,GP,,,,,,,,,F,,,,,,,,,,,,,8/8/2026 7:15,,,,770,47593,218,04:10.5,,,
1255,IDJKT,JKT64,MRTU9656509,H24,2A,4,2,2,40,HC,,,,,,,,,F,,,,,,,,,,,,,8/8/2026 1:45,,,,770,47593,218,04:10.5,,,
1256,IDJKT,JKT64,MRTU9663447,H04,1a,1,5,3,40,HC,,,,,,,,,E,,,,,,,,,,,,,8/8/2026 3:19,,,,770,47593,218,04:10.5,,,
1257,IDJKT,JKT64,MRTU9647683,H05,1A,1,6,2,40,HC,,,,,,,,,E,,,,,,,,,,,,,8/8/2026 2:02,,,,770,47593,218,04:10.5,,,
1258,IDJKT,JKT64,GESU6927279,H15,1A,4,1,4,20,GP,,,,,,,,,F,,,,,,,,,,,,,8/8/2026 3:45,,,,770,47593,218,04:10.5,,,
1259,IDJKT,JKT64,MRTU2327420,B9845,2A,6,2,1,20,GP,,,,,,,,,F,,,,,,,,,,,,,8/8/2026 0:48,,,,770,47593,218,04:10.5,,,
1260,IDJKT,JKT64,MCCU1064561,H17,1A,4,1,4,20,GP,,,,,,,,,F,,,,,,,,,,,,,8/8/2026 3:23,,,,770,47593,218,04:10.5,,,
1261,IDJKT,JKT64,MRTU9665007,H09,2A,14,3,1,40,HC,,,,,,,,,E,,,,,,,,,,,,,8/8/2026 1:24,,,,770,47593,218,04:10.5,,,
1262,IDJKT,JKT64,MRTU9613699,H22,2A,4,2,5,40,HC,,,,,,,,,E,,,,,,,,,,,,,8/8/2026 1:50,,,,770,47593,218,04:10.5,,,
1263,IDJKT,JKT64,TXGU8466966,H03,1A,1,3,4,40,HC,,,,,,,,,E,,,,,,,,,,,,,8/8/2026 3:41,,,,770,47593,218,04:10.5,,,
1264,IDJKT,JKT64,MRLU2383907,B9743,1A,10,4,1,20,GP,,,,,,,,,F,,,,,,,,,,,,,8/8/2026 3:12,,,,770,47593,218,04:10.5,,,
1265,IDJKT,JKT64,MRTU2203373,H24,,,,,20,GP,,,,,,,,,F,,,,,,,,,,,,,8/8/2026 6:20,,,,770,47593,218,04:10.5,,,
1267,IDJKT,JKT64,FCIU7033217,H08,1A,1,3,2,40,HC,,,,,,,,,E,,,,,,,,,,,,,8/8/2026 3:40,,,,770,47593,218,04:10.5,,,
1268,IDJKT,JKT64,FCIU7022017,H21,1A,1,4,2,40,HC,,,,,,,,,E,,,,,,,,,,,,,8/8/2026 3:24,,,,770,47593,218,04:10.5,,,
5960,IDJKT,JKT64,MRLU2375558,,3a,21,1,1,20,GP,,,,,,,,,E,,,,,,,,,,,,,28-08-2026 17:12,,,,770,50172,218,57:52.3,,,
1270,IDJKT,JKT64,TCNU4511452,B9202,2A,14,4,3,40,HC,,,,,,,,,F,,,,,,,,,,,,,8/8/2026 0:13,,,,770,47593,218,04:10.5,,,
1271,IDJKT,JKT64,MRLU2388811,B9741,2A,9,3,3,20,GP,,,,,,,,,F,,,,,,,,,,,,,8/8/2026 0:15,,,,770,47593,218,04:10.5,,,
1272,IDJKT,JKT64,MRTU2042920,B9750,,,,,20,GP,,,,,,,,,F,,,,,,,,,,,,,8/8/2026 7:13,,,,770,47593,218,04:10.5,,,
1273,IDJKT,JKT64,MRTU9669867,H03,1A,1,5,4,40,HC,,,,,,,,,E,,,,,,,,,,,,,8/8/2026 3:35,,,,770,47593,218,04:10.5,,,
3049,IDJKT,JKT74,MRLU2362165,,,,,,20,EC,,,,,,,,,E,,,,,,,,,,,,,10/8/2026 0:30,,,,770,47842,219,07:14.3,,,
1276,IDJKT,JKT64,MRTU9654173,H21,1A,1,6,3,40,HC,,,,,,,,,E,,,,,,,,,,,,,8/8/2026 3:16,,,,770,47593,218,04:10.5,,,
1277,IDJKT,JKT64,MRTU9616147,H06,2A,4,3,5,40,HC,,,,,,,,,E,,,,,,,,,,,,,8/8/2026 1:49,,,,770,47593,218,04:10.5,,,
1278,IDJKT,JKT64,HPCU4317215,H01,1A,8,2,1,20,GP,,,,,,,,,E,,,,,,,,,,,,,8/8/2026 5:07,,,,770,47593,218,04:10.5,,,
1279,IDJKT,JKT64,TCKU6097120,H02,2A,4,4,4,40,HC,,,,,,,,,E,,,,,,,,,,,,,8/8/2026 1:40,,,,770,47593,218,04:10.5,,,
5966,IDJKT,JKT64,TLLU3704530,Ht09,,,,,20,GP,,,,,,,,,F,Ada,,,,,,,,,,,,28-08-2026 16:44,,,,770,50169,218,57:52.4,,,
5968,IDJKT,JKT64,MRTU2041539,Ht04,,,,,20,GP,,,,,,,,,E,,,,,,,,,,,,,28-08-2026 17:23,,,,770,50169,218,57:52.4,,,
3050,IDJKT,JKT74,MRTU2231570,,,,,,20,GP,,,,,,,,,E,,,,,,,,,,,,,10/8/2026 6:54,,,,770,47842,219,07:14.3,,,
1283,IDJKT,JKT64,TIIU5847008,H04,1A,1,6,2,40,HC,,,,,,,,,E,,,,,,,,,,,,,8/8/2026 2:01,,,,770,47593,218,04:10.5,,,
1284,IDJKT,JKT64,MRTU2180093,H15,,,,,20,GP,,,,,,,,,F,,,,,,,,,,,,,8/8/2026 7:13,,,,770,47593,218,04:10.5,,,
1285,IDJKT,JKT64,GESU6449122,H06,,,,,40,HC,,,,,,,,,E,,,,,,,,,,,,,8/8/2026 1:29,,,,770,47593,218,04:10.5,,,
1286,IDJKT,JKT64,TRHU8915184,H24,1A,1,3,3,40,HC,,,,,,,,,E,,,,,,,,,,,,,8/8/2026 3:40,,,,770,47593,218,04:10.5,,,
1287,IDJKT,JKT64,MRTU9610895,H04,1A,1,3,1,40,HC,,,,,,,,,E,,,,,,,,,,,,,8/8/2026 3:39,,,,770,47593,218,04:10.5,,,
1288,IDJKT,JKT64,HPCU4313251,H09,2A,4,4,2,40,HC,,,,,,,,,E,,,,,,,,,,,,,8/8/2026 1:38,,,,770,47593,218,04:10.5,,,
1289,IDJKT,JKT64,FCIU7016009,H14,1A,1,5,1,40,HC,,,,,,,,,E,,,,,,,,,,,,,8/8/2026 3:15,,,,770,47593,218,04:10.5,,,
1290,IDJKT,JKT64,MRTU9621930,H21,2A,4,,3,40,HC,,,,,,,,,F,,,,,,,,,,,,,8/8/2026 1:39,,,,770,47593,218,04:10.5,,,
1292,IDJKT,JKT64,MRTU9666385,H06,1A,1,6,4,40,HC,,,,,,,,,E,,,,,,,,,,,,,8/8/2026 3:17,,,,770,47593,218,04:10.5,,,
1293,IDJKT,JKT64,SEGU5513284,H05,2A,4,2,2,40,HC,,,,,,,,,E,,,,,,,,,,,,,8/8/2026 1:44,,,,770,47593,218,04:10.5,,,
5964,IDJKT,JKT64,MRTU2209746,Ht04,3A,2,3,2,20,GP,,,,,,,,,F,Ada,,,,,,,,,,,,28-08-2026 17:13,,,,770,50169,218,57:52.4,,,
7099,IDJKT,JKT56,MRTU9631223,C21457,1c,14,3,1,40,HC,,,,,,,,,F,,,,,,,,,,,,,31-08-2026 10:28,,,,770,50481,213,07:48.8,,,
3051,IDJKT,JKT74,MRTU2308374,,,,,,20,GP,,,,,,,,,E,,,,,,,,,,,,,10/8/2026 6:40,,,,770,47842,219,07:14.3,,,
3052,IDJKT,JKT74,MRTU2276256,,,,,,20,GP,,,,,,,,,E,,,,,,,,,,,,,10/8/2026 3:39,,,,770,47842,219,07:14.3,,,
1298,IDJKT,JKT64,HPCU4317391,H05,2A,14,5,5,40,HC,,,,,,,,,E,,,,,,,,,,,,,8/8/2026 1:20,,,,770,47593,218,04:10.5,,,
1299,IDJKT,JKT64,MRTU9648695,H04,2A,14,1,1,40,GP,,,,,,,,,E,,,,,,,,,,,,,8/8/2026 1:26,,,,770,47593,218,04:10.5,,,
5963,IDJKT,JKT64,MRTU2270772,Ht03,,,,,20,GP,,,,,,,,,F,Ada,,,,,,,,,,,,28-08-2026 16:39,,,,770,50169,218,57:52.4,,,
1301,IDJKT,JKT64,MRTU2032820,H01,,,,,20,GP,,,,,,,,,F,,,,,,,,,,,,,8/8/2026 6:57,,,,770,47593,218,04:10.5,,,
1304,IDJKT,JKT64,MRTU2260856,H04,,,,,20,GP,,,,,,,,,F,,,,,,,,,,,,,8/8/2026 6:18,,,,770,47593,218,04:10.5,,,
1305,IDJKT,JKT64,MRTU9648313,H10,1A,1,4,4,40,HC,,,,,,,,,E,,,,,,,,,,,,,8/8/2026 3:39,,,,770,47593,218,04:10.5,,,
1307,IDJKT,JKT64,MRTU9627434,B9251,,,,,40,HC,,,,,,,,,F,,,,,,,,,,,,,8/8/2026 2:03,,,,770,47593,218,04:10.5,,,
3054,IDJKT,JKT74,MRTU2174465,,,,,,20,GP,,,,,,,,,E,,,,,,,,,,,,,10/8/2026 3:38,,,,770,47842,219,07:14.3,,,
1309,IDJKT,JKT64,HPCU2991408,B9768,2A,1,3,2,20,GP,,,,,,,,,F,,,,,,,,,,,,,8/8/2026 0:26,,,,770,47593,218,04:10.5,,,
3055,IDJKT,JKT74,MRTU2190260,,,,,,20,GP,,,,,,,,,E,,,,,,,,,,,,,10/8/2026 2:07,,,,770,47842,219,07:14.3,,,
4437,IDJKT,JKT64,MRTU2206773,HT16,2A,2,5,2,20,GP,,,,,,,,,F,,,,,,,,,,,,,26-08-2026 14:29,,,,770,49887,218,15:08.3,,,
1312,IDJKT,JKT64,MRTU2340062,B9716,2A,6,3,1,20,GP,,,,,,,,,F,,,,,,,,,,,,,8/8/2026 0:36,,,,770,47593,218,04:10.5,,,
1313,IDJKT,JKT64,MRTU2295805,B9808,1A,10,4,2,20,GP,,,,,,,,,F,,,,,,,,,,,,,8/8/2026 3:13,,,,770,47593,218,04:10.5,,,
1314,IDJKT,JKT64,SEKU1618445,Bk8865,2A,9,4,3,20,GP,,,,,,,,,F,,,,,,,,,,,,,8/8/2026 0:22,,,,770,47593,218,04:10.5,,,
1315,IDJKT,JKT64,MRTU9628220,H09,2A,4,2,3,40,HC,,,,,,,,,E,,,,,,,,,,,,,8/8/2026 1:46,,,,770,47593,218,04:10.5,,,
1316,IDJKT,JKT64,TEMU6078402,H04,1A,1,4,1,40,HC,,,,,,,,,E,,,,,,,,,,,,,8/8/2026 3:23,,,,770,47593,218,04:10.5,,,
1318,IDJKT,JKT64,MRTU9626269,H24,2A,14,1,2,40,HC,,,,,,,,,E,,,,,,,,,,,,,8/8/2026 1:27,,,,770,47593,218,04:10.5,,,
1319,IDJKT,JKT64,MRTU2348649,B9091,2A,1,3,1,20,GP,,,,,,,,,F,,,,,,,,,,,,,8/8/2026 0:25,,,,770,47593,218,04:10.5,,,
5967,IDJKT,JKT64,MRTU2188366,Ht03,,,,,20,GP,,,,,,,,,F,Ada,,,,,,,,,,,,28-08-2026 16:40,,,,770,50169,218,57:52.4,,,
1321,IDJKT,JKT64,MRTU9626206,H10,2A,4,2,4,40,HC,,,,,,,,,E,,,,,,,,,,,,,8/8/2026 1:46,,,,770,47593,218,04:10.5,,,
1322,IDJKT,JKT64,FCIU6080908,H11,,,,,20,GP,,,,,,,,,F,,,,,,,,,,,,,8/8/2026 7:29,,,,770,47593,218,04:10.5,,,
1324,IDJKT,JKT64,DFSU3192148,H14,,,,,20,GP,,,,,,,,,F,,,,,,,,,,,,,8/8/2026 7:43,,,,770,47593,218,04:10.5,,,
5970,IDJKT,JKT64,HPCU2229080,Ht04,3A,17,4,5,20,GP,,,,,,,,,F,Ada,,,,,,,,,,,,28-08-2026 16:33,,,,770,50169,218,57:52.4,,,
1326,IDJKT,JKT64,MRLU2360603,B9751,2A,9,4,4,20,GP,,,,,,,,,F,,,,,,,,,,,,,8/8/2026 0:16,,,,770,47593,218,04:10.5,,,
4442,IDJKT,JKT64,SKHU9424235,HT 20,2A,4,6,4,40,HC,,,,,,,,,F,,,,,,,,,,,,,26-08-2026 08:29,,,,770,49887,218,15:08.3,,,
4443,IDJKT,JKT64,MRTU2318449,HT16,2a,2,5,1,20,GP,,,,,,,,,F,,,,,,,,,,,,,26-08-2026 14:26,,,,770,49887,218,15:08.3,,,
1329,IDJKT,JKT64,TIIU6813996,H04,1A,8,2,2,40,HC,,,,,,,,,E,,,,,,,,,,,,,8/8/2026 5:08,,,,770,47593,218,04:10.5,,,
1330,IDJKT,JKT64,CAAU4971750,H04,2A,4,4,1,40,HC,,,,,,,,,E,,,,,,,,,,,,,8/8/2026 1:05,,,,770,47593,218,04:10.5,,,
1331,IDJKT,JKT64,MRTU2340490,H15,1A,4,1,3,20,GP,,,,,,,,,F,,,,,,,,,,,,,8/8/2026 3:43,,,,770,47593,218,04:10.5,,,
1333,IDJKT,JKT64,MRTU2025538,B9668,1A,10,5,1,20,GP,,,,,,,,,F,,,,,,,,,,,,,8/8/2026 1:56,,,,770,47593,218,04:10.5,,,
1335,IDJKT,JKT64,TCNU3544702,H23,1A,1,5,2,40,HC,,,,,,,,,E,,,,,,,,,,,,,8/8/2026 3:18,,,,770,47593,218,04:10.5,,,
1336,IDJKT,JKT64,MRTU2207960,H14,,,,,20,GP,,,,,,,,,F,,,,,,,,,,,,,8/8/2026 7:43,,,,770,47593,218,04:10.5,,,
1337,IDJKT,JKT64,MRTU2149040,H16,,,,,20,GP,,,,,,,,,F,,,,,,,,,,,,,8/8/2026 7:30,,,,770,47593,218,04:10.5,,,
1338,IDJKT,JKT64,MRTU9652000,H06,2A,14,1,3,40,HC,,,,,,,,,E,,,,,,,,,,,,,8/8/2026 1:27,,,,770,47593,218,04:10.5,,,
4455,IDJKT,JKT64,GESU2491206,HT 13,,,,,20,GP,,,,,,,,,F,,,,,,,,,,,,,26-08-2026 10:35,,,,770,49887,218,15:08.3,,,
4305,IDJKT,JKT64,MRTU2246056,,,,,,20,GP,,,,,,,,,F,,,,,,,,,,,,,26-08-2026 14:49,,,,770,49886,218,15:07.9,,,
1518,IDJKT,JKT64,GESU3591004,HT23,1A,9,3,3,20,GP,,,,,,,,,F,,,,,,,,,,,,,8/8/2026 15:00,,,,770,47696,218,04:42.5,,,
1519,IDJKT,JKT64,MRTU2265884,HT 05,2A,2,1,2,20,GP,,,,,,,,,F,,,,,,,,,,,,,8/8/2026 11:06,,,,770,47696,218,04:42.5,,,
4341,IDJKT,JKT64,MRTU2314335,,,,,,20,GP,,,,,,,,,F,,,,,,,,,,,,,26-08-2026 14:29,,,,770,49886,218,15:07.9,,,
1521,IDJKT,JKT64,OOLU1762179,Ht28,2A,11,6,3,20,GP,,,,,,,,,F,,,,,,,,,,,,,8/8/2026 13:38,,,,770,47696,218,04:42.5,,,
1522,IDJKT,JKT64,MRTU2082055,HT23,1a,9,3,4,20,GP,,,,,,,,,F,,,,,,,,,,,,,8/8/2026 15:01,,,,770,47696,218,04:42.5,,,
1523,IDJKT,JKT64,MRTU2298147,B9691 Uiw,1A,6,4,1,20,GP,,,,,,,,,F,,,,,,,,,,,,,8/8/2026 9:51,,,,770,47696,218,04:42.5,,,
1524,IDJKT,JKT64,TEMU5972778,HT 12,1A,10,4,3,20,GP,,,,,,,,,F,,,,,,,,,,,,,8/8/2026 14:49,,,,770,47696,218,04:42.5,,,
1525,IDJKT,JKT64,MRTU2052092,HT05,2A,9,2,2,20,GP,,,,,,,,,F,,,,,,,,,,,,,8/8/2026 9:04,,,,770,47696,218,04:42.5,,,
1526,IDJKT,JKT64,MRTU2133759,HT12,1A,10,4,4,20,GP,,,,,,,,,F,,,,,,,,,,,,,8/8/2026 14:50,,,,770,47696,218,04:42.5,,,
1527,IDJKT,JKT64,MRTU2135474,HT19,2A,10,4,1,20,GP,,,,,,,,,F,,,,,,,,,,,,,8/8/2026 8:53,,,,770,47696,218,04:42.5,,,
1528,IDJKT,JKT64,MRTU2127226,HT02,2A,7,3,4,20,GP,,,,,,,,,F,,,,,,,,,,,,,8/8/2026 10:41,,,,770,47696,218,04:42.5,,,
1529,IDJKT,JKT64,MRTU2107678,HT01,2A,8,3,4,20,GP,,,,,,,,,E,,,,,,,,,,,,,8/8/2026 14:20,,,,770,47696,218,04:42.5,,,
1530,IDJKT,JKT64,MRTU2182780,HT 05,2A,2,1,1,20,GP,,,,,,,,,F,,,,,,,,,,,,,8/8/2026 11:05,,,,770,47696,218,04:42.5,,,
1531,IDJKT,JKT64,MRTU2077193,HT21,1A,10,6,3,20,GP,,,,,,,,,E,,,,,,,,,,,,,8/8/2026 14:41,,,,770,47696,218,04:42.5,,,
1532,IDJKT,JKT64,MRTU2009033,HT01,2A,8,3,3,20,GP,,,,,,,,,F,,,,,,,,,,,,,8/8/2026 14:19,,,,770,47696,218,04:42.5,,,
3060,IDJKT,JKT74,MRTU2179750,,,,,,20,GP,,,,,,,,,E,,,,,,,,,,,,,10/8/2026 3:43,,,,770,47842,219,07:14.3,,,
3061,IDJKT,JKT74,TRHU2177381,,,,,,20,GP,,,,,,,,,E,,,,,,,,,,,,,10/8/2026 3:11,,,,770,47842,219,07:14.3,,,
3062,IDJKT,JKT74,MRLU2318250,,,,,,20,EC,,,,,,,,,E,,,,,,,,,,,,,10/8/2026 0:25,,,,770,47842,219,07:14.3,,,
4449,IDJKT,JKT64,FCIU4573504,HT 21,2A,9,2,2,20,GP,,,,,,,,,F,,,,,,,,,,,,,26-08-2026 11:06,,,,770,49887,218,15:08.3,,,
1538,IDJKT,JKT64,MRTU2213920,Ht02,2A,10,6,3,20,GP,,,,,,,,,F,,,,,,,,,,,,,8/8/2026 8:59,,,,770,47696,218,04:42.5,,,
1539,IDJKT,JKT64,MRTU2256990,HT20,2A,10,4,3,20,GP,,,,,,,,,F,,,,,,,,,,,,,8/8/2026 8:55,,,,770,47696,218,04:42.5,,,
5974,IDJKT,JKT64,MRTU2254508,Ht04,3A,17,3,5,20,GP,,,,,,,,,F,Ada,,,,,,,,,,,,28-08-2026 16:34,,,,770,50169,218,57:52.4,,,
4451,IDJKT,JKT64,FFAU2686823,HT19,2A,14,1,3,,HC,,,,,,,,,E,,,,,,,,,,,,,26-08-2026 15:16,,,,770,49887,218,15:08.3,,,
1542,IDJKT,JKT64,MRTU2099084,HT05,1A,5,1,2,20,GP,,,,,,,,,F,,,,,,,,,,,,,8/8/2026 11:37,,,,770,47696,218,04:42.5,,,
1543,IDJKT,JKT64,MRTU2294630,HT24,2A,7,4,1,20,GP,,,,,,,,,F,,,,,,,,,,,,,8/8/2026 10:33,,,,770,47696,218,04:42.5,,,
5975,IDJKT,JKT64,MRTU2191117,Ht02,3A,13,5,4,20,GP,,,,,,,,,F,Ada,,,,,,,,,,,,28-08-2026 16:12,,,,770,50169,218,57:52.4,,,
1545,IDJKT,JKT64,MRTU2061140,HT22,2A,7,4,3,20,GP,,,,,,,,,F,,,,,,,,,,,,,8/8/2026 10:38,,,,770,47696,218,04:42.5,,,
5976,IDJKT,JKT64,MRTU2169999,Ht10,3A,13,6,3,20,GP,,,,,,,,,F,Ada,,,,,,,,,,,,28-08-2026 16:05,,,,770,50169,218,57:52.4,,,
1547,IDJKT,JKT64,MRTU2102892,HT04,2a,7,2,4,20,GP,,,,,,,,,F,,,,,,,,,,,,,8/8/2026 10:43,,,,770,47696,218,04:42.5,,,
1548,IDJKT,JKT64,MRTU2281967,HT 22,2A,7,3,3,20,GP,,,,,,,,,E,,,,,,,,,,,,,8/8/2026 10:37,,,,770,47696,218,04:42.5,,,
1549,IDJKT,JKT64,MRTU2031910,HT05,2A,9,2,1,20,GP,,,,,,,,,F,,,,,,,,,,,,,8/8/2026 9:03,,,,770,47696,218,04:42.5,,,
1550,IDJKT,JKT64,MRTU2029195,HT08,2A,8,1,1,20,GP,,,,,,,,,F,,,,,,,,,,,,,8/8/2026 10:52,,,,770,47696,218,04:42.5,,,
1551,IDJKT,JKT64,MRTU2192860,Ht02,2A,10,6,4,20,GP,,,,,,,,,F,,,,,,,,,,,,,8/8/2026 9:02,,,,770,47696,218,04:42.5,,,
3064,IDJKT,JKT74,MRTU2046510,,,,,,20,GP,,,,,,,,,E,,,,,,,,,,,,,10/8/2026 6:11,,,,770,47842,219,07:14.3,,,
1553,IDJKT,JKT64,MRTU2328811,B9984 Ufy,2A,7,1,1,20,GP,,,,,,,,,F,,,,,,,,,,,,,8/8/2026 8:50,,,,770,47696,218,04:42.5,,,
5977,IDJKT,JKT64,CMAU2864399,Ht06,3A,17,2,1,20,GP,,,,,,,,,F,Ada,,,,,,,,,,,,28-08-2026 16:27,,,,770,50169,218,57:52.4,,,
1556,IDJKT,JKT64,MRTU2224519,Ht03,2A,1,5,1,20,GP,,,,,,,,,F,,,,,,,,,,,,,8/8/2026 11:00,,,,770,47696,218,04:42.5,,,
1557,IDJKT,JKT64,MRTU2195010,B9333pB,1A,10,4,1,20,GP,,,,,,,,,F,,,,,,,,,,,,,8/8/2026 9:43,,,,770,47696,218,04:42.5,,,
1558,IDJKT,JKT64,TLLU2820392,B9884 FEH,2A,2,6,4,20,GP,,,,,,,,,F,,,,,,,,,,,,,8/8/2026 9:54,,,,770,47696,218,04:42.5,,,
3066,IDJKT,JKT74,MRTU2141348,,,,,,20,GP,,,,,,,,,E,,,,,,,,,,,,,10/8/2026 5:29,,,,770,47842,219,07:14.3,,,
3067,IDJKT,JKT74,MRTU2300732,,,,,,20,GP,,,,,,,,,E,,,,,,,,,,,,,10/8/2026 7:42,,,,770,47842,219,07:14.3,,,
1561,IDJKT,JKT64,MRTU2085326,HT09,1A,10,3,3,20,GP,,,,,,,,,E,,,,,,,,,,,,,8/8/2026 14:33,,,,770,47696,218,04:42.5,,,
3068,IDJKT,JKT74,MRTU2220431,,,,,,20,GP,,,,,,,,,E,,,,,,,,,,,,,10/8/2026 6:36,,,,770,47842,219,07:14.3,,,
3069,IDJKT,JKT74,MRTU2203650,,,,,,20,GP,,,,,,,,,E,,,,,,,,,,,,,10/8/2026 6:37,,,,770,47842,219,07:14.3,,,
1565,IDJKT,JKT64,MRTU2325751,HT18,1A,9,2,2,20,GP,,,,,,,,,F,,,,,,,,,,,,,8/8/2026 15:05,,,,770,47696,218,04:42.5,,,
3071,IDJKT,JKT74,HPCU2983866,,,,,,20,GP,,,,,,,,,E,,,,,,,,,,,,,10/8/2026 6:22,,,,770,47842,219,07:14.3,,,
5978,IDJKT,JKT64,MRTU2187821,Ht10,3A,13,6,4,20,GP,,,,,,,,,F,Ada,,,,,,,,,,,,28-08-2026 16:07,,,,770,50169,218,57:52.4,,,
1568,IDJKT,JKT64,MRTU2199294,Ht06,2A,1,5,2,20,GP,,,,,,,,,F,,,,,,,,,,,,,8/8/2026 11:01,,,,770,47696,218,04:42.5,,,
1569,IDJKT,JKT64,MRTU2170412,HT09,1A,10,3,4,20,GP,,,,,,,,,E,,,,,,,,,,,,,8/8/2026 14:34,,,,770,47696,218,04:42.5,,,
1570,IDJKT,JKT64,MRTU2052092,HT05,2a,1,6,1,20,GP,,,,,,,,,F,,,,,,,,,,,,,8/8/2026 9:09,,,,770,47696,218,04:42.5,,,
1571,IDJKT,JKT64,MRLU2384375,HT29,2A,8,3,2,20,GP,,,,,,,,,E,,,,,,,,,,,,,8/8/2026 14:17,,,,770,47696,218,04:42.5,,,
1579,IDJKT,JKT74,MRTU9624311,,,,,,40,HC,,,,,,,,,E,,,,,,,,,,,,,8/8/2026 20:11,,,,770,47710,Cy219,04:54.7,,,
7100,IDJKT,JKT64,MRTU2027206,,,,,,20,GP,,,,,,,,,F,,,,,,,,,,,,,31-08-2026 19:39,,,,770,50505,218,07:53.3,,,
7101,IDJKT,JKT64,MRTU2248486,,,,,,20,GP,,,,,,,,,F,,,,,,,,,,,,,31-08-2026 17:23,,,,770,50505,218,07:53.3,,,
7102,IDJKT,JKT64,MRTU2127695,,,,,,20,GP,,,,,,,,,F,,,,,,,,,,,,,31-08-2026 17:35,,,,770,50505,218,07:53.3,,,
3072,IDJKT,JKT74,MRTU2111913,,,,,,20,GP,,,,,,,,,E,,,,,,,,,,,,,10/8/2026 1:21,,,,770,47842,219,07:14.3,,,
5988,IDJKT,JKT64,MRTU2184674,7,,,,,20,GP,,,,,,,,,F,,,,,,,,,,,,,28-08-2026 16:33,,,,770,50173,Cy218,57:52.6,,,
5980,IDJKT,JKT64,HPCU2206660,Ht04,3A,2,3,1,20,GP,,,,,,,,,F,Ada,,,,,,,,,,,,28-08-2026 17:12,,,,770,50169,218,57:52.4,,,
3074,IDJKT,JKT74,TCLU3879226,,,,,,20,GP,,,,,,,,,E,,,,,,,,,,,,,10/8/2026 3:27,,,,770,47842,219,07:14.3,,,
3075,IDJKT,JKT74,MRTU2171234,,,,,,20,GP,,,,,,,,,E,,,,,,,,,,,,,10/8/2026 1:43,,,,770,47842,219,07:14.3,,,
3076,IDJKT,JKT74,MRTU2196320,,,,,,20,GP,,,,,,,,,E,,,,,,,,,,,,,10/8/2026 2:02,,,,770,47842,219,07:14.3,,,
5981,IDJKT,JKT64,MRTU2168499,Ht06,1A,9,3,3,20,GP,,,,,,,,,E,,,,,,,,,,,,,28-08-2026 18:20,,,,770,50179,218,57:52.5,,,
5982,IDJKT,JKT64,SEGU3956072,Ht05,1A,10,3,1,20,GP,,,,,,,,,F,,,,,,,,,,,,,28-08-2026 18:18,,,,770,50179,218,57:52.5,,,
3079,IDJKT,JKT74,MRTU2259006,,,,,,20,GP,,,,,,,,,E,,,,,,,,,,,,,10/8/2026 6:30,,,,770,47842,219,07:14.3,,,
3080,IDJKT,JKT74,MRTU2224627,,,,,,20,GP,,,,,,,,,E,,,,,,,,,,,,,10/8/2026 3:23,,,,770,47842,219,07:14.3,,,
3082,IDJKT,JKT74,MRTU2198256,,,,,,20,GP,,,,,,,,,E,,,,,,,,,,,,,10/8/2026 2:01,,,,770,47842,219,07:14.3,,,
3083,IDJKT,JKT74,MRTU2199252,,,,,,20,GP,,,,,,,,,E,,,,,,,,,,,,,10/8/2026 1:54,,,,770,47842,219,07:14.3,,,
7103,IDJKT,JKT74,MRTU2086214,,,,,,20,GP,,,,,,,,,E,,,,,,,,,,,,,31-08-2026 16:15,,,,770,50506,Cy219,07:53.3,,,
3085,IDJKT,JKT74,MRTU2096568,,,,,,20,GP,,,,,,,,,E,,,,,,,,,,,,,10/8/2026 3:38,,,,770,47842,219,07:14.3,,,
3086,IDJKT,JKT74,MRTU2159033,,,,,,20,GP,,,,,,,,,E,,,,,,,,,,,,,10/8/2026 3:30,,,,770,47842,219,07:14.3,,,
4464,IDJKT,JKT64,TRHU1117027,HT 20,2A,5,3,1,20,GP,,,,,,,,,F,,,,,,,,,,,,,26-08-2026 10:26,,,,770,49887,218,15:08.3,,,
3088,IDJKT,JKT74,MRTU2236715,,,,,,20,GP,,,,,,,,,E,,,,,,,,,,,,,10/8/2026 7:39,,,,770,47842,219,07:14.3,,,
3089,IDJKT,JKT74,MRTU2113367,,,,,,20,GP,,,,,,,,,E,,,,,,,,,,,,,10/8/2026 6:17,,,,770,47842,219,07:14.3,,,
3091,IDJKT,JKT74,MRTU2173319,,,,,,20,GP,,,,,,,,,E,,,,,,,,,,,,,10/8/2026 2:04,,,,770,47842,219,07:14.3,,,
5986,IDJKT,JKT64,MRTU2188793,Ht05,1A,10,3,2,20,GP,,,,,,,,,F,,,,,,,,,,,,,28-08-2026 18:19,,,,770,50179,218,57:52.5,,,
3095,IDJKT,JKT74,MRTU2289398,,,,,,20,GP,,,,,,,,,E,,,,,,,,,,,,,10/8/2026 2:58,,,,770,47842,219,07:14.3,,,
3096,IDJKT,JKT74,MRTU2236124,,,,,,20,GP,,,,,,,,,E,,,,,,,,,,,,,10/8/2026 6:29,,,,770,47842,219,07:14.3,,,
3099,IDJKT,JKT74,MRTU2151686,,,,,,20,GP,,,,,,,,,E,,,,,,,,,,,,,10/8/2026 3:21,,,,770,47842,219,07:14.3,,,
3101,IDJKT,JKT74,HPCU2224900,,,,,,20,GP,,,,,,,,,E,,,,,,,,,,,,,10/8/2026 2:03,,,,770,47842,219,07:14.3,,,
3102,IDJKT,JKT74,MRTU2183153,,,,,,20,GP,,,,,,,,,E,,,,,,,,,,,,,10/8/2026 1:58,,,,770,47842,219,07:14.3,,,
3103,IDJKT,JKT74,MRTU2250668,,,,,,20,GP,,,,,,,,,E,,,,,,,,,,,,,10/8/2026 1:59,,,,770,47842,219,07:14.3,,,
3104,IDJKT,JKT74,MRTU2054834,,,,,,20,GP,,,,,,,,,E,,,,,,,,,,,,,10/8/2026 3:25,,,,770,47842,219,07:14.3,,,
3105,IDJKT,JKT74,MRTU2260748,,,,,,20,GP,,,,,,,,,E,,,,,,,,,,,,,10/8/2026 6:48,,,,770,47842,219,07:14.3,,,
3106,IDJKT,JKT74,FCIU6080364,,,,,,20,GP,,,,,,,,,E,,,,,,,,,,,,,10/8/2026 3:28,,,,770,47842,219,07:14.3,,,
3107,IDJKT,JKT74,FCIU6081890,,,,,,20,GP,,,,,,,,,E,,,,,,,,,,,,,10/8/2026 6:46,,,,770,47842,219,07:14.3,,,
3108,IDJKT,JKT74,MRTU2274525,,,,,,20,GP,,,,,,,,,E,,,,,,,,,,,,,10/8/2026 3:13,,,,770,47842,219,07:14.3,,,
3110,IDJKT,JKT74,MRTU2169432,,,,,,20,GP,,,,,,,,,E,,,,,,,,,,,,,10/8/2026 1:43,,,,770,47842,219,07:14.3,,,
3111,IDJKT,JKT74,MRTU2336843,,,,,,20,GP,,,,,,,,,E,,,,,,,,,,,,,10/8/2026 2:00,,,,770,47842,219,07:14.3,,,
3113,IDJKT,JKT74,MRTU2232237,,,,,,,GP,,,,,,,,,E,,,,,,,,,,,,,10/8/2026 6:23,,,,770,47842,219,07:14.3,,,
3114,IDJKT,JKT74,MRTU2186002,,,,,,20,GP,,,,,,,,,E,,,,,,,,,,,,,10/8/2026 5:58,,,,770,47842,219,07:14.3,,,
3115,IDJKT,JKT74,MRTU2349809,,,,,,20,GP,,,,,,,,,E,,,,,,,,,,,,,10/8/2026 7:39,,,,770,47842,219,07:14.3,,,
3116,IDJKT,JKT74,FCIU6080467,,,,,,20,GP,,,,,,,,,E,,,,,,,,,,,,,10/8/2026 6:17,,,,770,47842,219,07:14.3,,,
3119,IDJKT,JKT74,MRTU2144692,,,,,,20,GP,,,,,,,,,E,,,,,,,,,,,,,10/8/2026 3:21,,,,770,47842,219,07:14.3,,,
3120,IDJKT,JKT74,MRTU2253292,,,,,,20,GP,,,,,,,,,E,,,,,,,,,,,,,10/8/2026 2:57,,,,770,47842,219,07:14.3,,,
3121,IDJKT,JKT74,CRXU1535659,,,,,,20,GP,,,,,,,,,E,,,,,,,,,,,,,10/8/2026 5:27,,,,770,47842,219,07:14.3,,,
3122,IDJKT,JKT74,MRLU3215180,,,,,,20,EC,,,,,,,,,E,,,,,,,,,,,,,10/8/2026 0:48,,,,770,47842,219,07:14.3,,,
3124,IDJKT,JKT74,MRTU2124470,,,,,,20,GP,,,,,,,,,E,,,,,,,,,,,,,10/8/2026 2:01,,,,770,47842,219,07:14.3,,,
3125,IDJKT,JKT74,MRTU2204600,,,,,,20,GP,,,,,,,,,E,,,,,,,,,,,,,10/8/2026 7:45,,,,770,47842,219,07:14.3,,,
3126,IDJKT,JKT74,MRTU2171928,,,,,,20,GP,,,,,,,,,E,,,,,,,,,,,,,10/8/2026 6:28,,,,770,47842,219,07:14.3,,,
3127,IDJKT,JKT74,MRTU2242873,,,,,,20,GP,,,,,,,,,E,,,,,,,,,,,,,10/8/2026 7:45,,,,770,47842,219,07:14.3,,,
3129,IDJKT,JKT74,MRTU2167764,,,,,,20,GP,,,,,,,,,E,,,,,,,,,,,,,10/8/2026 3:29,,,,770,47842,219,07:14.3,,,
3130,IDJKT,JKT74,MRTU2098684,,,,,,20,GP,,,,,,,,,E,,,,,,,,,,,,,10/8/2026 1:59,,,,770,47842,219,07:14.3,,,
3131,IDJKT,JKT74,MRLU2302443,,,,,,20,EC,,,,,,,,,E,,,,,,,,,,,,,10/8/2026 0:29,,,,770,47842,219,07:14.3,,,
1580,IDJKT,JKT74,TCNU5236632,,,,,,40,HC,,,,,,,,,E,,,,,,,,,,,,,8/8/2026 20:10,,,,770,47710,Cy219,04:54.7,,,
1581,IDJKT,JKT64,SPNU2925484,HT 25,1A,6,3,1,20,GP,,,,,,,,,E,,,,,,,,,,,,,8/8/2026 19:30,,,,770,47707,218,04:54.8,,,
1582,IDJKT,JKT64,SPNU4642009,HT 24,1A,12,1,1,40,HC,,,,,,,,,E,,,,,,,,,,,,,8/8/2026 19:20,,,,770,47707,218,04:54.8,,,
1583,IDJKT,JKT64,SPNU3070589,HT25,1A,6,3,2,20,GP,,,,,,,,,E,,,,,,,,,,,,,8/8/2026 19:32,,,,770,47707,218,04:54.8,,,
1584,IDJKT,JKT64,TGBU2413863,HT04,2A,10,6,2,20,GP,,,,,,,,,F,,,,,,,,,,,,,8/8/2026 8:58,,,,770,47696,218,04:54.9,,,
3132,IDJKT,JKT74,MRTU2040471,,,,,,20,GP,,,,,,,,,E,,,,,,,,,,,,,10/8/2026 3:25,,,,770,47842,219,07:14.3,,,
1586,IDJKT,JKT64,MRTU2328811,B9984 Ufy,2A,7,1,1,20,GP,,,,,,,,,F,,,,,,,,,,,,,8/8/2026 8:50,,,,770,47696,218,04:54.9,,,
7104,IDJKT,JKT64,MRTU2151536,,,,,,20,GP,,,,,,,,,F,,,,,,,,,,,,,31-08-2026 20:11,,,,770,50517,218,48:07.7,,,
4228,IDJKT,JKT64,MRTU2236572,6,,,,,20,GP,,,,,,,,,F,,,,,,,,,,,,,26-08-2026 13:38,,,,770,49917,218,15:07.7,,,
1589,IDJKT,JKT64,MRTU2224519,Ht03,2A,1,5,1,20,GP,,,,,,,,,F,,,,,,,,,,,,,8/8/2026 11:00,,,,770,47696,218,04:54.9,,,
1590,IDJKT,JKT64,MRTU2195010,B9333pB,1A,10,4,1,20,GP,,,,,,,,,F,,,,,,,,,,,,,8/8/2026 9:43,,,,770,47696,218,04:54.9,,,
1591,IDJKT,JKT64,TLLU2820392,B9884 FEH,2A,2,6,4,20,GP,,,,,,,,,F,,,,,,,,,,,,,8/8/2026 9:54,,,,770,47696,218,04:54.9,,,
5876,IDJKT,JKT64,MRTU2156733,6,,,,,20,GP,,,,,,,,,F,,,,,,,,,,,,,28-08-2026 15:02,,,,770,50163,218,57:32.9,,,
3180,IDJKT,JKT64,MRLU5211007,Ht24,3a,30,5,1,40,HC,,,,,,,,,E,,,,,,,,,,,,,10/8/2026 11:17,,,,770,47907,218,07:37.5,,,
1594,IDJKT,JKT64,MRTU2085326,HT09,1A,10,3,3,20,GP,,,,,,,,,E,,,,,,,,,,,,,8/8/2026 14:33,,,,770,47696,218,04:54.9,,,
3181,IDJKT,JKT64,TXGU8325510,Ht27,3a,32,5,1,40,HC,,,,,,,,,E,,,,,,,,,,,,,10/8/2026 11:18,,,,770,47907,218,07:37.5,,,
3182,IDJKT,JKT64,MRTU9632066,Ht28,3a,40,2,4,40,HC,,,,,,,,,E,,,,,,,,,,,,,10/8/2026 10:54,,,,770,47907,218,07:37.5,,,
3183,IDJKT,JKT64,MRTU9619280,Ht06,3a,30,1,2,40,HC,,,,,,,,,E,,,,,,,,,,,,,10/8/2026 11:04,,,,770,47907,218,07:37.5,,,
1598,IDJKT,JKT64,MRTU2325751,HT18,1A,9,2,2,20,GP,,,,,,,,,F,,,,,,,,,,,,,8/8/2026 15:05,,,,770,47696,218,04:54.9,,,
5993,IDJKT,JKT64,MRTU2073834,7,1b,,,,20,GP,,,,,,,,,E,,,,,,,,,,,,,28-08-2026 16:54,,,,770,50173,218,57:52.6,,,
1601,IDJKT,JKT64,MRTU2199294,Ht06,2A,1,5,2,20,GP,,,,,,,,,F,,,,,,,,,,,,,8/8/2026 11:01,,,,770,47696,218,04:54.9,,,
1602,IDJKT,JKT64,SPNU3133650,B9255 Uwx,2A,2,6,2,20,GP,,,,,,,,,F,,,,,,,,,,,,,8/8/2026 9:24,,,,770,47696,218,04:54.9,,,
1603,IDJKT,JKT64,MAGU2493934,B9217 Feh,2A,2,6,3,20,GP,,,,,,,,,F,,,,,,,,,,,,,8/8/2026 9:42,,,,770,47696,218,04:54.9,,,
1605,IDJKT,JKT64,MRTU2245384,B 9422 Uokl,,,,,20,GP,,,,,,,,,F,,,,,,,,,,,,,8/8/2026 9:31,,,,770,47696,218,04:54.9,,,
3185,IDJKT,JKT64,MRTU2282752,Ht12,3a,36,4,4,20,GP,,,,,,,,,F,,,,,,,,,,,,,10/8/2026 9:25,,,,770,47907,218,07:37.5,,,
7082,IDJKT,JKT64,MRTU2348572,,,,,,20,GP,,,,,,,,,F,,,,,,,,,,,,,31-08-2026 10:02,,,,770,50503,218,57:34.6,,,
7084,IDJKT,JKT64,DFSU3191753,,,,,,20,GP,,,,,,,,,F,,,,,,,,,,,,,31-08-2026 14:23,,,,770,50503,218,57:34.6,,,
1609,IDJKT,JKT64,GESU3591004,HT23,1A,9,3,3,20,GP,,,,,,,,,F,,,,,,,,,,,,,8/8/2026 15:00,,,,770,47696,218,04:54.9,,,
1610,IDJKT,JKT64,MRTU2265884,HT 05,2A,2,1,2,20,GP,,,,,,,,,F,,,,,,,,,,,,,8/8/2026 11:06,,,,770,47696,218,04:54.9,,,
1611,IDJKT,JKT64,MRLU2340145,HT20,2A,10,4,4,20,GP,,,,,,,,,F,,,,,,,,,,,,,8/8/2026 8:55,,,,770,47696,218,04:54.9,,,
1612,IDJKT,JKT64,OOLU1762179,Ht28,2A,11,6,3,20,GP,,,,,,,,,F,,,,,,,,,,,,,8/8/2026 13:38,,,,770,47696,218,04:54.9,,,
1613,IDJKT,JKT64,MRTU2082055,HT23,1a,9,3,4,20,GP,,,,,,,,,F,,,,,,,,,,,,,8/8/2026 15:01,,,,770,47696,218,04:54.9,,,
1614,IDJKT,JKT64,MRTU2298147,B9691 Uiw,1A,6,4,1,20,GP,,,,,,,,,F,,,,,,,,,,,,,8/8/2026 9:51,,,,770,47696,218,04:54.9,,,
1615,IDJKT,JKT64,TEMU5972778,HT 12,1A,10,4,3,20,GP,,,,,,,,,F,,,,,,,,,,,,,8/8/2026 14:49,,,,770,47696,218,04:54.9,,,
1616,IDJKT,JKT64,MRTU2052092,HT05,2A,9,2,2,20,GP,,,,,,,,,F,,,,,,,,,,,,,8/8/2026 9:04,,,,770,47696,218,04:54.9,,,
1617,IDJKT,JKT64,MRTU2133759,HT12,1A,10,4,4,20,GP,,,,,,,,,F,,,,,,,,,,,,,8/8/2026 14:50,,,,770,47696,218,04:54.9,,,
1618,IDJKT,JKT64,MRTU2135474,HT19,2A,10,4,1,20,GP,,,,,,,,,F,,,,,,,,,,,,,8/8/2026 8:53,,,,770,47696,218,04:54.9,,,
1619,IDJKT,JKT64,MRTU2127226,HT02,2A,7,3,4,20,GP,,,,,,,,,F,,,,,,,,,,,,,8/8/2026 10:41,,,,770,47696,218,04:54.9,,,
1620,IDJKT,JKT64,MRTU2107678,HT01,2A,8,3,4,20,GP,,,,,,,,,E,,,,,,,,,,,,,8/8/2026 14:20,,,,770,47696,218,04:54.9,,,
1621,IDJKT,JKT64,MRTU2182780,HT 05,2A,2,1,1,20,GP,,,,,,,,,F,,,,,,,,,,,,,8/8/2026 11:05,,,,770,47696,218,04:54.9,,,
1622,IDJKT,JKT64,MRTU2077193,HT21,1A,10,6,3,20,GP,,,,,,,,,E,,,,,,,,,,,,,8/8/2026 14:41,,,,770,47696,218,04:54.9,,,
1623,IDJKT,JKT64,MRTU2009033,HT01,2A,8,3,3,20,GP,,,,,,,,,F,,,,,,,,,,,,,8/8/2026 14:19,,,,770,47696,218,04:54.9,,,
3186,IDJKT,JKT64,MRTU2171337,Ht17,3a,36,2,3,20,GP,,,,,,,,,F,,,,,,,,,,,,,10/8/2026 9:07,,,,770,47907,218,07:37.5,,,
3187,IDJKT,JKT64,MRTU2282520,Ht17,3a,35,3,4,20,GP,,,,,,,,,F,,,,,,,,,,,,,10/8/2026 8:49,,,,770,47907,218,07:37.5,,,
3188,IDJKT,JKT64,SEGU4703090,Ht15,3a,46,3,1,40,HC,,,,,,,,,E,,,,,,,,,,,,,10/8/2026 11:19,,,,770,47907,218,07:37.5,,,
3189,IDJKT,JKT64,MRLU5213376,Ht18,3a,30,1,1,40,HC,,,,,,,,,E,,,,,,,,,,,,,10/8/2026 11:03,,,,770,47907,218,07:37.5,,,
7105,IDJKT,JKT64,MRTU2221818,,,,,,20,GP,,,,,,,,,F,,,,,,,,,,,,,31-08-2026 19:06,,,,770,50517,218,48:07.7,,,
1629,IDJKT,JKT64,MRTU2213920,Ht02,2A,10,6,3,20,GP,,,,,,,,,F,,,,,,,,,,,,,8/8/2026 8:59,,,,770,47696,218,04:54.9,,,
1630,IDJKT,JKT64,MRTU2256990,HT20,2A,10,4,3,20,GP,,,,,,,,,F,,,,,,,,,,,,,8/8/2026 8:55,,,,770,47696,218,04:54.9,,,
7106,IDJKT,JKT64,MRTU2032584,,,,,,20,GP,,,,,,,,,F,,,,,,,,,,,,,31-08-2026 16:22,,,,770,50517,218,48:07.7,,,
3190,IDJKT,JKT64,MRTU2238087,Ht12,3a,35,1,4,20,GP,,,,,,,,,F,,,,,,,,,,,,,10/8/2026 8:41,,,,770,47907,218,07:37.5,,,
1633,IDJKT,JKT64,MRTU2170412,HT09,1A,10,3,4,20,GP,,,,,,,,,E,,,,,,,,,,,,,8/8/2026 14:34,,,,770,47696,218,04:54.9,,,
1634,IDJKT,JKT64,MRTU2052092,HT05,2a,1,6,1,20,GP,,,,,,,,,F,,,,,,,,,,,,,8/8/2026 9:09,,,,770,47696,218,04:54.9,,,
1635,IDJKT,JKT64,MRLU2384375,HT29,2A,8,3,2,20,GP,,,,,,,,,E,,,,,,,,,,,,,8/8/2026 14:17,,,,770,47696,218,04:54.9,,,
1636,IDJKT,JKT64,MRTU2140228,Ht03,2a,1,6,3,20,GP,,,,,,,,,F,,,,,,,,,,,,,8/8/2026 9:11,,,,770,47696,218,04:54.9,,,
3191,IDJKT,JKT64,MRTU2260413,Ht12,3a,36,1,4,20,GP,,,,,,,,,F,,,,,,,,,,,,,10/8/2026 9:02,,,,770,47907,218,07:37.5,,,
5995,IDJKT,JKT64,MRTU2261847,6,1b,,,,20,GP,,,,,,,,,F,,,,,,,,,,,,,28-08-2026 16:59,,,,770,50173,218,57:52.6,,,
7107,IDJKT,JKT64,MRTU2307038,,,,,,20,GP,,,,,,,,,F,,,,,,,,,,,,,31-08-2026 22:58,,,,770,50517,218,48:07.7,,,
1637,IDJKT,JKT64,MRTU2158757,HT 08,2A,8,1,2,20,GP,,,,,,,,,F,,,,,,,,,,,,,8/8/2026 10:53,,,,770,47696,218,04:54.9,,,
7108,IDJKT,JKT64,MRTU2258822,,,,,,20,GP,,,,,,,,,F,,,,,,,,,,,,,31-08-2026 19:59,,,,770,50517,218,48:07.7,,,
1639,IDJKT,JKT64,MRTU2029092,HT 02,1A,10,3,2,20,GP,,,,,,,,,F,,,,,,,,,,,,,8/8/2026 14:25,,,,770,47696,218,04:54.9,,,
7109,IDJKT,JKT64,MRTU2067003,,,,,,20,GP,,,,,,,,,F,,,,,,,,,,,,,31-08-2026 16:21,,,,770,50517,218,48:07.7,,,
6409,IDJKT,JKT64,MRTU2019999,Ht10,3a,23,,,20,GP,,,,,,,,,F,,,,,,,,,,,,,30-08-2026 01:52,,,,770,50307,218,00:30.5,,,
6410,IDJKT,JKT64,SPNU4625927,Ht06,3a,12,,,40,HC,,,,,,,,,E,,,,,,,,,,,,,30-08-2026 05:58,,,,770,50307,218,00:30.5,,,
1643,IDJKT,JKT64,MRTU2245888,L8210 Up,,,,,20,GP,,,,,,,,,F,,,,,,,,,,,,,8/8/2026 8:51,,,,770,47696,218,04:54.9,,,
1645,IDJKT,JKT64,MRTU2122991,HT05,1A,5,1,1,20,GP,,,,,,,,,F,,,,,,,,,,,,,8/8/2026 11:36,,,,770,47696,218,04:54.9,,,
1646,IDJKT,JKT64,SITU2869618,HT28,,,,,20,GP,,,,,,,,,F,,,,,,,,,,,,,8/8/2026 15:26,,,,770,47696,218,04:54.9,,,
7110,IDJKT,JKT64,MRTU2067003,,,,,,20,GP,,,,,,,,,F,,,,,,,,,,,,,31-08-2026 19:21,,,,770,50517,218,48:07.7,,,
1648,IDJKT,JKT64,SEKU1619293,HT 08,2A,7,3,1,20,GP,,,,,,,,,F,,,,,,,,,,,,,8/8/2026 10:29,,,,770,47696,218,04:54.9,,,
1649,IDJKT,JKT64,MRTU2147536,HT 04,2A,7,5,3,20,GP,,,,,,,,,F,,,,,,,,,,,,,8/8/2026 10:44,,,,770,47696,218,04:54.9,,,
1650,IDJKT,JKT64,MRTU2099654,HT04,2A,10,6,1,20,GP,,,,,,,,,F,,,,,,,,,,,,,8/8/2026 8:58,,,,770,47696,218,04:54.9,,,
3137,IDJKT,JKT64,TEGU3069551,H08,2A,11,5,1,20,GP,,,,,,,,,E,,,,,,,,,,,,,10/8/2026 6:05,,,,770,47893,218,07:22.4,,,
1652,IDJKT,JKT64,MRTU2099084,HT05,1A,5,1,2,20,GP,,,,,,,,,F,,,,,,,,,,,,,8/8/2026 11:37,,,,770,47696,218,04:54.9,,,
1653,IDJKT,JKT64,MRTU2294630,HT24,2A,7,4,1,20,GP,,,,,,,,,F,,,,,,,,,,,,,8/8/2026 10:33,,,,770,47696,218,04:54.9,,,
6412,IDJKT,JKT64,MRTU2090030,Ht19,3a,23,,,20,GP,,,,,,,,,F,,,,,,,,,,,,,30-08-2026 01:07,,,,770,50307,218,00:30.5,,,
1655,IDJKT,JKT64,MRTU2061140,HT22,2A,7,4,3,20,GP,,,,,,,,,F,,,,,,,,,,,,,8/8/2026 10:38,,,,770,47696,218,04:54.9,,,
1657,IDJKT,JKT64,MRTU2102892,HT04,2a,7,2,4,20,GP,,,,,,,,,F,,,,,,,,,,,,,8/8/2026 10:43,,,,770,47696,218,04:54.9,,,
1658,IDJKT,JKT64,MRTU2281967,HT 22,2A,7,3,3,20,GP,,,,,,,,,E,,,,,,,,,,,,,8/8/2026 10:37,,,,770,47696,218,04:54.9,,,
1659,IDJKT,JKT64,MRTU2031910,HT05,2A,9,2,1,20,GP,,,,,,,,,F,,,,,,,,,,,,,8/8/2026 9:03,,,,770,47696,218,04:54.9,,,
1660,IDJKT,JKT64,MRTU2029195,HT08,2A,8,1,1,20,GP,,,,,,,,,F,,,,,,,,,,,,,8/8/2026 10:52,,,,770,47696,218,04:54.9,,,
1661,IDJKT,JKT64,MRTU2192860,Ht02,2A,10,6,4,20,GP,,,,,,,,,F,,,,,,,,,,,,,8/8/2026 9:02,,,,770,47696,218,04:54.9,,,
7111,IDJKT,JKT64,MRTU2005594,,,,,,20,GP,,,,,,,,,F,,,,,,,,,,,,,31-08-2026 22:58,,,,770,50517,218,48:07.7,,,
7112,IDJKT,JKT64,MRTU2222814,,,,,,20,GP,,,,,,,,,F,,,,,,,,,,,,,31-08-2026 17:54,,,,770,50517,218,48:07.7,,,
1664,IDJKT,JKT64,SPNU3217031,B9333uiy,3A,2,3,4,20,GP,,,,,,,,,F,Asa,,,,,,,,,,,,8/8/2026 16:23,,,,770,47694,218,04:55.2,,,
1665,IDJKT,JKT64,SPNU3067800,B9756uiv,3A,2,2,1,20,GP,,,,,,,,,F,Ada,,,,,,,,,,,,8/8/2026 16:27,,,,770,47694,218,04:55.2,,,
1666,IDJKT,JKT64,SPNU3114753,B9157jz,3A,2,3,3,20,GP,,,,,,,,,F,Ada,,,,,,,,,,,,8/8/2026 16:22,,,,770,47694,218,04:55.2,,,
1667,IDJKT,JKT64,SPNU2982782,B9157jz,3A,2,3,2,20,GP,,,,,,,,,F,Ada,,,,,,,,,,,,8/8/2026 16:21,,,,770,47694,218,04:55.2,,,
1668,IDJKT,JKT64,SPNU2886393,B9137mj,3A,2,2,3,20,GP,,,,,,,,,F,Ada,,,,,,,,,,,,8/8/2026 17:07,,,,770,47694,218,04:55.2,,,
1669,IDJKT,JKT64,SPNU2916862,B9823uiy,3A,2,3,1,20,GP,,,,,,,,,F,Ada,,,,,,,,,,,,8/8/2026 16:20,,,,770,47694,218,04:55.2,,,
1670,IDJKT,JKT64,SPNU2899385,B9137mj,3A,2,2,3,20,GP,,,,,,,,,F,Ada,,,,,,,,,,,,8/8/2026 17:08,,,,770,47694,218,04:55.2,,,
1671,IDJKT,JKT64,SPNU2930650,,3a,26,4,1,20,GP,,,,,,,,,E,,,,,,,,,,,,,8/8/2026 20:03,,,,770,47705,218,04:55.3,,,
1672,IDJKT,JKT64,SPNU3014409,,3a,26,4,4,20,GP,,,,,,,,,E,,,,,,,,,,,,,8/8/2026 20:06,,,,770,47705,218,04:55.3,,,
1673,IDJKT,JKT64,SPNU2989616,,3a,29,2,1,20,GP,,,,,,,,,E,,,,,,,,,,,,,8/8/2026 20:01,,,,770,47705,218,04:55.3,,,
1674,IDJKT,JKT64,SPNU2875146,,3a,29,3,3,20,GP,,,,,,,,,E,,,,,,,,,,,,,8/8/2026 20:03,,,,770,47705,218,04:55.3,,,
1675,IDJKT,JKT64,SPNU2824196,,3a,29,2,2,20,GP,,,,,,,,,E,,,,,,,,,,,,,8/8/2026 20:02,,,,770,47705,218,04:55.3,,,
1676,IDJKT,JKT64,SPNU3193794,,3a,46,4,2,20,GP,,,,,,,,,E,,,,,,,,,,,,,8/8/2026 20:05,,,,770,47705,218,04:55.3,,,
1677,IDJKT,JKT64,SPNU2850195,,3a,26,4,3,20,GP,,,,,,,,,E,,,,,,,,,,,,,8/8/2026 20:05,,,,770,47705,218,04:55.3,,,
1678,IDJKT,JKT64,SPNU4610845,,3a,40,5,2,40,HC,,,,,,,,,E,,,,,,,,,,,,,8/8/2026 20:17,,,,770,47711,Cy218,04:55.4,,,
1679,IDJKT,JKT64,SPNU4601503,,3a,40,6,3,40,HC,,,,,,,,,E,,,,,,,,,,,,,8/8/2026 20:13,,,,770,47711,Cy218,04:55.4,,,
1680,IDJKT,JKT64,SPNU4652964,,3a,40,5,3,40,HC,,,,,,,,,E,,,,,,,,,,,,,8/8/2026 20:18,,,,770,47711,Cy218,04:55.4,,,
1681,IDJKT,JKT64,SPNU4685485,,3a,40,6,4,40,HC,,,,,,,,,E,,,,,,,,,,,,,8/8/2026 20:15,,,,770,47711,Cy218,04:55.4,,,
1682,IDJKT,JKT64,SPNU4679841,,3a,40,5,1,40,HC,,,,,,,,,E,,,,,,,,,,,,,8/8/2026 20:16,,,,770,47711,Cy218,04:55.4,,,
1683,IDJKT,JKT64,SPNU4623436,,,,,,40,HC,,,,,,,,,E,,,,,,,,,,,,,8/8/2026 21:46,,,,770,47712,218,04:55.6,,,
1684,IDJKT,JKT64,SPNU4649770,,,,,,40,HC,,,,,,,,,E,,,,,,,,,,,,,8/8/2026 21:11,,,,770,47712,218,04:55.6,,,
1685,IDJKT,JKT64,TRHU8912204,,,,,,40,HC,,,,,,,,,F,,,,,,,,,,,,,8/8/2026 21:32,,,,770,47712,218,04:55.6,,,
1686,IDJKT,JKT64,SPNU4634894,,,,,,40,HC,,,,,,,,,F,,,,,,,,,,,,,8/8/2026 21:31,,,,770,47712,218,04:55.6,,,
1687,IDJKT,JKT64,SPNU4623436,,,,,,40,HC,,,,,,,,,E,,,,,,,,,,,,,8/8/2026 21:46,,,,770,47712,218,05:03.7,,,
1688,IDJKT,JKT64,SPNU2800234,,,,,,20,GP,,,,,,,,,E,,,,,,,,,,,,,8/8/2026 22:01,,,,770,47712,218,05:03.7,,,
1689,IDJKT,JKT64,SPNU4649770,,,,,,40,HC,,,,,,,,,E,,,,,,,,,,,,,8/8/2026 21:11,,,,770,47712,218,05:03.7,,,
1690,IDJKT,JKT64,SPNU4655027,,,,,,40,HC,,,,,,,,,E,,,,,,,,,,,,,8/8/2026 22:04,,,,770,47712,218,05:03.7,,,
1691,IDJKT,JKT64,TRHU8912204,,,,,,40,HC,,,,,,,,,F,,,,,,,,,,,,,8/8/2026 21:32,,,,770,47712,218,05:03.7,,,
1692,IDJKT,JKT64,SPNU4634894,,,,,,40,HC,,,,,,,,,F,,,,,,,,,,,,,8/8/2026 21:31,,,,770,47712,218,05:03.7,,,
1693,IDJKT,JKT64,SPNU3129326,,,,,,20,GP,,,,,,,,,E,,,,,,,,,,,,,8/8/2026 22:01,,,,770,47712,218,05:03.7,,,
1694,IDJKT,JKT64,SPNU3168235,Ht21,3a,17,1,2,20,GP,,,,,,,,,E,,,,,,,,,,,,,8/8/2026 20:54,,,,770,47708,218,05:03.9,,,
1696,IDJKT,JKT64,SPNU3094826,Ht22,3a,14,1,3,20,GP,,,,,,,,,E,,,,,,,,,,,,,8/8/2026 21:19,,,,770,47708,218,05:03.9,,,
1697,IDJKT,JKT64,SPNU2983393,Ht23,3a,13,5,3,20,GP,,,,,,,,,E,,,,,,,,,,,,,8/8/2026 22:21,,,,770,47708,218,05:03.9,,,
1698,IDJKT,JKT64,MRTU2122055,Kb8939nw,3a,1,6,1,20,GP,,,,,,,,,F,J324881,,,,,,,,,,,,8/8/2026 23:30,,,,770,47708,218,05:03.9,,,
1699,IDJKT,JKT64,SPNU2992224,Ht21,3a,17,1,1,20,GP,,,,,,,,,E,,,,,,,,,,,,,8/8/2026 20:53,,,,770,47708,218,05:03.9,,,
1700,IDJKT,JKT64,SPNU3138230,Ht29,3a,13,4,5,20,GP,,,,,,,,,E,,,,,,,,,,,,,8/8/2026 22:26,,,,770,47708,218,05:03.9,,,
1701,IDJKT,JKT64,MRTU2083684,B9022bx,3a,1,5,3,20,GP,,,,,,,,,F,2.96556,,,,,,,,,,,,8/8/2026 23:40,,,,770,47708,218,05:03.9,,,
1702,IDJKT,JKT64,SPNU2831425,Ht22,3a,14,1,4,20,GP,,,,,,,,,E,,,,,,,,,,,,,8/8/2026 21:21,,,,770,47708,218,05:03.9,,,
3139,IDJKT,JKT64,MRTU2313637,H02,2za,6,3,2,20,GP,,,,,,,,,F,,,,,,,,,,,,,10/8/2026 1:39,,,,770,47893,218,07:22.4,,,
1704,IDJKT,JKT64,MRTU2041760,B9379uix,3a,1,5,2,20,GP,,,,,,,,,F,2.96529,,,,,,,,,,,,8/8/2026 23:38,,,,770,47708,218,05:03.9,,,
1705,IDJKT,JKT64,SPNU3182779,Ht23,3a,13,5,4,20,GP,,,,,,,,,E,,,,,,,,,,,,,8/8/2026 22:23,,,,770,47708,218,05:03.9,,,
1707,IDJKT,JKT64,MRTU2172288,B9379uix,3a,1,5,1,20,GP,,,,,,,,,F,2.9653,,,,,,,,,,,,8/8/2026 23:37,,,,770,47708,218,05:03.9,,,
1708,IDJKT,JKT64,SPNU2850106,Ht29,3a,13,5,5,20,GP,,,,,,,,,E,,,,,,,,,,,,,8/8/2026 22:27,,,,770,47708,218,05:03.9,,,
1709,IDJKT,JKT64,SPNU2994660,Ht28,3a,7,2,4,20,GP,,,,,,,,,E,,,,,,,,,,,,,8/8/2026 23:47,,,,770,47708,218,05:03.9,,,
1710,IDJKT,JKT64,SPNU3022641,Ht26,3a,14,1,1,20,GP,,,,,,,,,E,,,,,,,,,,,,,8/8/2026 21:17,,,,770,47708,218,05:03.9,,,
1711,IDJKT,JKT64,SPNU4612241,,,,,,40,HC,,,,,,,,,E,,,,,,,,,,,,,9/8/2026 0:34,,,,770,47712,218,05:10.4,,,
1712,IDJKT,JKT64,SPNU4633795,,,,,,40,HC,,,,,,,,,E,,,,,,,,,,,,,9/8/2026 0:33,,,,770,47712,218,05:10.4,,,
1713,IDJKT,JKT64,SPNU4628947,,,,,,40,HC,,,,,,,,,E,,,,,,,,,,,,,9/8/2026 0:35,,,,770,47712,218,05:10.4,,,
1714,IDJKT,JKT64,SPNU3029780,,,,,,20,GP,,,,,,,,,E,,,,,,,,,,,,,9/8/2026 1:46,,,,770,47712,218,05:10.4,,,
1715,IDJKT,JKT64,SPNU4623436,,,,,,40,HC,,,,,,,,,E,,,,,,,,,,,,,8/8/2026 21:46,,,,770,47712,218,05:10.4,,,
1716,IDJKT,JKT64,SPNU2800234,,,,,,20,GP,,,,,,,,,E,,,,,,,,,,,,,8/8/2026 22:01,,,,770,47712,218,05:10.4,,,
1717,IDJKT,JKT64,SPNU4649770,,,,,,40,HC,,,,,,,,,E,,,,,,,,,,,,,8/8/2026 21:11,,,,770,47712,218,05:10.4,,,
1718,IDJKT,JKT64,SPNU4683712,,,,,,40,HC,,,,,,,,,E,,,,,,,,,,,,,9/8/2026 0:22,,,,770,47712,218,05:10.4,,,
1719,IDJKT,JKT64,SPNU4649575,,,,,,40,HC,,,,,,,,,E,,,,,,,,,,,,,9/8/2026 0:22,,,,770,47712,218,05:10.4,,,
1720,IDJKT,JKT64,SPNU4669083,,,,,,40,HC,,,,,,,,,E,,,,,,,,,,,,,9/8/2026 0:42,,,,770,47712,218,05:10.4,,,
1721,IDJKT,JKT64,SPNU4655027,,,,,,40,HC,,,,,,,,,E,,,,,,,,,,,,,8/8/2026 22:04,,,,770,47712,218,05:10.4,,,
1722,IDJKT,JKT64,TRHU8912204,,,,,,40,HC,,,,,,,,,F,,,,,,,,,,,,,8/8/2026 21:32,,,,770,47712,218,05:10.4,,,
1723,IDJKT,JKT64,SPNU4670037,,,,,,40,HC,,,,,,,,,E,,,,,,,,,,,,,9/8/2026 0:54,,,,770,47712,218,05:10.4,,,
1724,IDJKT,JKT64,SPNU4682486,,,,,,40,HC,,,,,,,,,E,,,,,,,,,,,,,9/8/2026 0:39,,,,770,47712,218,05:10.4,,,
1725,IDJKT,JKT64,SPNU2978289,,,,,,20,GP,,,,,,,,,E,,,,,,,,,,,,,9/8/2026 1:45,,,,770,47712,218,05:10.4,,,
1726,IDJKT,JKT64,SPNU4670839,,,,,,40,HC,,,,,,,,,E,,,,,,,,,,,,,9/8/2026 0:23,,,,770,47712,218,05:10.4,,,
1727,IDJKT,JKT64,SPNU4666130,,,,,,40,HC,,,,,,,,,E,,,,,,,,,,,,,9/8/2026 0:50,,,,770,47712,218,05:10.4,,,
1728,IDJKT,JKT64,SPNU4660825,,,,,,40,HC,,,,,,,,,E,,,,,,,,,,,,,9/8/2026 0:48,,,,770,47712,218,05:10.4,,,
1729,IDJKT,JKT64,SPNU4681140,,,,,,40,HC,,,,,,,,,E,,,,,,,,,,,,,9/8/2026 0:54,,,,770,47712,218,05:10.4,,,
1730,IDJKT,JKT64,SPNU4690049,,,,,,40,HC,,,,,,,,,E,,,,,,,,,,,,,9/8/2026 0:38,,,,770,47712,218,05:10.4,,,
1731,IDJKT,JKT64,SPNU4643279,,,,,,40,HC,,,,,,,,,E,,,,,,,,,,,,,9/8/2026 0:28,,,,770,47712,218,05:10.4,,,
1732,IDJKT,JKT64,SPNU4634894,,,,,,40,HC,,,,,,,,,F,,,,,,,,,,,,,8/8/2026 21:31,,,,770,47712,218,05:10.4,,,
1733,IDJKT,JKT64,SPNU3129326,,,,,,20,GP,,,,,,,,,E,,,,,,,,,,,,,8/8/2026 22:01,,,,770,47712,218,05:10.4,,,
1734,IDJKT,JKT64,MRTU9614545,B9640uel,1v,4,1,2,40,HC,,,,,,,,,F,,,,,,,,,,,,,8/8/2026 22:55,,,,770,47706,218,05:10.9,,,
1736,IDJKT,JKT64,SPNU4689963,,1b,6,5,4,40,HC,,,,,,,,,F,,,,,,,,,,,,,8/8/2026 22:25,,,,770,47706,218,05:10.9,,,
1737,IDJKT,JKT64,TIIU5849865,B9457gj,,,,,40,HC,,,,,,,,,F,,,,,,,,,,,,,8/8/2026 22:44,,,,770,47706,218,05:10.9,,,
1738,IDJKT,JKT64,TEGU6808892,B9255fei,1b,4,2,5d,40,GP,,,,,,,,,F,,,,,,,,,,,,,8/8/2026 22:23,,,,770,47706,218,05:10.9,,,
1739,IDJKT,JKT64,TIIU5849865,B9457gj,1b,4,1,4,40,HC,,,,,,,,,F,,,,,,,,,,,,,8/8/2026 22:52,,,,770,47706,218,05:10.9,,,
1740,IDJKT,JKT64,MRTU9652289,B9328uem,1b,6,5,3,40,HC,,,,,,,,,F,,,,,,,,,,,,,8/8/2026 22:26,,,,770,47706,218,05:10.9,,,
1741,IDJKT,JKT64,HPCU4319389,B9338peh,1b,6,2,4,40,HC,,,,,,,,,F,,,,,,,,,,,,,8/8/2026 22:20,,,,770,47706,218,05:10.9,,,
1742,IDJKT,JKT64,HPCU4457921,,1b,6,3,4,40,HC,,,,,,,,,F,,,,,,,,,,,,,8/8/2026 22:25,,,,770,47706,218,05:10.9,,,
1743,IDJKT,JKT64,SPNU4682275,B9198jk,1b,6,1,,40,HC,,,,,,,,,F,,,,,,,,,,,,,8/8/2026 22:19,,,,770,47706,218,05:10.9,,,
1744,IDJKT,JKT64,SPNU4681812,H24,2A,14,6,2,40,HC,,,,,,,,,F,,,,,,,,,,,,,8/8/2026 21:46,,,,770,47716,218,05:11.0,,,
7113,IDJKT,JKT64,MRTU2067003,,,,,,20,GP,,,,,,,,,F,,,,,,,,,,,,,31-08-2026 20:35,,,,770,50517,218,48:07.7,,,
1747,IDJKT,JKT64,SPNU4651633,B9510,,,,,20,HC,,,,,,,,,F,,,,,,,,,,,,,8/8/2026 21:49,,,,770,47716,218,05:11.0,,,
1748,IDJKT,JKT64,MRTU9642763,L9484,,,,,40,HC,,,,,,,,,F,,,,,,,,,,,,,8/8/2026 21:21,,,,770,47716,218,05:11.0,,,
1749,IDJKT,JKT64,TEGU6809435,B9709,1A,8,4,2,40,HC,,,,,,,,,F,,,,,,,,,,,,,8/8/2026 20:49,,,,770,47716,218,05:11.0,,,
1750,IDJKT,JKT64,SPNU3153111,H25,2A,11,6,1,20,GP,,,,,,,,,E,,,,,,,,,,,,,8/8/2026 20:14,,,,770,47716,218,05:11.0,,,
1751,IDJKT,JKT64,SPNU4682038,H23,1A,12,1,1,40,HC,,,,,,,,,F,,,,,,,,,,,,,8/8/2026 21:13,,,,770,47716,218,05:11.0,,,
7114,IDJKT,JKT64,MRTU2189130,,,,,,20,GP,,,,,,,,,F,,,,,,,,,,,,,31-08-2026 19:22,,,,770,50517,218,48:07.7,,,
7115,IDJKT,JKT64,MRTU2032584,,,,,,20,GP,,,,,,,,,F,,,,,,,,,,,,,31-08-2026 19:22,,,,770,50517,218,48:07.7,,,
7116,IDJKT,JKT64,MRTU2005594,,,,,,20,GP,,,,,,,,,F,,,,,,,,,,,,,31-08-2026 17:54,,,,770,50517,218,48:07.7,,,
7117,IDJKT,JKT64,MRTU2258822,,,,,,20,GP,,,,,,,,,F,,,,,,,,,,,,,31-08-2026 19:22,,,,770,50517,218,48:07.7,,,
7118,IDJKT,JKT64,MRTU2214064,,,,,,20,GP,,,,,,,,,F,,,,,,,,,,,,,31-08-2026 17:54,,,,770,50517,218,48:07.7,,,
1753,IDJKT,JKT64,CSNU6991524,B9714Mir,,,,,40,HC,,,,,,,,,F,,,,,,,,,,,,,8/8/2026 21:22,,,,770,47716,218,05:11.0,,,
1754,IDJKT,JKT64,TEGU6804773,B9092,,,,,40,HC,,,,,,,,,F,,,,,,,,,,,,,8/8/2026 21:15,,,,770,47716,218,05:11.0,,,
4498,IDJKT,JKT64,SKHU9538412,HT 02,,,,,40,HC,,,,,,,,,F,,,,,,,,,,,,,26-08-2026 08:18,,,,770,49887,218,15:08.3,,,
1756,IDJKT,JKT64,SPNU2789069,H24,2A,11,6,3,20,GP,,,,,,,,,E,,,,,,,,,,,,,8/8/2026 20:16,,,,770,47716,218,05:11.0,,,
1757,IDJKT,JKT64,OOCU8301228,B9996,1A,8,4,4,40,HC,,,,,,,,,F,,,,,,,,,,,,,8/8/2026 20:53,,,,770,47716,218,05:11.0,,,
1758,IDJKT,JKT64,TXGU4073404,B9848,1A,8,4,3,40,HC,,,,,,,,,F,,,,,,,,,,,,,8/8/2026 20:50,,,,770,47716,218,05:11.0,,,
1759,IDJKT,JKT64,MRTU2313977,B9998,,,,,20,GP,,,,,,,,,F,,,,,,,,,,,,,8/8/2026 23:34,,,,770,47716,218,05:11.0,,,
3140,IDJKT,JKT64,TEGU3083550,H08,2A,11,5,2,20,GP,,,,,,,,,E,,,,,,,,,,,,,10/8/2026 6:07,,,,770,47893,218,07:22.4,,,
1761,IDJKT,JKT64,SPNU4663573,H28,1A,13,1,3,40,HC,,,,,,,,,F,,,,,,,,,,,,,8/8/2026 21:16,,,,770,47716,218,05:11.0,,,
1762,IDJKT,JKT64,FCIU6091076,B9851,,,,,20,GP,,,,,,,,,F,,,,,,,,,,,,,8/8/2026 23:32,,,,770,47716,218,05:11.0,,,
1763,IDJKT,JKT64,MRTU9665244,B9333,,,,,40,HC,,,,,,,,,F,,,,,,,,,,,,,8/8/2026 22:26,,,,770,47716,218,05:11.0,,,
1765,IDJKT,JKT64,TXGU4083911,BK8048,,,,,40,HC,,,,,,,,,F,,,,,,,,,,,,,8/8/2026 21:48,,,,770,47716,218,05:11.0,,,
1766,IDJKT,JKT64,MRTU2103991,B9133,,,,,40,HC,,,,,,,,,F,,,,,,,,,,,,,8/8/2026 22:33,,,,770,47716,218,05:11.0,,,
1767,IDJKT,JKT64,SPNU4617710,B9831,,,,,40,HC,,,,,,,,,F,,,,,,,,,,,,,8/8/2026 22:27,,,,770,47716,218,05:11.0,,,
1768,IDJKT,JKT64,BMOU6040996,B9736,1A,8,4,5,40,HC,,,,,,,,,F,,,,,,,,,,,,,8/8/2026 20:56,,,,770,47716,218,05:11.0,,,
1769,IDJKT,JKT64,SPNU2815912,H11,2A,8,4,1,20,GP,,,,,,,,,E,,,,,,,,,,,,,8/8/2026 21:52,,,,770,47716,218,05:11.0,,,
1770,IDJKT,JKT64,MRTU2115821,B9098,,,,,20,GP,,,,,,,,,F,,,,,,,,,,,,,8/8/2026 23:35,,,,770,47716,218,05:11.0,,,
1771,IDJKT,JKT64,MRTU2156142,B9210,,,,,20,GP,,,,,,,,,F,,,,,,,,,,,,,8/8/2026 22:24,,,,770,47716,218,05:11.0,,,
1772,IDJKT,JKT64,MRTU2071662,B9985,,,,,20,EC,,,,,,,,,F,,,,,,,,,,,,,8/8/2026 23:33,,,,770,47716,218,05:11.0,,,
1773,IDJKT,JKT64,SPNU2811075,H24,2A,11,6,4,20,GP,,,,,,,,,E,,,,,,,,,,,,,8/8/2026 20:18,,,,770,47716,218,05:11.0,,,
1774,IDJKT,JKT64,CAJU5084545,B9573,1A,8,1,4,40,HC,,,,,,,,,F,,,,,,,,,,,,,8/8/2026 20:45,,,,770,47716,218,05:11.0,,,
1775,IDJKT,JKT64,SPNU2845162,H11,2A,8,4,2,20,GP,,,,,,,,,E,,,,,,,,,,,,,8/8/2026 21:52,,,,770,47716,218,05:11.0,,,
4499,IDJKT,JKT64,TGHU1558252,HT 21,2A,9,2,1,20,GP,,,,,,,,,F,,,,,,,,,,,,,26-08-2026 11:04,,,,770,49887,218,15:08.3,,,
1778,IDJKT,JKT74,SPNU4637717,,,,,,40,HC,,,,,,,,,E,,,,,,,,,,,,,8/8/2026 23:40,,,,770,47709,219,05:11.1,,,
1779,IDJKT,JKT74,SPNU4653066,,,,,,40,HC,,,,,,,,,E,,,,,,,,,,,,,8/8/2026 22:35,,,,770,47709,219,05:11.1,,,
1780,IDJKT,JKT74,SPNU4604539,,,,,,40,HC,,,,,,,,,E,,,,,,,,,,,,,8/8/2026 23:05,,,,770,47709,219,05:11.1,,,
7119,IDJKT,JKT64,MRTU2237970,,,,,,20,GP,,,,,,,,,F,,,,,,,,,,,,,31-08-2026 19:11,,,,770,50517,218,48:07.7,,,
4502,IDJKT,JKT64,GESU3453453,HT07,2A,12,5,2,20,GP,,,,,,,,,F,,,,,,,,,,,,,26-08-2026 15:20,,,,770,49887,218,15:08.3,,,
1784,IDJKT,JKT74,SPNU4668087,,,,,,40,HC,,,,,,,,,E,,,,,,,,,,,,,8/8/2026 22:42,,,,770,47709,219,05:11.1,,,
4503,IDJKT,JKT64,MRTU2123149,Ht09,3A,1,6,1,20,GP,,,,,,,,,E,,,,,,,,,,,,,26-08-2026 11:03,,,,770,49876,218,15:08.5,,,
7120,IDJKT,JKT64,MRTU2258822,,,,,,20,GP,,,,,,,,,F,,,,,,,,,,,,,31-08-2026 16:22,,,,770,50517,218,48:07.7,,,
5912,IDJKT,JKT64,MRTU2188807,Ht01,,,,,20,GP,,,,,,,,,F,Ada,,,,,,,,,,,,28-08-2026 15:43,,,,770,50149,218,57:33.0,,,
6000,IDJKT,JKT74,TEGU7021181,H8960qz,,,,,20,GP,,,,,,,,,E,,,,,,,,,,,,,28-08-2026 16:27,,,,770,50170,219,07:53.7,,,
1789,IDJKT,JKT74,SPNU2906740,,,,,,20,GP,,,,,,,,,E,,,,,,,,,,,,,8/8/2026 23:47,,,,770,47709,219,05:11.1,,,
1790,IDJKT,JKT74,SPNU4649940,,,,,,40,HC,,,,,,,,,E,,,,,,,,,,,,,8/8/2026 22:51,,,,770,47709,219,05:11.1,,,
1791,IDJKT,JKT74,SPNU4645158,,,,,,40,HC,,,,,,,,,E,,,,,,,,,,,,,8/8/2026 23:47,,,,770,47709,219,05:11.1,,,
7121,IDJKT,JKT64,MRTU2195262,,,,,,20,GP,,,,,,,,,F,Ada,,,,,,,,,,,,31-08-2026 23:13,,,,770,50504,218,48:07.8,,,
1793,IDJKT,JKT74,SPNU3013439,,,,,,20,GP,,,,,,,,,E,,,,,,,,,,,,,8/8/2026 23:48,,,,770,47709,219,05:11.1,,,
1794,IDJKT,JKT64,SPNU4682803,Ht21,3a,44,2,1,40,HC,,,,,,,,,F,,,,,,,,,,,,,9/8/2026 1:27,,,,770,47719,218,05:18.7,,,
1795,IDJKT,JKT64,TLLU8134640,L9495um,3a,40,2,2,40,HC,,,,,,,,,F,,,,,,,,,,,,,9/8/2026 2:16,,,,770,47719,218,05:18.7,,,
7122,IDJKT,JKT64,SPNU4650278,,,,,,40,HC,,,,,,,,,E,,,,,,,,,,,,,31-08-2026 22:54,,,,770,50504,218,48:07.8,,,
1797,IDJKT,JKT64,TEGU6818885,B9344uix,3a,44,4,1,,HC,,,,,,,,,F,,,,,,,,,,,,,9/8/2026 3:16,,,,770,47719,218,05:18.7,,,
1798,IDJKT,JKT64,SPNU4627719,Ht22,3a,30,4,2,40,HC,,,,,,,,,F,,,,,,,,,,,,,9/8/2026 1:30,,,,770,47719,218,05:18.7,,,
1799,IDJKT,JKT64,SPNU4610932,Ht29,3a,44,2,2,40,HC,,,,,,,,,F,,,,,,,,,,,,,9/8/2026 1:28,,,,770,47719,218,05:18.7,,,
1800,IDJKT,JKT64,SEGU4135209,B9763li,3a,40,3,3,40,HC,,,,,,,,,F,,,,,,,,,,,,,9/8/2026 3:25,,,,770,47719,218,05:18.7,,,
1802,IDJKT,JKT64,SEGU4743765,L9475um,3a,40,4,4,40,HC,,,,,,,,,F,,,,,,,,,,,,,9/8/2026 3:26,,,,770,47719,218,05:18.7,,,
4510,IDJKT,JKT64,MRTU2160836,Ht08,3A,7,6,1,20,GP,,,,,,,,,F,Ada,,,,,,,,,,,,26-08-2026 10:53,,,,770,49876,218,15:08.5,,,
1804,IDJKT,JKT64,SPNU4657415,B9265tek,3a,32,1,1,40,HC,,,,,,,,,F,,,,,,,,,,,,,9/8/2026 1:35,,,,770,47719,218,05:18.7,,,
1805,IDJKT,JKT64,HPCU4315104,B9243tek,3a,32,2,1,40,HC,,,,,,,,,F,,,,,,,,,,,,,9/8/2026 1:34,,,,770,47719,218,05:18.7,,,
1806,IDJKT,JKT64,HPCU4315090,B9026uek,3a,40,4,2,40,HC,,,,,,,,,F,,,,,,,,,,,,,9/8/2026 3:04,,,,770,47719,218,05:18.7,,,
1808,IDJKT,JKT64,SPNU4630409,Ht26,3a,32,1,,40,HC,,,,,,,,,E,,,,,,,,,,,,,8/8/2026 23:42,,,,770,47719,218,05:18.7,,,
7123,IDJKT,JKT64,MRTU2262099,,,,,,20,GP,,,,,,,,,F,Ada,,,,,,,,,,,,31-08-2026 17:30,,,,770,50504,218,48:07.8,,,
1810,IDJKT,JKT64,MRTU9668198,B9811uel,3a,40,2,1,40,HC,,,,,,,,,F,,,,,,,,,,,,,9/8/2026 1:39,,,,770,47719,218,05:18.7,,,
1811,IDJKT,JKT64,MRTU9674098,B9850uix,3a,44,4,2,40,HC,,,,,,,,,F,,,,,,,,,,,,,9/8/2026 3:22,,,,770,47719,218,05:18.7,,,
7124,IDJKT,JKT64,MRTU2196680,,,,,,20,GP,,,,,,,,,F,Ada,,,,,,,,,,,,31-08-2026 17:31,,,,770,50504,218,48:07.8,,,
7125,IDJKT,JKT64,HPCU2231149,,,,,,20,GP,,,,,,,,,F,Ada,,,,,,,,,,,,31-08-2026 21:29,,,,770,50504,218,48:07.8,,,
4511,IDJKT,JKT64,MRTU2240211,Ht08,3A,7,6,2,20,GP,,,,,,,,,F,Ada,,,,,,,,,,,,26-08-2026 10:54,,,,770,49876,218,15:08.5,,,
1813,IDJKT,JKT64,SPNU4615723,B9271tek,3a,32,1,2,40,HC,,,,,,,,,F,,,,,,,,,,,,,9/8/2026 1:36,,,,770,47719,218,05:18.7,,,
1814,IDJKT,JKT64,SPNU4616777,B9287uwx,3a,40,1,1,40,HC,,,,,,,,,F,,,,,,,,,,,,,9/8/2026 1:38,,,,770,47719,218,05:18.7,,,
1815,IDJKT,JKT64,MRLU5211096,B9240uel,3a,40,3,1,40,HC,,,,,,,,,F,,,,,,,,,,,,,9/8/2026 2:04,,,,770,47719,218,05:18.7,,,
1816,IDJKT,JKT64,SEGU4513422,B9217uem,3a,40,1,3,40,HC,,,,,,,,,F,,,,,,,,,,,,,9/8/2026 2:48,,,,770,47719,218,05:18.7,,,
1817,IDJKT,JKT64,SPNU4675825,Ht26,3a,30,3,2,40,HC,,,,,,,,,F,,,,,,,,,,,,,9/8/2026 1:31,,,,770,47719,218,05:18.7,,,
4512,IDJKT,JKT64,MRTU2205490,Ht05,3A,16,2,3,20,GP,,,,,,,,,F,Ada,,,,,,,,,,,,26-08-2026 10:20,,,,770,49876,218,15:08.5,,,
1819,IDJKT,JKT64,MRTU9659914,B9333it,3a,32,2,2,40,HC,,,,,,,,,F,,,,,,,,,,,,,9/8/2026 1:37,,,,770,47719,218,05:18.7,,,
1820,IDJKT,JKT64,MRTU9663133,B9675tej,3a,40,2,3,40,HC,,,,,,,,,F,,,,,,,,,,,,,9/8/2026 3:03,,,,770,47719,218,05:18.7,,,
7126,IDJKT,JKT64,MRTU2200693,,,,,,20,GP,,,,,,,,,F,Ada,,,,,,,,,,,,31-08-2026 23:17,,,,770,50504,218,48:07.8,,,
1822,IDJKT,JKT64,MRTU9622941,B9294wv,3a,40,1,4,40,HC,,,,,,,,,F,,,,,,,,,,,,,9/8/2026 3:01,,,,770,47719,218,05:18.7,,,
1823,IDJKT,JKT64,TEGU6813780,B9927uek,3a,40,3,2,40,HC,,,,,,,,,F,,,,,,,,,,,,,9/8/2026 3:24,,,,770,47719,218,05:18.7,,,
1824,IDJKT,JKT64,SPNU4670696,Ht28,3a,32,6,1,40,HC,,,,,,,,,E,,,,,,,,,,,,,8/8/2026 23:38,,,,770,47719,218,05:18.7,,,
1825,IDJKT,JKT64,SPNU4662601,Ht23,3a,30,2,1,40,HC,,,,,,,,,F,,,,,,,,,,,,,9/8/2026 1:29,,,,770,47719,218,05:18.7,,,
1826,IDJKT,JKT64,TXGU8461711,B9553uel,3a,40,4,1,40,HC,,,,,,,,,F,,,,,,,,,,,,,9/8/2026 2:15,,,,770,47719,218,05:18.7,,,
1827,IDJKT,JKT64,WHSU5128731,H1802ay,3a,44,4,3,40,HC,,,,,,,,,F,,,,,,,,,,,,,9/8/2026 3:23,,,,770,47719,218,05:18.7,,,
4514,IDJKT,JKT64,TRHU1016124,Ht22,3A,1,6,3,20,GP,,,,,,,,,F,Ada,,,,,,,,,,,,26-08-2026 11:07,,,,770,49876,218,15:08.5,,,
4515,IDJKT,JKT64,MRLU2362680,Ht16,3A,16,5,3,20,GP,,,,,,,,,F,Ada,,,,,,,,,,,,26-08-2026 08:37,,,,770,49876,218,15:08.5,,,
1831,IDJKT,JKT64,SPNU4676210,B9327ufy,3a,40,1,2,40,HC,,,,,,,,,F,,,,,,,,,,,,,9/8/2026 2:13,,,,770,47719,218,05:18.7,,,
1832,IDJKT,JKT64,SPNU2972927,,,,,,20,GP,,,,,,,,,E,,,,,,,,,,,,,9/8/2026 2:17,,,,770,47712,218,05:18.8,,,
1833,IDJKT,JKT64,SPNU4633795,,,,,,40,HC,,,,,,,,,E,,,,,,,,,,,,,9/8/2026 0:33,,,,770,47712,218,05:18.8,,,
1834,IDJKT,JKT64,SPNU4628947,,,,,,40,HC,,,,,,,,,E,,,,,,,,,,,,,9/8/2026 0:35,,,,770,47712,218,05:18.8,,,
1835,IDJKT,JKT64,SPNU3029780,,,,,,20,GP,,,,,,,,,E,,,,,,,,,,,,,9/8/2026 1:46,,,,770,47712,218,05:18.8,,,
1836,IDJKT,JKT64,SPNU4623436,,,,,,40,HC,,,,,,,,,E,,,,,,,,,,,,,8/8/2026 21:46,,,,770,47712,218,05:18.8,,,
1837,IDJKT,JKT64,SPNU2800234,,,,,,20,GP,,,,,,,,,E,,,,,,,,,,,,,8/8/2026 22:01,,,,770,47712,218,05:18.8,,,
1838,IDJKT,JKT64,SPNU4612241,,,,,,40,HC,,,,,,,,,E,,,,,,,,,,,,,9/8/2026 0:34,,,,770,47712,218,05:18.8,,,
1839,IDJKT,JKT64,SPNU2863510,,,,,,20,GP,,,,,,,,,E,,,,,,,,,,,,,9/8/2026 2:40,,,,770,47712,218,05:18.8,,,
1840,IDJKT,JKT64,SPNU3055368,,,,,,20,GP,,,,,,,,,E,,,,,,,,,,,,,9/8/2026 2:36,,,,770,47712,218,05:18.8,,,
1841,IDJKT,JKT64,SPNU3041209,,,,,,20,GP,,,,,,,,,E,,,,,,,,,,,,,9/8/2026 2:15,,,,770,47712,218,05:18.8,,,
1842,IDJKT,JKT64,SPNU3098138,,,,,,20,GP,,,,,,,,,E,,,,,,,,,,,,,9/8/2026 2:22,,,,770,47712,218,05:18.8,,,
1843,IDJKT,JKT64,SPNU3116400,,,,,,20,GP,,,,,,,,,E,,,,,,,,,,,,,9/8/2026 2:38,,,,770,47712,218,05:18.8,,,
1844,IDJKT,JKT64,SPNU3206551,,,,,,20,GP,,,,,,,,,E,,,,,,,,,,,,,9/8/2026 1:57,,,,770,47712,218,05:18.8,,,
1845,IDJKT,JKT64,SPNU3090944,,,,,,20,GP,,,,,,,,,E,,,,,,,,,,,,,9/8/2026 1:57,,,,770,47712,218,05:18.8,,,
1846,IDJKT,JKT64,SPNU4649770,,,,,,40,HC,,,,,,,,,E,,,,,,,,,,,,,8/8/2026 21:11,,,,770,47712,218,05:18.8,,,
1847,IDJKT,JKT64,SPNU2862998,,,,,,20,GP,,,,,,,,,E,,,,,,,,,,,,,9/8/2026 2:28,,,,770,47712,218,05:18.8,,,
1848,IDJKT,JKT64,SPNU4666130,,,,,,40,HC,,,,,,,,,E,,,,,,,,,,,,,9/8/2026 0:50,,,,770,47712,218,05:18.8,,,
1849,IDJKT,JKT64,SPNU4660825,,,,,,40,HC,,,,,,,,,E,,,,,,,,,,,,,9/8/2026 0:48,,,,770,47712,218,05:18.8,,,
1850,IDJKT,JKT64,SPNU4681140,,,,,,40,HC,,,,,,,,,E,,,,,,,,,,,,,9/8/2026 0:54,,,,770,47712,218,05:18.8,,,
1851,IDJKT,JKT64,SPNU3185058,,,,,,20,GP,,,,,,,,,E,,,,,,,,,,,,,9/8/2026 2:46,,,,770,47712,218,05:18.8,,,
1852,IDJKT,JKT64,SPNU3063682,,,,,,20,GP,,,,,,,,,E,,,,,,,,,,,,,9/8/2026 2:23,,,,770,47712,218,05:18.8,,,
1853,IDJKT,JKT64,SPNU2990751,,,,,,20,GP,,,,,,,,,E,,,,,,,,,,,,,9/8/2026 2:14,,,,770,47712,218,05:18.8,,,
1854,IDJKT,JKT64,SPNU4690049,,,,,,40,HC,,,,,,,,,E,,,,,,,,,,,,,9/8/2026 0:38,,,,770,47712,218,05:18.8,,,
1855,IDJKT,JKT64,SPNU4643279,,,,,,40,HC,,,,,,,,,E,,,,,,,,,,,,,9/8/2026 0:28,,,,770,47712,218,05:18.8,,,
1856,IDJKT,JKT64,SPNU2912893,,,,,,20,GP,,,,,,,,,E,,,,,,,,,,,,,9/8/2026 2:14,,,,770,47712,218,05:18.8,,,
1857,IDJKT,JKT64,SPNU3152202,,,,,,20,GP,,,,,,,,,E,,,,,,,,,,,,,9/8/2026 2:29,,,,770,47712,218,05:18.8,,,
1858,IDJKT,JKT64,SPNU4634894,,,,,,40,HC,,,,,,,,,F,,,,,,,,,,,,,8/8/2026 21:31,,,,770,47712,218,05:18.8,,,
1859,IDJKT,JKT64,SPNU3129326,,,,,,20,GP,,,,,,,,,E,,,,,,,,,,,,,8/8/2026 22:01,,,,770,47712,218,05:18.8,,,
1860,IDJKT,JKT64,SPNU3225187,,,,,,20,GP,,,,,,,,,E,,,,,,,,,,,,,9/8/2026 2:17,,,,770,47712,218,05:18.8,,,
1861,IDJKT,JKT64,SPNU2981488,,,,,,20,GP,,,,,,,,,E,,,,,,,,,,,,,9/8/2026 2:38,,,,770,47712,218,05:18.8,,,
1862,IDJKT,JKT64,SPNU4683712,,,,,,40,HC,,,,,,,,,E,,,,,,,,,,,,,9/8/2026 0:22,,,,770,47712,218,05:18.8,,,
1863,IDJKT,JKT64,SPNU4649575,,,,,,40,HC,,,,,,,,,E,,,,,,,,,,,,,9/8/2026 0:22,,,,770,47712,218,05:18.8,,,
1864,IDJKT,JKT64,SPNU3191805,,,,,,20,GP,,,,,,,,,E,,,,,,,,,,,,,9/8/2026 2:35,,,,770,47712,218,05:18.8,,,
1865,IDJKT,JKT64,SPNU4669083,,,,,,40,HC,,,,,,,,,E,,,,,,,,,,,,,9/8/2026 0:42,,,,770,47712,218,05:18.8,,,
1866,IDJKT,JKT64,SPNU4655027,,,,,,40,HC,,,,,,,,,E,,,,,,,,,,,,,8/8/2026 22:04,,,,770,47712,218,05:18.8,,,
1867,IDJKT,JKT64,TRHU8912204,,,,,,40,HC,,,,,,,,,F,,,,,,,,,,,,,8/8/2026 21:32,,,,770,47712,218,05:18.8,,,
1868,IDJKT,JKT64,SPNU4670037,,,,,,40,HC,,,,,,,,,E,,,,,,,,,,,,,9/8/2026 0:54,,,,770,47712,218,05:18.8,,,
1869,IDJKT,JKT64,SPNU3079890,,,,,,20,GP,,,,,,,,,E,,,,,,,,,,,,,9/8/2026 2:47,,,,770,47712,218,05:18.8,,,
1870,IDJKT,JKT64,SPNU3013167,,,,,,20,GP,,,,,,,,,E,,,,,,,,,,,,,9/8/2026 2:14,,,,770,47712,218,05:18.8,,,
1871,IDJKT,JKT64,SPNU4682486,,,,,,40,HC,,,,,,,,,E,,,,,,,,,,,,,9/8/2026 0:39,,,,770,47712,218,05:18.8,,,
1872,IDJKT,JKT64,SPNU2978289,,,,,,20,GP,,,,,,,,,E,,,,,,,,,,,,,9/8/2026 1:45,,,,770,47712,218,05:18.8,,,
1873,IDJKT,JKT64,SPNU4670839,,,,,,40,HC,,,,,,,,,E,,,,,,,,,,,,,9/8/2026 0:23,,,,770,47712,218,05:18.8,,,
1874,IDJKT,JKT64,SPNU3174372,,,,,,20,GP,,,,,,,,,E,,,,,,,,,,,,,9/8/2026 2:40,,,,770,47712,218,05:18.8,,,
1875,IDJKT,JKT74,SPNU3148727,,,,,,20,GP,,,,,,,,,E,,,,,,,,,,,,,9/8/2026 0:09,,,,770,47718,219,05:26.9,,,
1876,IDJKT,JKT74,SPNU3063255,,,,,,20,GP,,,,,,,,,E,,,,,,,,,,,,,9/8/2026 0:15,,,,770,47718,219,05:26.9,,,
1878,IDJKT,JKT74,SPNU2706784,,,,,,20,GP,,,,,,,,,E,,,,,,,,,,,,,9/8/2026 0:09,,,,770,47718,219,05:26.9,,,
1879,IDJKT,JKT74,SPNU3222681,,,,,,20,GP,,,,,,,,,E,,,,,,,,,,,,,9/8/2026 0:30,,,,770,47718,219,05:26.9,,,
1881,IDJKT,JKT74,SPNU2992733,,,,,,20,GP,,,,,,,,,E,,,,,,,,,,,,,9/8/2026 0:34,,,,770,47718,219,05:26.9,,,
1882,IDJKT,JKT74,SPNU2941823,,,,,,20,GP,,,,,,,,,E,,,,,,,,,,,,,9/8/2026 5:46,,,,770,47718,219,05:26.9,,,
1883,IDJKT,JKT74,SPNU2883440,,,,,,20,GP,,,,,,,,,E,,,,,,,,,,,,,9/8/2026 5:45,,,,770,47718,219,05:26.9,,,
1884,IDJKT,JKT74,SPNU3108771,,,,,,20,GP,,,,,,,,,E,,,,,,,,,,,,,9/8/2026 0:17,,,,770,47718,219,05:26.9,,,
1885,IDJKT,JKT74,SPNU3134908,,,,,,20,GP,,,,,,,,,E,,,,,,,,,,,,,9/8/2026 0:53,,,,770,47718,219,05:26.9,,,
1886,IDJKT,JKT74,SPNU3214217,,,,,,20,GP,,,,,,,,,E,,,,,,,,,,,,,9/8/2026 0:45,,,,770,47718,219,05:26.9,,,
4516,IDJKT,JKT64,MRTU2234899,Ht03,3A,17,4,5,20,GP,,,,,,,,,F,Ada,,,,,,,,,,,,26-08-2026 09:40,,,,770,49876,218,15:08.5,,,
1888,IDJKT,JKT74,SPNU3130667,,,,,,20,GP,,,,,,,,,E,,,,,,,,,,,,,9/8/2026 2:23,,,,770,47718,219,05:26.9,,,
7127,IDJKT,JKT64,SEGU2503359,,,,,,20,GP,,,,,,,,,F,Ada,,,,,,,,,,,,31-08-2026 22:41,,,,770,50504,218,48:07.8,,,
1890,IDJKT,JKT74,SPNU3170269,,,,,,20,GP,,,,,,,,,E,,,,,,,,,,,,,9/8/2026 0:53,,,,770,47718,219,05:26.9,,,
1891,IDJKT,JKT74,SPNU3107538,,,,,,20,GP,,,,,,,,,E,,,,,,,,,,,,,9/8/2026 2:24,,,,770,47718,219,05:26.9,,,
1892,IDJKT,JKT74,SPNU3073649,,,,,,20,GP,,,,,,,,,E,,,,,,,,,,,,,9/8/2026 0:24,,,,770,47718,219,05:26.9,,,
1893,IDJKT,JKT74,SPNU3200553,,,,,,20,GP,,,,,,,,,E,,,,,,,,,,,,,9/8/2026 0:17,,,,770,47718,219,05:26.9,,,
1894,IDJKT,JKT74,SPNU2842899,,,,,,20,GP,,,,,,,,,E,,,,,,,,,,,,,9/8/2026 5:50,,,,770,47718,219,05:26.9,,,
1895,IDJKT,JKT74,SPNU3018343,,,,,,20,GP,,,,,,,,,E,,,,,,,,,,,,,9/8/2026 1:41,,,,770,47718,219,05:26.9,,,
1896,IDJKT,JKT74,SPNU3200785,,,,,,20,GP,,,,,,,,,E,,,,,,,,,,,,,9/8/2026 0:35,,,,770,47718,219,05:26.9,,,
1897,IDJKT,JKT74,SPNU3118168,,,,,,20,GP,,,,,,,,,E,,,,,,,,,,,,,9/8/2026 0:40,,,,770,47718,219,05:26.9,,,
7128,IDJKT,JKT64,MRTU2101474,,,,,,20,GP,,,,,,,,,F,Ada,,,,,,,,,,,,31-08-2026 19:09,,,,770,50504,218,48:07.8,,,
1899,IDJKT,JKT74,SPNU3204672,,,,,,20,GP,,,,,,,,,E,,,,,,,,,,,,,9/8/2026 1:41,,,,770,47718,219,05:26.9,,,
1900,IDJKT,JKT74,SPNU2788015,,,,,,20,GP,,,,,,,,,E,,,,,,,,,,,,,9/8/2026 5:46,,,,770,47718,219,05:26.9,,,
1901,IDJKT,JKT74,SPNU4649003,,,,,,40,HC,,,,,,,,,E,,,,,,,,,,,,,9/8/2026 0:16,,,,770,47718,219,05:26.9,,,
1902,IDJKT,JKT74,SPNU3113187,,,,,,20,GP,,,,,,,,,E,,,,,,,,,,,,,9/8/2026 5:51,,,,770,47718,219,05:26.9,,,
1903,IDJKT,JKT74,SPNU3081161,,,,,,20,GP,,,,,,,,,E,,,,,,,,,,,,,9/8/2026 2:25,,,,770,47718,219,05:26.9,,,
1904,IDJKT,JKT74,SPNU2983937,,,,,,20,GP,,,,,,,,,E,,,,,,,,,,,,,9/8/2026 5:50,,,,770,47718,219,05:26.9,,,
1905,IDJKT,JKT74,SPNU2957727,,,,,,20,GP,,,,,,,,,E,,,,,,,,,,,,,9/8/2026 0:39,,,,770,47718,219,05:26.9,,,
1906,IDJKT,JKT74,SPNU3054438,,,,,,20,GP,,,,,,,,,E,,,,,,,,,,,,,9/8/2026 0:09,,,,770,47718,219,05:26.9,,,
1907,IDJKT,JKT74,SPNU3197315,,,,,,20,GP,,,,,,,,,E,,,,,,,,,,,,,9/8/2026 0:52,,,,770,47718,219,05:26.9,,,
1908,IDJKT,JKT74,SPNU3111970,,,,,,20,GP,,,,,,,,,E,,,,,,,,,,,,,9/8/2026 1:39,,,,770,47718,219,05:26.9,,,
6573,IDJKT,JKT74,MRTU2069264,,,,,,20,GP,,,,,,,,,E,,,,,,,,,,,,,30-08-2026 00:43,,,,770,50305,219,00:31.0,,,
1910,IDJKT,JKT74,SPNU3126918,,,,,,20,GP,,,,,,,,,E,,,,,,,,,,,,,9/8/2026 0:38,,,,770,47718,219,05:26.9,,,
1911,IDJKT,JKT74,SPNU2841260,,,,,,20,GP,,,,,,,,,E,,,,,,,,,,,,,9/8/2026 1:39,,,,770,47718,219,05:26.9,,,
1912,IDJKT,JKT74,SPNU2916271,,,,,,20,GP,,,,,,,,,E,,,,,,,,,,,,,9/8/2026 0:24,,,,770,47718,219,05:26.9,,,
1913,IDJKT,JKT74,SPNU3120709,,,,,,20,GP,,,,,,,,,E,,,,,,,,,,,,,9/8/2026 0:34,,,,770,47718,219,05:26.9,,,
1914,IDJKT,JKT74,SPNU3226239,,,,,,20,GP,,,,,,,,,E,,,,,,,,,,,,,9/8/2026 0:45,,,,770,47718,219,05:26.9,,,
1915,IDJKT,JKT74,SPNU2994567,,,,,,20,GP,,,,,,,,,E,,,,,,,,,,,,,9/8/2026 0:30,,,,770,47718,219,05:26.9,,,
4520,IDJKT,JKT64,IKSU2598028,Ht14,3A,1,2,4,20,GP,,,,,,,,,F,Ada,,,,,,,,,,,,26-08-2026 11:23,,,,770,49876,218,15:08.5,,,
1917,IDJKT,JKT74,SPNU2840710,,,,,,20,GP,,,,,,,,,E,,,,,,,,,,,,,9/8/2026 0:53,,,,770,47718,219,05:26.9,,,
1918,IDJKT,JKT64,SPNU3217854,,,,,,20,GP,,,,,,,,,E,,,,,,,,,,,,,9/8/2026 5:41,,,,770,47712,218,05:27.0,,,
1919,IDJKT,JKT64,SPNU3063682,,,,,,20,GP,,,,,,,,,E,,,,,,,,,,,,,9/8/2026 2:23,,,,770,47712,218,05:27.0,,,
1920,IDJKT,JKT64,SPNU2990751,,,,,,20,GP,,,,,,,,,E,,,,,,,,,,,,,9/8/2026 2:14,,,,770,47712,218,05:27.0,,,
1921,IDJKT,JKT64,SPNU4690049,,,,,,40,HC,,,,,,,,,E,,,,,,,,,,,,,9/8/2026 0:38,,,,770,47712,218,05:27.0,,,
1922,IDJKT,JKT64,SPNU4643279,,,,,,40,HC,,,,,,,,,E,,,,,,,,,,,,,9/8/2026 0:28,,,,770,47712,218,05:27.0,,,
1923,IDJKT,JKT64,SPNU2912893,,,,,,20,GP,,,,,,,,,E,,,,,,,,,,,,,9/8/2026 2:14,,,,770,47712,218,05:27.0,,,
1924,IDJKT,JKT64,SPNU3152202,,,,,,20,GP,,,,,,,,,E,,,,,,,,,,,,,9/8/2026 2:29,,,,770,47712,218,05:27.0,,,
1925,IDJKT,JKT64,SPNU4634894,,,,,,40,HC,,,,,,,,,F,,,,,,,,,,,,,8/8/2026 21:31,,,,770,47712,218,05:27.0,,,
1926,IDJKT,JKT64,SPNU2972927,,,,,,20,GP,,,,,,,,,E,,,,,,,,,,,,,9/8/2026 2:17,,,,770,47712,218,05:27.0,,,
1927,IDJKT,JKT64,SPNU4633795,,,,,,40,HC,,,,,,,,,E,,,,,,,,,,,,,9/8/2026 0:33,,,,770,47712,218,05:27.0,,,
1928,IDJKT,JKT64,SPNU3102665,,,,,,20,GP,,,,,,,,,E,,,,,,,,,,,,,9/8/2026 5:54,,,,770,47712,218,05:27.0,,,
1929,IDJKT,JKT64,SPNU4628947,,,,,,40,HC,,,,,,,,,E,,,,,,,,,,,,,9/8/2026 0:35,,,,770,47712,218,05:27.0,,,
1930,IDJKT,JKT64,SPNU3210762,,,,,,20,GP,,,,,,,,,E,,,,,,,,,,,,,9/8/2026 5:49,,,,770,47712,218,05:27.0,,,
1931,IDJKT,JKT64,SPNU3029780,,,,,,20,GP,,,,,,,,,E,,,,,,,,,,,,,9/8/2026 1:46,,,,770,47712,218,05:27.0,,,
1932,IDJKT,JKT64,SPNU4623436,,,,,,40,HC,,,,,,,,,E,,,,,,,,,,,,,8/8/2026 21:46,,,,770,47712,218,05:27.0,,,
4521,IDJKT,JKT64,MRTU2318310,Ht17,,,,,20,GP,,,,,,,,,F,Ada,,,,,,,,,,,,26-08-2026 09:28,,,,770,49876,218,15:08.5,,,
1933,IDJKT,JKT64,SPNU2800234,,,,,,20,GP,,,,,,,,,E,,,,,,,,,,,,,8/8/2026 22:01,,,,770,47712,218,05:27.0,,,
1934,IDJKT,JKT64,SPNU4612241,,,,,,40,HC,,,,,,,,,E,,,,,,,,,,,,,9/8/2026 0:34,,,,770,47712,218,05:27.0,,,
1935,IDJKT,JKT64,SPNU3173890,,,,,,20,GP,,,,,,,,,E,,,,,,,,,,,,,9/8/2026 3:56,,,,770,47712,218,05:27.0,,,
1936,IDJKT,JKT64,SPNU3214006,,,,,,20,GP,,,,,,,,,E,,,,,,,,,,,,,9/8/2026 5:45,,,,770,47712,218,05:27.0,,,
1937,IDJKT,JKT64,SPNU2978988,,,,,,20,GP,,,,,,,,,E,,,,,,,,,,,,,9/8/2026 3:55,,,,770,47712,218,05:27.0,,,
1938,IDJKT,JKT64,SPNU2863510,,,,,,20,GP,,,,,,,,,E,,,,,,,,,,,,,9/8/2026 2:40,,,,770,47712,218,05:27.0,,,
1939,IDJKT,JKT64,SPNU3055368,,,,,,20,GP,,,,,,,,,E,,,,,,,,,,,,,9/8/2026 2:36,,,,770,47712,218,05:27.0,,,
1940,IDJKT,JKT64,SPNU3041209,,,,,,20,GP,,,,,,,,,E,,,,,,,,,,,,,9/8/2026 2:15,,,,770,47712,218,05:27.0,,,
1941,IDJKT,JKT64,SPNU3098138,,,,,,20,GP,,,,,,,,,E,,,,,,,,,,,,,9/8/2026 2:22,,,,770,47712,218,05:27.0,,,
1942,IDJKT,JKT64,SPNU3077897,,,,,,20,GP,,,,,,,,,E,,,,,,,,,,,,,9/8/2026 5:52,,,,770,47712,218,05:27.0,,,
1943,IDJKT,JKT64,SPNU3116400,,,,,,20,GP,,,,,,,,,E,,,,,,,,,,,,,9/8/2026 2:38,,,,770,47712,218,05:27.0,,,
1944,IDJKT,JKT64,SPNU3206551,,,,,,20,GP,,,,,,,,,E,,,,,,,,,,,,,9/8/2026 1:57,,,,770,47712,218,05:27.0,,,
1945,IDJKT,JKT64,SPNU3196622,,,,,,20,GP,,,,,,,,,E,,,,,,,,,,,,,9/8/2026 3:56,,,,770,47712,218,05:27.0,,,
1946,IDJKT,JKT64,SPNU3017959,,,,,,20,GP,,,,,,,,,E,,,,,,,,,,,,,9/8/2026 5:34,,,,770,47712,218,05:27.0,,,
1947,IDJKT,JKT64,SPNU3090944,,,,,,20,GP,,,,,,,,,E,,,,,,,,,,,,,9/8/2026 1:57,,,,770,47712,218,05:27.0,,,
1948,IDJKT,JKT64,SPNU4649770,,,,,,40,HC,,,,,,,,,E,,,,,,,,,,,,,8/8/2026 21:11,,,,770,47712,218,05:27.0,,,
1949,IDJKT,JKT64,SPNU2862998,,,,,,20,GP,,,,,,,,,E,,,,,,,,,,,,,9/8/2026 2:28,,,,770,47712,218,05:27.0,,,
1950,IDJKT,JKT64,SPNU2780272,,,,,,20,GP,,,,,,,,,E,,,,,,,,,,,,,9/8/2026 5:34,,,,770,47712,218,05:27.0,,,
1951,IDJKT,JKT64,SPNU2981488,,,,,,20,GP,,,,,,,,,E,,,,,,,,,,,,,9/8/2026 2:38,,,,770,47712,218,05:27.0,,,
1952,IDJKT,JKT64,SPNU4683712,,,,,,40,HC,,,,,,,,,E,,,,,,,,,,,,,9/8/2026 0:22,,,,770,47712,218,05:27.0,,,
1953,IDJKT,JKT64,SPNU4649575,,,,,,40,HC,,,,,,,,,E,,,,,,,,,,,,,9/8/2026 0:22,,,,770,47712,218,05:27.0,,,
1954,IDJKT,JKT64,SPNU3191805,,,,,,20,GP,,,,,,,,,E,,,,,,,,,,,,,9/8/2026 2:35,,,,770,47712,218,05:27.0,,,
1955,IDJKT,JKT64,SPNU3088891,,,,,,20,GP,,,,,,,,,E,,,,,,,,,,,,,9/8/2026 5:52,,,,770,47712,218,05:27.0,,,
1956,IDJKT,JKT64,SPNU4669083,,,,,,40,HC,,,,,,,,,E,,,,,,,,,,,,,9/8/2026 0:42,,,,770,47712,218,05:27.0,,,
1957,IDJKT,JKT64,SPNU4655027,,,,,,40,HC,,,,,,,,,E,,,,,,,,,,,,,8/8/2026 22:04,,,,770,47712,218,05:27.0,,,
1958,IDJKT,JKT64,TRHU8912204,,,,,,40,HC,,,,,,,,,F,,,,,,,,,,,,,8/8/2026 21:32,,,,770,47712,218,05:27.0,,,
1959,IDJKT,JKT64,SPNU4670037,,,,,,40,HC,,,,,,,,,E,,,,,,,,,,,,,9/8/2026 0:54,,,,770,47712,218,05:27.0,,,
1960,IDJKT,JKT64,SPNU3079890,,,,,,20,GP,,,,,,,,,E,,,,,,,,,,,,,9/8/2026 2:47,,,,770,47712,218,05:27.0,,,
1961,IDJKT,JKT64,SPNU3244470,,,,,,20,GP,,,,,,,,,E,,,,,,,,,,,,,9/8/2026 5:48,,,,770,47712,218,05:27.0,,,
1962,IDJKT,JKT64,SPNU3187955,,,,,,20,GP,,,,,,,,,E,,,,,,,,,,,,,9/8/2026 5:46,,,,770,47712,218,05:27.0,,,
1963,IDJKT,JKT64,SPNU3013167,,,,,,20,GP,,,,,,,,,E,,,,,,,,,,,,,9/8/2026 2:14,,,,770,47712,218,05:27.0,,,
1964,IDJKT,JKT64,SPNU4682486,,,,,,40,HC,,,,,,,,,E,,,,,,,,,,,,,9/8/2026 0:39,,,,770,47712,218,05:27.0,,,
1965,IDJKT,JKT64,SPNU2883440,,,,,,20,GP,,,,,,,,,E,,,,,,,,,,,,,9/8/2026 5:40,,,,770,47712,218,05:27.0,,,
1966,IDJKT,JKT64,SPNU2978289,,,,,,20,GP,,,,,,,,,E,,,,,,,,,,,,,9/8/2026 1:45,,,,770,47712,218,05:27.0,,,
1967,IDJKT,JKT64,SPNU4670839,,,,,,40,HC,,,,,,,,,E,,,,,,,,,,,,,9/8/2026 0:23,,,,770,47712,218,05:27.0,,,
1968,IDJKT,JKT64,SPNU3009974,,,,,,20,GP,,,,,,,,,E,,,,,,,,,,,,,9/8/2026 3:55,,,,770,47712,218,05:27.0,,,
1969,IDJKT,JKT64,SPNU3174372,,,,,,20,GP,,,,,,,,,E,,,,,,,,,,,,,9/8/2026 2:40,,,,770,47712,218,05:27.0,,,
1970,IDJKT,JKT64,SPNU4666130,,,,,,40,HC,,,,,,,,,E,,,,,,,,,,,,,9/8/2026 0:50,,,,770,47712,218,05:27.0,,,
1971,IDJKT,JKT64,SPNU4660825,,,,,,40,HC,,,,,,,,,E,,,,,,,,,,,,,9/8/2026 0:48,,,,770,47712,218,05:27.0,,,
1972,IDJKT,JKT64,SPNU3113187,,,,,,20,GP,,,,,,,,,E,,,,,,,,,,,,,9/8/2026 5:50,,,,770,47712,218,05:27.0,,,
1973,IDJKT,JKT64,SPNU3227997,,,,,,20,GP,,,,,,,,,E,,,,,,,,,,,,,9/8/2026 5:54,,,,770,47712,218,05:27.0,,,
1974,IDJKT,JKT64,SPNU4681140,,,,,,40,HC,,,,,,,,,E,,,,,,,,,,,,,9/8/2026 0:54,,,,770,47712,218,05:27.0,,,
1975,IDJKT,JKT64,SPNU3185058,,,,,,20,GP,,,,,,,,,E,,,,,,,,,,,,,9/8/2026 2:46,,,,770,47712,218,05:27.0,,,
1976,IDJKT,JKT64,SPNU3129326,,,,,,20,GP,,,,,,,,,E,,,,,,,,,,,,,8/8/2026 22:01,,,,770,47712,218,05:27.0,,,
1977,IDJKT,JKT64,SPNU3225187,,,,,,20,GP,,,,,,,,,E,,,,,,,,,,,,,9/8/2026 2:17,,,,770,47712,218,05:27.0,,,
3141,IDJKT,JKT64,MRTU2333715,H13,2A,10,5,3,20,GP,,,,,,,,,F,,,,,,,,,,,,,10/8/2026 7:51,,,,770,47893,218,07:22.4,,,
1979,IDJKT,JKT64,MRTU9676315,B9850uix,3a,46,4,2,40,HC,,,,,,,,,F,,,,,,,,,,,,,9/8/2026 4:02,,,,770,47721,218,05:34.6,,,
1981,IDJKT,JKT64,SPNU3130380,Ht24,3a,41,1,4,20,GP,,,,,,,,,E,,,,,,,,,,,,,9/8/2026 4:23,,,,770,47721,218,05:34.6,,,
1982,IDJKT,JKT64,TRHU5425239,B9662jk,3a,46,4,4,40,HC,,,,,,,,,F,,,,,,,,,,,,,9/8/2026 4:06,,,,770,47721,218,05:34.6,,,
7129,IDJKT,JKT64,MRTU2115903,,,,,,20,GP,,,,,,,,,F,Ada,,,,,,,,,,,,31-08-2026 19:57,,,,770,50504,218,48:07.8,,,
1984,IDJKT,JKT64,SEKU6262790,B9070tok,3a,46,5,2,40,HC,,,,,,,,,F,,,,,,,,,,,,,9/8/2026 3:58,,,,770,47721,218,05:34.6,,,
1985,IDJKT,JKT64,BMOU6027295,B9280uww,3a,46,5,4,40,HC,,,,,,,,,F,,,,,,,,,,,,,9/8/2026 4:04,,,,770,47721,218,05:34.6,,,
1986,IDJKT,JKT64,SPNU4679570,,3a,46,2,2,40,HC,,,,,,,,,F,,,,,,,,,,,,,9/8/2026 4:36,,,,770,47721,218,05:34.6,,,
1987,IDJKT,JKT64,ONEU5756471,B9249tei,3a,6,4,5,40,HC,,,,,,,,,F,,,,,,,,,,,,,9/8/2026 4:07,,,,770,47721,218,05:34.6,,,
1988,IDJKT,JKT64,SPNU2780591,Ht23,3a,38,6,2,20,GP,,,,,,,,,E,,,,,,,,,,,,,9/8/2026 4:25,,,,770,47721,218,05:34.6,,,
3143,IDJKT,JKT64,MRTU2216072,H02,2A,6,3,1,20,GP,,,,,,,,,F,,,,,,,,,,,,,10/8/2026 1:38,,,,770,47893,218,07:22.4,,,
1991,IDJKT,JKT64,FCIU7027087,B9758ufy,3a,46,3,1,40,HC,,,,,,,,,F,,,,,,,,,,,,,9/8/2026 3:59,,,,770,47721,218,05:34.6,,,
1992,IDJKT,JKT64,SPNU4658685,B9019fin,3a,46,2,3,40,HC,,,,,,,,,F,,,,,,,,,,,,,9/8/2026 4:08,,,,770,47721,218,05:34.6,,,
7130,IDJKT,JKT64,SPNU2778439,,,,,,20,GP,,,,,,,,,F,Ada,,,,,,,,,,,,31-08-2026 19:10,,,,770,50504,218,48:07.8,,,
7131,IDJKT,JKT64,MRTU9631516,,,,,,40,HC,,,,,,,,,E,,,,,,,,,,,,,31-08-2026 20:08,,,,770,50504,218,48:07.8,,,
4525,IDJKT,JKT64,DFSU3192235,Ht21,3A,16,3,2,20,GP,,,,,,,,,F,Ada,,,,,,,,,,,,26-08-2026 08:27,,,,770,49876,218,15:08.5,,,
1994,IDJKT,JKT64,MRTU9664633,B9856tej,3a,46,2,1,40,HC,,,,,,,,,F,,,,,,,,,,,,,9/8/2026 4:01,,,,770,47721,218,05:34.6,,,
1995,IDJKT,JKT64,MRTU9644719,B9187uix,3a,44,1,2,40,HC,,,,,,,,,F,,,,,,,,,,,,,9/8/2026 4:11,,,,770,47721,218,05:34.6,,,
1996,IDJKT,JKT64,UETU6189660,B9070tok,3a,46,5,5,40,HC,,,,,,,,,F,,,,,,,,,,,,,9/8/2026 4:09,,,,770,47721,218,05:34.6,,,
1997,IDJKT,JKT64,SPNU2968228,Ht24,3a,41,1,3,40,GP,,,,,,,,,F,,,,,,,,,,,,,9/8/2026 4:22,,,,770,47721,218,05:34.6,,,
1998,IDJKT,JKT64,FFAU7390351,B9071tei,3a,46,4,1,40,HC,,,,,,,,,F,,,,,,,,,,,,,9/8/2026 3:58,,,,770,47721,218,05:34.6,,,
1999,IDJKT,JKT64,SPNU2711651,Ht25,3a,41,3,1,20,GP,,,,,,,,,F,,,,,,,,,,,,,9/8/2026 4:16,,,,770,47721,218,05:34.6,,,
4526,IDJKT,JKT64,MRTU2189001,Ht06,3A,16,3,3,20,GP,,,,,,,,,F,Ada,,,,,,,,,,,,26-08-2026 08:31,,,,770,49876,218,15:08.5,,,
2001,IDJKT,JKT64,MRTU9648870,B9800ufz,3a,46,4,3,40,HC,,,,,,,,,F,,,,,,,,,,,,,9/8/2026 4:05,,,,770,47721,218,05:34.6,,,
2002,IDJKT,JKT64,SPNU4656635,Ht23,3a,44,2,3,40,HC,,,,,,,,,F,,,,,,,,,,,,,9/8/2026 4:16,,,,770,47721,218,05:34.6,,,
2003,IDJKT,JKT64,MRTU9607166,B9702ufy,3a,46,5,3,40,HC,,,,,,,,,F,,,,,,,,,,,,,9/8/2026 4:00,,,,770,47721,218,05:34.6,,,
2004,IDJKT,JKT64,TEMU8146316,B9249tei,3a,46,5,1,40,HC,,,,,,,,,F,,,,,,,,,,,,,9/8/2026 3:57,,,,770,47721,218,05:34.6,,,
2005,IDJKT,JKT64,TRHU7727412,B9662jk,3a,44,1,1,40,HC,,,,,,,,,F,,,,,,,,,,,,,9/8/2026 4:11,,,,770,47721,218,05:34.6,,,
2006,IDJKT,JKT64,ONEU1674713,B9249fei,3a,44,1,3,40,HC,,,,,,,,,F,,,,,,,,,,,,,9/8/2026 4:12,,,,770,47721,218,05:34.6,,,
2007,IDJKT,JKT64,SPNU4633671,Ht26,3a,44,6,4,40,HC,,,,,,,,,F,,,,,,,,,,,,,9/8/2026 4:14,,,,770,47721,218,05:34.6,,,
2008,IDJKT,JKT64,SPNU3228144,Ht25,1b,11,4,5,20,GP,,,,,,,,,E,,,,,,,,,,,,,9/8/2026 7:41,,,,770,47770,218,05:34.8,,,
2009,IDJKT,JKT64,WHSU0268197,Ht23,1b,11,4,4,20,GP,,,,,,,,,F,,,,,,,,,,,,,9/8/2026 7:40,,,,770,47770,218,05:34.8,,,
2010,IDJKT,JKT64,WHSU2978238,Ht23,1b,11,4,3,20,GP,,,,,,,,,F,,,,,,,,,,,,,9/8/2026 7:39,,,,770,47770,218,05:34.8,,,
2011,IDJKT,JKT64,SPNU3143643,Ht25,1b,11,5,3,20,GP,,,,,,,,,E,,,,,,,,,,,,,9/8/2026 7:42,,,,770,47770,218,05:34.8,,,
2012,IDJKT,JKT64,SPNU2978252,Ht22,1b,11,4,2,20,GP,,,,,,,,,E,,,,,,,,,,,,,9/8/2026 7:37,,,,770,47770,218,05:34.8,,,
2013,IDJKT,JKT64,SPNU3044105,Ht22,1b,11,4,1,20,GP,,,,,,,,,E,,,,,,,,,,,,,9/8/2026 7:36,,,,770,47770,218,05:34.8,,,
3144,IDJKT,JKT64,MRTU2178239,H13,10,10,5,4,20,GP,,,,,,,,,F,,,,,,,,,,,,,10/8/2026 7:52,,,,770,47893,218,07:22.4,,,
2015,IDJKT,JKT64,SPNU2995455,HT223,1A,5,2,3,20,GP,,,,,,,,,F,,,,,,,,,,,,,9/8/2026 6:15,,,,770,47775,218,05:34.9,,,
2016,IDJKT,JKT64,SPNU3064924,H02,1A,6,6,1,20,GP,,,,,,,,,E,,,,,,,,,,,,,9/8/2026 7:12,,,,770,47775,218,05:34.9,,,
2017,IDJKT,JKT64,SPNU3189109,H11,1A,6,4,2,20,GP,,,,,,,,,E,,,,,,,,,,,,,9/8/2026 7:23,,,,770,47775,218,05:34.9,,,
3145,IDJKT,JKT64,TEGU7038477,H19,2A,10,4,4,20,GP,,,,,,,,,E,,,,,,,,,,,,,10/8/2026 0:34,,,,770,47893,218,07:22.4,,,
2019,IDJKT,JKT64,SPNU2867686,H22,1A,5,2,1,20,GP,,,,,,,,,F,,,,,,,,,,,,,9/8/2026 6:09,,,,770,47775,218,05:34.9,,,
2020,IDJKT,JKT64,SPNU2999872,H22,1A,6,1,1,20,GP,,,,,,,,,E,,,,,,,,,,,,,9/8/2026 7:09,,,,770,47775,218,05:34.9,,,
2021,IDJKT,JKT64,SPNU3195518,H10,1A,6,1,3,20,GP,,,,,,,,,E,,,,,,,,,,,,,9/8/2026 7:29,,,,770,47775,218,05:34.9,,,
2023,IDJKT,JKT64,TEMU0317808,H10,1A,6,1,4,20,GP,,,,,,,,,E,,,,,,,,,,,,,9/8/2026 7:30,,,,770,47775,218,05:34.9,,,
2024,IDJKT,JKT64,SPNU2826075,H23,1A,5,2,4,20,GP,,,,,,,,,F,,,,,,,,,,,,,9/8/2026 6:16,,,,770,47775,218,05:34.9,,,
2025,IDJKT,JKT64,SPNU2822505,H24,2A,9,5,1,20,GP,,,,,,,,,F,,,,,,,,,,,,,9/8/2026 0:13,,,,770,47775,218,05:34.9,,,
4528,IDJKT,JKT64,MRTU2336273,Ht06,3A,16,3,4,20,GP,,,,,,,,,F,Ada,,,,,,,,,,,,26-08-2026 08:32,,,,770,49876,218,15:08.5,,,
2028,IDJKT,JKT64,SPNU2910165,H04,1A,6,4,4,20,GP,,,,,,,,,E,,,,,,,,,,,,,9/8/2026 7:25,,,,770,47775,218,05:34.9,,,
2030,IDJKT,JKT64,SPNU3212826,H22,1A,6,1,2,20,GP,,,,,,,,,E,,,,,,,,,,,,,9/8/2026 7:09,,,,770,47775,218,05:34.9,,,
4531,IDJKT,JKT64,FCIU6092909,Ht28,3A,17,2,2,20,GP,,,,,,,,,F,Ada,,,,,,,,,,,,26-08-2026 09:01,,,,770,49876,218,15:08.5,,,
2032,IDJKT,JKT64,SPNU3244361,H04,1A,6,4,3,20,GP,,,,,,,,,E,,,,,,,,,,,,,9/8/2026 7:24,,,,770,47775,218,05:34.9,,,
2033,IDJKT,JKT64,SPNU2863438,H25,1A,9,3,2,20,GP,,,,,,,,,F,,,,,,,,,,,,,9/8/2026 3:04,,,,770,47775,218,05:34.9,,,
2034,IDJKT,JKT64,SPNU3152012,H25,1A,9,3,1,20,GP,,,,,,,,,F,,,,,,,,,,,,,9/8/2026 3:04,,,,770,47775,218,05:34.9,,,
2035,IDJKT,JKT64,SPNU3041256,H06,1A,6,6,4,20,GP,,,,,,,,,E,,,,,,,,,,,,,9/8/2026 7:16,,,,770,47775,218,05:34.9,,,
4532,IDJKT,JKT64,MRTU2249482,Ht17,3A,17,5,3,20,GP,,,,,,,,,F,Ada,,,,,,,,,,,,26-08-2026 09:27,,,,770,49876,218,15:08.5,,,
2037,IDJKT,JKT64,SPNU3137152,H24,,,,,20,GP,,,,,,,,,F,,,,,,,,,,,,,9/8/2026 0:14,,,,770,47775,218,05:34.9,,,
2038,IDJKT,JKT64,SPNU3062270,H22,1A,5,2,2ĺ,20,GP,,,,,,,,,F,,,,,,,,,,,,,9/8/2026 6:10,,,,770,47775,218,05:34.9,,,
2040,IDJKT,JKT64,SPNU2999888,H21,1A,6,5,2,20,GP,,,,,,,,,E,,,,,,,,,,,,,9/8/2026 7:32,,,,770,47775,218,05:34.9,,,
2041,IDJKT,JKT64,SPNU3123288,H02,1A,6,6,2,20,GP,,,,,,,,,E,,,,,,,,,,,,,9/8/2026 7:13,,,,770,47775,218,05:34.9,,,
2042,IDJKT,JKT64,SPNU2957481,H11,1A,6,4,1,20,GP,,,,,,,,,E,,,,,,,,,,,,,9/8/2026 7:22,,,,770,47775,218,05:34.9,,,
2043,IDJKT,JKT64,SPNU3151952,H29,1A,9,3,3,20,GP,,,,,,,,,F,,,,,,,,,,,,,9/8/2026 3:05,,,,770,47775,218,05:34.9,,,
4534,IDJKT,JKT64,MRTU2088834,Ht12,3A,7,2,1,20,GP,,,,,,,,,F,Ada,,,,,,,,,,,,26-08-2026 10:28,,,,770,49876,218,15:08.5,,,
2045,IDJKT,JKT64,FBIU0117818,Ht26,3a,7,,,20,GP,,,,,,,,,F,,,,,,,,,,,,,9/8/2026 7:30,,,,770,47717,218,05:35.1,,,
2046,IDJKT,JKT64,SPNU2918799,Ht10,3a,16,,,20,GP,,,,,,,,,E,,,,,,,,,,,,,9/8/2026 6:05,,,,770,47717,218,05:35.1,,,
2047,IDJKT,JKT64,SPNU2899940,Ht21,3a,17,,,20,GP,,,,,,,,,F,,,,,,,,,,,,,9/8/2026 6:00,,,,770,47717,218,05:35.1,,,
2049,IDJKT,JKT64,SPNU2816987,Ht21,3a,23,,,20,GP,,,,,,,,,E,,,,,,,,,,,,,9/8/2026 6:52,,,,770,47717,218,05:35.1,,,
2050,IDJKT,JKT64,SPNU3108175,Ht22,3a,14,,,20,GP,,,,,,,,,F,,,,,,,,,,,,,9/8/2026 6:02,,,,770,47717,218,05:35.1,,,
4536,IDJKT,JKT64,MRTU2124340,Ht15,3A,17,2,3,20,GP,,,,,,,,,F,Ada,,,,,,,,,,,,26-08-2026 09:11,,,,770,49876,218,15:08.5,,,
2052,IDJKT,JKT64,WHSU2314136,Ht28,3a,7,,,20,GP,,,,,,,,,F,,,,,,,,,,,,,9/8/2026 7:33,,,,770,47717,218,05:35.1,,,
2053,IDJKT,JKT64,SPNU3014857,Ht28,3a,17,,,20,GP,,,,,,,,,F,,,,,,,,,,,,,9/8/2026 6:07,,,,770,47717,218,05:35.1,,,
2054,IDJKT,JKT64,SPNU3016103,Ht22,3a,17,,,20,GP,,,,,,,,,F,,,,,,,,,,,,,9/8/2026 5:59,,,,770,47717,218,05:35.1,,,
2055,IDJKT,JKT64,WHSU2345728,Ht26,3a,7,,,20,GP,,,,,,,,,F,,,,,,,,,,,,,9/8/2026 7:30,,,,770,47717,218,05:35.1,,,
3147,IDJKT,JKT64,TEGU3031089,H19,2A,10,4,3,20,GP,,,,,,,,,E,,,,,,,,,,,,,10/8/2026 0:33,,,,770,47893,218,07:22.4,,,
2057,IDJKT,JKT64,WHSU2981524,Ht24,3a,8,,,20,GP,,,,,,,,,F,,,,,,,,,,,,,9/8/2026 7:15,,,,770,47717,218,05:35.1,,,
2058,IDJKT,JKT64,MRTU2061371,B9405uwx,3a,1,6,3,20,GP,,,,,,,,,F,J296465,,,,,,,,,,,,9/8/2026 5:57,,,,770,47717,218,05:35.1,,,
2059,IDJKT,JKT64,WHLU0663534,Ht29,3a,7,,,20,GP,,,,,,,,,F,,,,,,,,,,,,,9/8/2026 7:22,,,,770,47717,218,05:35.1,,,
2060,IDJKT,JKT64,SPNU2779013,Ht22,3a,17,,,20,GP,,,,,,,,,F,,,,,,,,,,,,,9/8/2026 5:59,,,,770,47717,218,05:35.1,,,
2061,IDJKT,JKT64,MRTU2161447,B9288uiv,3a,1,6,4,20,GP,,,,,,,,,F,J294874,,,,,,,,,,,,9/8/2026 5:57,,,,770,47717,218,05:35.1,,,
2062,IDJKT,JKT64,SPNU3092952,Ht21,3a,23,,,20,GP,,,,,,,,,F,,,,,,,,,,,,,9/8/2026 6:53,,,,770,47717,218,05:35.1,,,
2063,IDJKT,JKT64,SPNU3195225,Ht21,3a,17,,,20,GP,,,,,,,,,F,,,,,,,,,,,,,9/8/2026 6:00,,,,770,47717,218,05:35.1,,,
2064,IDJKT,JKT64,SPNU2962209,Ht29,3a,17,,,20,GP,,,,,,,,,E,,,,,,,,,,,,,9/8/2026 6:09,,,,770,47717,218,05:35.1,,,
3148,IDJKT,JKT64,MRTU2016222,H02,2A,11,5,3,20,GP,,,,,,,,,F,,,,,,,,,,,,,10/8/2026 6:07,,,,770,47893,218,07:22.4,,,
2066,IDJKT,JKT64,SPNU3198538,Ht29,3a,17,,,20,GP,,,,,,,,,F,,,,,,,,,,,,,9/8/2026 6:08,,,,770,47717,218,05:35.1,,,
2067,IDJKT,JKT64,WHSU0332465,Ht01,3a,8,,,20,GP,,,,,,,,,F,,,,,,,,,,,,,9/8/2026 7:19,,,,770,47717,218,05:35.1,,,
2068,IDJKT,JKT64,SPNU3039639,Ht28,3a,16,,,20,GP,,,,,,,,,F,,,,,,,,,,,,,9/8/2026 6:06,,,,770,47717,218,05:35.1,,,
2070,IDJKT,JKT64,SPNU2972927,,,,,,20,GP,,,,,,,,,E,,,,,,,,,,,,,9/8/2026 2:17,,,,770,47712,218,05:35.2,,,
2071,IDJKT,JKT64,SPNU4633795,,,,,,40,HC,,,,,,,,,E,,,,,,,,,,,,,9/8/2026 0:33,,,,770,47712,218,05:35.2,,,
2072,IDJKT,JKT64,SPNU3090693,,,,,,20,GP,,,,,,,,,E,,,,,,,,,,,,,9/8/2026 6:22,,,,770,47712,218,05:35.2,,,
2073,IDJKT,JKT64,SPNU3102665,,,,,,20,GP,,,,,,,,,E,,,,,,,,,,,,,9/8/2026 5:54,,,,770,47712,218,05:35.2,,,
2074,IDJKT,JKT64,SPNU4628947,,,,,,40,HC,,,,,,,,,E,,,,,,,,,,,,,9/8/2026 0:35,,,,770,47712,218,05:35.2,,,
2075,IDJKT,JKT64,SPNU3210762,,,,,,20,GP,,,,,,,,,E,,,,,,,,,,,,,9/8/2026 5:49,,,,770,47712,218,05:35.2,,,
2076,IDJKT,JKT64,SPNU3029780,,,,,,20,GP,,,,,,,,,E,,,,,,,,,,,,,9/8/2026 1:46,,,,770,47712,218,05:35.2,,,
2077,IDJKT,JKT64,SPNU4623436,,,,,,40,HC,,,,,,,,,E,,,,,,,,,,,,,8/8/2026 21:46,,,,770,47712,218,05:35.2,,,
2078,IDJKT,JKT64,SPNU2817392,,,,,,20,GP,,,,,,,,,E,,,,,,,,,,,,,9/8/2026 6:49,,,,770,47712,218,05:35.2,,,
2079,IDJKT,JKT64,SPNU2800234,,,,,,20,GP,,,,,,,,,E,,,,,,,,,,,,,8/8/2026 22:01,,,,770,47712,218,05:35.2,,,
2080,IDJKT,JKT64,SPNU4612241,,,,,,40,HC,,,,,,,,,E,,,,,,,,,,,,,9/8/2026 0:34,,,,770,47712,218,05:35.2,,,
2081,IDJKT,JKT64,SPNU2763779,,,,,,20,GP,,,,,,,,,E,,,,,,,,,,,,,9/8/2026 6:35,,,,770,47712,218,05:35.2,,,
2082,IDJKT,JKT64,SPNU3173890,,,,,,20,GP,,,,,,,,,E,,,,,,,,,,,,,9/8/2026 3:56,,,,770,47712,218,05:35.2,,,
2083,IDJKT,JKT64,SPNU3077897,,,,,,20,GP,,,,,,,,,E,,,,,,,,,,,,,9/8/2026 5:52,,,,770,47712,218,05:35.2,,,
2084,IDJKT,JKT64,SPNU3116400,,,,,,20,GP,,,,,,,,,E,,,,,,,,,,,,,9/8/2026 2:38,,,,770,47712,218,05:35.2,,,
2085,IDJKT,JKT64,SPNU3206551,,,,,,20,GP,,,,,,,,,E,,,,,,,,,,,,,9/8/2026 1:57,,,,770,47712,218,05:35.2,,,
2086,IDJKT,JKT64,SPNU3196622,,,,,,20,GP,,,,,,,,,E,,,,,,,,,,,,,9/8/2026 3:56,,,,770,47712,218,05:35.2,,,
2087,IDJKT,JKT64,SPNU3017959,,,,,,20,GP,,,,,,,,,E,,,,,,,,,,,,,9/8/2026 5:34,,,,770,47712,218,05:35.2,,,
2088,IDJKT,JKT64,SPNU3090944,,,,,,20,GP,,,,,,,,,E,,,,,,,,,,,,,9/8/2026 1:57,,,,770,47712,218,05:35.2,,,
2089,IDJKT,JKT64,SPNU4649770,,,,,,40,HC,,,,,,,,,E,,,,,,,,,,,,,8/8/2026 21:11,,,,770,47712,218,05:35.2,,,
2090,IDJKT,JKT64,SPNU2862998,,,,,,20,GP,,,,,,,,,E,,,,,,,,,,,,,9/8/2026 2:28,,,,770,47712,218,05:35.2,,,
2091,IDJKT,JKT64,SPNU2780272,,,,,,20,GP,,,,,,,,,E,,,,,,,,,,,,,9/8/2026 5:34,,,,770,47712,218,05:35.2,,,
2092,IDJKT,JKT64,SPNU3108719,,,,,,20,GP,,,,,,,,,E,,,,,,,,,,,,,9/8/2026 7:09,,,,770,47712,218,05:35.2,,,
2093,IDJKT,JKT64,SPNU2819820,,,,,,20,GP,,,,,,,,,E,,,,,,,,,,,,,9/8/2026 7:06,,,,770,47712,218,05:35.2,,,
2094,IDJKT,JKT64,SPNU2981488,,,,,,20,GP,,,,,,,,,E,,,,,,,,,,,,,9/8/2026 2:38,,,,770,47712,218,05:35.2,,,
2095,IDJKT,JKT64,SPNU4683712,,,,,,40,HC,,,,,,,,,E,,,,,,,,,,,,,9/8/2026 0:22,,,,770,47712,218,05:35.2,,,
2096,IDJKT,JKT64,SPNU4649575,,,,,,40,HC,,,,,,,,,E,,,,,,,,,,,,,9/8/2026 0:22,,,,770,47712,218,05:35.2,,,
2097,IDJKT,JKT64,SPNU3191805,,,,,,20,GP,,,,,,,,,E,,,,,,,,,,,,,9/8/2026 2:35,,,,770,47712,218,05:35.2,,,
2098,IDJKT,JKT64,SPNU3088891,,,,,,20,GP,,,,,,,,,E,,,,,,,,,,,,,9/8/2026 5:52,,,,770,47712,218,05:35.2,,,
2099,IDJKT,JKT64,SPNU4669083,,,,,,40,HC,,,,,,,,,E,,,,,,,,,,,,,9/8/2026 0:42,,,,770,47712,218,05:35.2,,,
2100,IDJKT,JKT64,SPNU4655027,,,,,,40,HC,,,,,,,,,E,,,,,,,,,,,,,8/8/2026 22:04,,,,770,47712,218,05:35.2,,,
2101,IDJKT,JKT64,SPNU3009974,,,,,,20,GP,,,,,,,,,E,,,,,,,,,,,,,9/8/2026 3:55,,,,770,47712,218,05:35.2,,,
2102,IDJKT,JKT64,SPNU3174372,,,,,,20,GP,,,,,,,,,E,,,,,,,,,,,,,9/8/2026 2:40,,,,770,47712,218,05:35.2,,,
2103,IDJKT,JKT64,SPNU4666130,,,,,,40,HC,,,,,,,,,E,,,,,,,,,,,,,9/8/2026 0:50,,,,770,47712,218,05:35.2,,,
2104,IDJKT,JKT64,SPNU4660825,,,,,,40,HC,,,,,,,,,E,,,,,,,,,,,,,9/8/2026 0:48,,,,770,47712,218,05:35.2,,,
2105,IDJKT,JKT64,SPNU3214006,,,,,,20,GP,,,,,,,,,E,,,,,,,,,,,,,9/8/2026 5:45,,,,770,47712,218,05:35.2,,,
2106,IDJKT,JKT64,SPNU2978988,,,,,,20,GP,,,,,,,,,E,,,,,,,,,,,,,9/8/2026 3:55,,,,770,47712,218,05:35.2,,,
2107,IDJKT,JKT64,SPNU2895815,,,,,,20,GP,,,,,,,,,E,,,,,,,,,,,,,9/8/2026 6:23,,,,770,47712,218,05:35.2,,,
2108,IDJKT,JKT64,SPNU2863510,,,,,,20,GP,,,,,,,,,E,,,,,,,,,,,,,9/8/2026 2:40,,,,770,47712,218,05:35.2,,,
2109,IDJKT,JKT64,SPNU3055368,,,,,,20,GP,,,,,,,,,E,,,,,,,,,,,,,9/8/2026 2:36,,,,770,47712,218,05:35.2,,,
2110,IDJKT,JKT64,SPNU2710296,,,,,,20,GP,,,,,,,,,E,,,,,,,,,,,,,9/8/2026 6:28,,,,770,47712,218,05:35.2,,,
2111,IDJKT,JKT64,SPNU3041209,,,,,,20,GP,,,,,,,,,E,,,,,,,,,,,,,9/8/2026 2:15,,,,770,47712,218,05:35.2,,,
2112,IDJKT,JKT64,SPNU3098138,,,,,,20,GP,,,,,,,,,E,,,,,,,,,,,,,9/8/2026 2:22,,,,770,47712,218,05:35.2,,,
2113,IDJKT,JKT64,SPNU2971577,,,,,,20,GP,,,,,,,,,E,,,,,,,,,,,,,9/8/2026 6:31,,,,770,47712,218,05:35.2,,,
2114,IDJKT,JKT64,SPNU3113187,,,,,,20,GP,,,,,,,,,E,,,,,,,,,,,,,9/8/2026 5:50,,,,770,47712,218,05:35.2,,,
2115,IDJKT,JKT64,SPNU3227997,,,,,,20,GP,,,,,,,,,E,,,,,,,,,,,,,9/8/2026 5:54,,,,770,47712,218,05:35.2,,,
2116,IDJKT,JKT64,SPNU4681140,,,,,,40,HC,,,,,,,,,E,,,,,,,,,,,,,9/8/2026 0:54,,,,770,47712,218,05:35.2,,,
2117,IDJKT,JKT64,SPNU3185058,,,,,,20,GP,,,,,,,,,E,,,,,,,,,,,,,9/8/2026 2:46,,,,770,47712,218,05:35.2,,,
2118,IDJKT,JKT64,SPNU3217854,,,,,,20,GP,,,,,,,,,E,,,,,,,,,,,,,9/8/2026 5:41,,,,770,47712,218,05:35.2,,,
2119,IDJKT,JKT64,SPNU3063682,,,,,,20,GP,,,,,,,,,E,,,,,,,,,,,,,9/8/2026 2:23,,,,770,47712,218,05:35.2,,,
2120,IDJKT,JKT64,SPNU2990751,,,,,,20,GP,,,,,,,,,E,,,,,,,,,,,,,9/8/2026 2:14,,,,770,47712,218,05:35.2,,,
2121,IDJKT,JKT64,SPNU4690049,,,,,,40,HC,,,,,,,,,E,,,,,,,,,,,,,9/8/2026 0:38,,,,770,47712,218,05:35.2,,,
2122,IDJKT,JKT64,SPNU3127616,,,,,,20,GP,,,,,,,,,E,,,,,,,,,,,,,9/8/2026 7:10,,,,770,47712,218,05:35.2,,,
2123,IDJKT,JKT64,SPNU4643279,,,,,,40,HC,,,,,,,,,E,,,,,,,,,,,,,9/8/2026 0:28,,,,770,47712,218,05:35.2,,,
2124,IDJKT,JKT64,SPNU2912893,,,,,,20,GP,,,,,,,,,E,,,,,,,,,,,,,9/8/2026 2:14,,,,770,47712,218,05:35.2,,,
2125,IDJKT,JKT64,SPNU3152202,,,,,,20,GP,,,,,,,,,E,,,,,,,,,,,,,9/8/2026 2:29,,,,770,47712,218,05:35.2,,,
2126,IDJKT,JKT64,SPNU4634894,,,,,,40,HC,,,,,,,,,F,,,,,,,,,,,,,8/8/2026 21:31,,,,770,47712,218,05:35.2,,,
2127,IDJKT,JKT64,SPNU3129326,,,,,,20,GP,,,,,,,,,E,,,,,,,,,,,,,8/8/2026 22:01,,,,770,47712,218,05:35.2,,,
2128,IDJKT,JKT64,SPNU3225187,,,,,,20,GP,,,,,,,,,E,,,,,,,,,,,,,9/8/2026 2:17,,,,770,47712,218,05:35.2,,,
2129,IDJKT,JKT64,TRHU8912204,,,,,,40,HC,,,,,,,,,F,,,,,,,,,,,,,8/8/2026 21:32,,,,770,47712,218,05:35.2,,,
2130,IDJKT,JKT64,SPNU4670037,,,,,,40,HC,,,,,,,,,E,,,,,,,,,,,,,9/8/2026 0:54,,,,770,47712,218,05:35.2,,,
2131,IDJKT,JKT64,SPNU2773118,,,,,,20,GP,,,,,,,,,E,,,,,,,,,,,,,9/8/2026 6:29,,,,770,47712,218,05:35.2,,,
2132,IDJKT,JKT64,SPNU3079890,,,,,,20,GP,,,,,,,,,E,,,,,,,,,,,,,9/8/2026 2:47,,,,770,47712,218,05:35.2,,,
2133,IDJKT,JKT64,SPNU3244470,,,,,,20,GP,,,,,,,,,E,,,,,,,,,,,,,9/8/2026 5:48,,,,770,47712,218,05:35.2,,,
2134,IDJKT,JKT64,SPNU3122430,,,,,,20,GP,,,,,,,,,E,,,,,,,,,,,,,9/8/2026 7:07,,,,770,47712,218,05:35.2,,,
2135,IDJKT,JKT64,SPNU3187955,,,,,,20,GP,,,,,,,,,E,,,,,,,,,,,,,9/8/2026 5:46,,,,770,47712,218,05:35.2,,,
2136,IDJKT,JKT64,SPNU3013167,,,,,,20,GP,,,,,,,,,E,,,,,,,,,,,,,9/8/2026 2:14,,,,770,47712,218,05:35.2,,,
2137,IDJKT,JKT64,SPNU4682486,,,,,,40,HC,,,,,,,,,E,,,,,,,,,,,,,9/8/2026 0:39,,,,770,47712,218,05:35.2,,,
2138,IDJKT,JKT64,SPNU2883440,,,,,,20,GP,,,,,,,,,E,,,,,,,,,,,,,9/8/2026 5:40,,,,770,47712,218,05:35.2,,,
2139,IDJKT,JKT64,SPNU2978289,,,,,,20,GP,,,,,,,,,E,,,,,,,,,,,,,9/8/2026 1:45,,,,770,47712,218,05:35.2,,,
2140,IDJKT,JKT64,SPNU4670839,,,,,,40,HC,,,,,,,,,E,,,,,,,,,,,,,9/8/2026 0:23,,,,770,47712,218,05:35.2,,,
2142,IDJKT,JKT74,SPNU2763779,,,,,,20,GP,,,,,,,,,E,,,,,,,,,,,,,9/8/2026 6:37,,,,770,47718,219,05:35.8,,,
2143,IDJKT,JKT74,SPNU3130667,,,,,,20,GP,,,,,,,,,E,,,,,,,,,,,,,9/8/2026 2:23,,,,770,47718,219,05:35.8,,,
2145,IDJKT,JKT74,SPNU3170269,,,,,,20,GP,,,,,,,,,E,,,,,,,,,,,,,9/8/2026 0:53,,,,770,47718,219,05:35.8,,,
2146,IDJKT,JKT74,SPNU3107538,,,,,,20,GP,,,,,,,,,E,,,,,,,,,,,,,9/8/2026 2:24,,,,770,47718,219,05:35.8,,,
2147,IDJKT,JKT74,SPNU3003390,,,,,,20,GP,,,,,,,,,E,,,,,,,,,,,,,9/8/2026 6:35,,,,770,47718,219,05:35.8,,,
4540,IDJKT,JKT64,TGCU2075081,Ht22,3A,1,6,4,20,GP,,,,,,,,,F,Ada,,,,,,,,,,,,26-08-2026 11:08,,,,770,49876,218,15:08.5,,,
2149,IDJKT,JKT74,SPNU3073649,,,,,,20,GP,,,,,,,,,E,,,,,,,,,,,,,9/8/2026 0:24,,,,770,47718,219,05:35.8,,,
2150,IDJKT,JKT74,SPNU3200553,,,,,,20,GP,,,,,,,,,E,,,,,,,,,,,,,9/8/2026 0:17,,,,770,47718,219,05:35.8,,,
4541,IDJKT,JKT64,MRTU2218239,Ht03,3A,17,3,5,20,GP,,,,,,,,,F,Ada,,,,,,,,,,,,26-08-2026 09:41,,,,770,49876,218,15:08.5,,,
2153,IDJKT,JKT74,SPNU3126918,,,,,,20,GP,,,,,,,,,E,,,,,,,,,,,,,9/8/2026 0:38,,,,770,47718,219,05:35.8,,,
2154,IDJKT,JKT74,SPNU2841260,,,,,,20,GP,,,,,,,,,E,,,,,,,,,,,,,9/8/2026 1:39,,,,770,47718,219,05:35.8,,,
2155,IDJKT,JKT74,SPNU2916271,,,,,,20,GP,,,,,,,,,E,,,,,,,,,,,,,9/8/2026 0:24,,,,770,47718,219,05:35.8,,,
2156,IDJKT,JKT74,SPNU3120709,,,,,,20,GP,,,,,,,,,E,,,,,,,,,,,,,9/8/2026 0:34,,,,770,47718,219,05:35.8,,,
2157,IDJKT,JKT74,SPNU3226239,,,,,,20,GP,,,,,,,,,E,,,,,,,,,,,,,9/8/2026 0:45,,,,770,47718,219,05:35.8,,,
4543,IDJKT,JKT64,MRLU2388853,Ht21,3A,17,5,2,20,GP,,,,,,,,,F,Ada,,,,,,,,,,,,26-08-2026 09:22,,,,770,49876,218,15:08.5,,,
2159,IDJKT,JKT74,SPNU2994567,,,,,,20,GP,,,,,,,,,E,,,,,,,,,,,,,9/8/2026 0:30,,,,770,47718,219,05:35.8,,,
2161,IDJKT,JKT74,SPNU2706784,,,,,,20,GP,,,,,,,,,E,,,,,,,,,,,,,9/8/2026 0:09,,,,770,47718,219,05:35.8,,,
2162,IDJKT,JKT74,SPNU3045652,,,,,,20,GP,,,,,,,,,E,,,,,,,,,,,,,9/8/2026 6:42,,,,770,47718,219,05:35.8,,,
2163,IDJKT,JKT74,SPNU3222681,,,,,,20,GP,,,,,,,,,E,,,,,,,,,,,,,9/8/2026 0:30,,,,770,47718,219,05:35.8,,,
6011,IDJKT,JKT74,MRTU2004242,Ht03,,,,,20,GP,,,,,,,,,E,,,,,,,,,,,,,28-08-2026 16:13,,,,770,50170,219,07:53.7,,,
2165,IDJKT,JKT74,SPNU2992733,,,,,,20,GP,,,,,,,,,E,,,,,,,,,,,,,9/8/2026 0:34,,,,770,47718,219,05:35.8,,,
2167,IDJKT,JKT74,SPNU2941823,,,,,,20,GP,,,,,,,,,E,,,,,,,,,,,,,9/8/2026 5:46,,,,770,47718,219,05:35.8,,,
2168,IDJKT,JKT74,SPNU2883440,,,,,,20,GP,,,,,,,,,E,,,,,,,,,,,,,9/8/2026 5:45,,,,770,47718,219,05:35.8,,,
2169,IDJKT,JKT74,SPNU3108771,,,,,,20,GP,,,,,,,,,E,,,,,,,,,,,,,9/8/2026 0:17,,,,770,47718,219,05:35.8,,,
2170,IDJKT,JKT74,SPNU3134908,,,,,,20,GP,,,,,,,,,E,,,,,,,,,,,,,9/8/2026 0:53,,,,770,47718,219,05:35.8,,,
4970,IDJKT,JKT74,MRTU2018164,,,,,,20,GP,,,,,,,,,E,,,,,,,,,,,,,27-08-2026 02:36,,,,770,49940,219,15:10.6,,,
2171,IDJKT,JKT74,SPNU3214217,,,,,,20,GP,,,,,,,,,E,,,,,,,,,,,,,9/8/2026 0:45,,,,770,47718,219,05:35.8,,,
2172,IDJKT,JKT74,SPNU2842899,,,,,,20,GP,,,,,,,,,E,,,,,,,,,,,,,9/8/2026 5:50,,,,770,47718,219,05:35.8,,,
2173,IDJKT,JKT74,SPNU3220610,Ht26,,,,,20,GP,,,,,,,,,E,,,,,,,,,,,,,9/8/2026 6:47,,,,770,47718,219,05:35.8,,,
2174,IDJKT,JKT74,SPNU3018343,,,,,,20,GP,,,,,,,,,E,,,,,,,,,,,,,9/8/2026 1:41,,,,770,47718,219,05:35.8,,,
2175,IDJKT,JKT74,SPNU3200785,,,,,,20,GP,,,,,,,,,E,,,,,,,,,,,,,9/8/2026 0:35,,,,770,47718,219,05:35.8,,,
2176,IDJKT,JKT74,SPNU3118168,,,,,,20,GP,,,,,,,,,E,,,,,,,,,,,,,9/8/2026 0:40,,,,770,47718,219,05:35.8,,,
2178,IDJKT,JKT74,SPNU3204672,,,,,,20,GP,,,,,,,,,E,,,,,,,,,,,,,9/8/2026 1:41,,,,770,47718,219,05:35.8,,,
2179,IDJKT,JKT74,SPNU2788015,,,,,,20,GP,,,,,,,,,E,,,,,,,,,,,,,9/8/2026 5:46,,,,770,47718,219,05:35.8,,,
2181,IDJKT,JKT74,SPNU4649003,,,,,,40,HC,,,,,,,,,E,,,,,,,,,,,,,9/8/2026 0:16,,,,770,47718,219,05:35.8,,,
2182,IDJKT,JKT74,SPNU3113187,,,,,,20,GP,,,,,,,,,E,,,,,,,,,,,,,9/8/2026 5:51,,,,770,47718,219,05:35.8,,,
6018,IDJKT,JKT74,MRTU2018924,Ht12,,,,,20,GP,,,,,,,,,E,,,,,,,,,,,,,28-08-2026 18:08,,,,770,50170,219,07:53.7,,,
2184,IDJKT,JKT74,SPNU3081161,,,,,,20,GP,,,,,,,,,E,,,,,,,,,,,,,9/8/2026 2:25,,,,770,47718,219,05:35.8,,,
2185,IDJKT,JKT74,SPNU2983937,,,,,,20,GP,,,,,,,,,E,,,,,,,,,,,,,9/8/2026 5:50,,,,770,47718,219,05:35.8,,,
2186,IDJKT,JKT74,SPNU2957727,,,,,,20,GP,,,,,,,,,E,,,,,,,,,,,,,9/8/2026 0:39,,,,770,47718,219,05:35.8,,,
2187,IDJKT,JKT74,SPNU3054438,,,,,,20,GP,,,,,,,,,E,,,,,,,,,,,,,9/8/2026 0:09,,,,770,47718,219,05:35.8,,,
6571,IDJKT,JKT74,MRTU2044878,,,,,,20,GP,,,,,,,,,E,,,,,,,,,,,,,30-08-2026 00:33,,,,770,50305,Cy219,00:31.0,,,
2189,IDJKT,JKT74,SPNU2840710,,,,,,20,GP,,,,,,,,,E,,,,,,,,,,,,,9/8/2026 0:53,,,,770,47718,219,05:35.8,,,
2190,IDJKT,JKT74,SPNU3148727,,,,,,20,GP,,,,,,,,,E,,,,,,,,,,,,,9/8/2026 0:09,,,,770,47718,219,05:35.8,,,
2191,IDJKT,JKT74,SPNU2971577,,,,,,20,GP,,,,,,,,,E,,,,,,,,,,,,,9/8/2026 6:36,,,,770,47718,219,05:35.8,,,
2192,IDJKT,JKT74,SPNU3063255,,,,,,20,GP,,,,,,,,,E,,,,,,,,,,,,,9/8/2026 0:15,,,,770,47718,219,05:35.8,,,
2194,IDJKT,JKT74,SPNU3197315,,,,,,20,GP,,,,,,,,,E,,,,,,,,,,,,,9/8/2026 0:52,,,,770,47718,219,05:35.8,,,
2195,IDJKT,JKT74,SPNU3162582,,,,,,20,GP,,,,,,,,,E,,,,,,,,,,,,,9/8/2026 6:36,,,,770,47718,219,05:35.8,,,
2196,IDJKT,JKT74,SPNU3111970,,,,,,20,GP,,,,,,,,,E,,,,,,,,,,,,,9/8/2026 1:39,,,,770,47718,219,05:35.8,,,
3150,IDJKT,JKT74,FCIU7016056,,,,,,40,HC,,,,,,,,,E,,,,,,,,,,,,,10/8/2026 3:12,,,,770,47833,219,07:22.5,,,
2198,IDJKT,JKT64,SPNU3236181,Ht25,1b,11,6,5,20,GP,,,,,,,,,E,,,,,,,,,,,,,9/8/2026 7:07,,,,770,47720,218,05:36.0,,,
3151,IDJKT,JKT74,MRTU2210454,,,,,,20,GP,,,,,,,,,F,,,,,,,,,,,,,10/8/2026 7:31,,,,770,47833,219,07:22.5,,,
3152,IDJKT,JKT74,MRTU9622181,,,,,,40,HC,,,,,,,,,E,,,,,,,,,,,,,9/8/2026 20:16,,,,770,47833,219,07:22.5,,,
2201,IDJKT,JKT64,SPNU2832566,Ht27,1b,10,3,4,20,GP,,,,,,,,,F,,,,,,,,,,,,,9/8/2026 6:58,,,,770,47720,218,05:36.0,,,
7138,IDJKT,JKT74,SPNU2880142,,,,,,20,GP,,,,,,,,,E,,,,,,,,,,,,,31-08-2026 21:48,,,,770,50516,Cy219,58:08.8,,,
2204,IDJKT,JKT64,SPNU3167590,Ht24,1b,8,1,3,20,GP,,,,,,,,,E,,,,,,,,,,,,,9/8/2026 6:33,,,,770,47720,218,05:36.0,,,
2205,IDJKT,JKT64,SPNU2929556,Ht27,1b,10,1,2,20,GP,,,,,,,,,F,,,,,,,,,,,,,9/8/2026 6:01,,,,770,47720,218,05:36.0,,,
2206,IDJKT,JKT64,SPNU3083800,Ht25,1b,11,6,4,20,GP,,,,,,,,,E,,,,,,,,,,,,,9/8/2026 7:07,,,,770,47720,218,05:36.0,,,
7139,IDJKT,JKT74,SPNU2880142,,,,,,20,GP,,,,,,,,,E,,,,,,,,,,,,,31-08-2026 22:40,,,,770,50516,Cy219,58:08.8,,,
2208,IDJKT,JKT64,SPNU2770320,Ht23,1b,13,2,2,20,GP,,,,,,,,,F,,,,,,,,,,,,,9/8/2026 5:28,,,,770,47720,218,05:36.0,,,
2209,IDJKT,JKT64,SPNU3148394,Ht25,1b,7,3,3,20,GP,,,,,,,,,F,,,,,,,,,,,,,9/8/2026 6:17,,,,770,47720,218,05:36.0,,,
2210,IDJKT,JKT64,SPNU2732633,Ht24,1b,14,1,4,20,GP,,,,,,,,,F,,,,,,,,,,,,,9/8/2026 3:07,,,,770,47720,218,05:36.0,,,
2211,IDJKT,JKT64,SPNU2856763,Ht28,1b,14,1,1,20,GP,,,,,,,,,F,,,,,,,,,,,,,9/8/2026 2:29,,,,770,47720,218,05:36.0,,,
3155,IDJKT,JKT74,MRTU9631434,,,,,,40,HC,,,,,,,,,E,,,,,,,,,,,,,10/8/2026 6:30,,,,770,47833,219,07:22.5,,,
7140,IDJKT,JKT74,HPCU4456885,,,,,,40,HC,,,,,,,,,E,,,,,,,,,,,,,31-08-2026 20:20,,,,770,50516,Cy219,58:08.8,,,
2214,IDJKT,JKT64,SPNU3049914,Ht26,1b,7,2,1,20,GP,,,,,,,,,E,,,,,,,,,,,,,9/8/2026 6:10,,,,770,47720,218,05:36.0,,,
2215,IDJKT,JKT64,SPNU2939831,Ht10,1b,10,3,5,20,GP,,,,,,,,,F,,,,,,,,,,,,,9/8/2026 6:56,,,,770,47720,218,05:36.0,,,
4551,IDJKT,JKT64,CMAU2092844,Ht27,3A,7,2,4,20,GP,,,,,,,,,F,Ada,,,,,,,,,,,,26-08-2026 10:36,,,,770,49876,218,15:08.5,,,
2217,IDJKT,JKT64,SPNU2909755,Ht28,1b,8,1,2,20,GP,,,,,,,,,E,,,,,,,,,,,,,9/8/2026 6:24,,,,770,47720,218,05:36.0,,,
4552,IDJKT,JKT64,TGCU0089316,Ht27,3A,7,2,5,20,GP,,,,,,,,,F,Ada,,,,,,,,,,,,26-08-2026 10:38,,,,770,49876,218,15:08.5,,,
2219,IDJKT,JKT64,SPNU2859103,Ht28,1b,14,1,2,20,GP,,,,,,,,,F,,,,,,,,,,,,,9/8/2026 2:30,,,,770,47720,218,05:36.0,,,
2220,IDJKT,JKT64,SPNU2962940,Ht26,1b,7,2,2,20,GP,,,,,,,,,E,,,,,,,,,,,,,9/8/2026 6:10,,,,770,47720,218,05:36.0,,,
2221,IDJKT,JKT64,SPNU3187261,Ht11,1b,8,2,5,20,GP,,,,,,,,,E,,,,,,,,,,,,,9/8/2026 6:37,,,,770,47720,218,05:36.0,,,
2222,IDJKT,JKT64,SPNU2854713,Ht10,1b,10,3,4,20,GP,,,,,,,,,F,,,,,,,,,,,,,9/8/2026 6:56,,,,770,47720,218,05:36.0,,,
2223,IDJKT,JKT64,SPNU3019632,Ht24,1b,14,1,3,20,GP,,,,,,,,,F,,,,,,,,,,,,,9/8/2026 3:06,,,,770,47720,218,05:36.0,,,
2224,IDJKT,JKT64,SPNU2910123,Ht28,1b,14,2,5,20,GP,,,,,,,,,F,,,,,,,,,,,,,9/8/2026 3:38,,,,770,47720,218,05:36.0,,,
2225,IDJKT,JKT64,SPNU2936241,Ht28,1b,11,5,5,20,GP,,,,,,,,,F,,,,,,,,,,,,,9/8/2026 7:03,,,,770,47720,218,05:36.0,,,
2227,IDJKT,JKT64,SPNU2761821,Ht28,1b,8,1,1,20,GP,,,,,,,,,F,,,,,,,,,,,,,9/8/2026 6:23,,,,770,47720,218,05:36.0,,,
7141,IDJKT,JKT74,SPNU3218758,,,,,,20,GP,,,,,,,,,E,,,,,,,,,,,,,31-08-2026 22:45,,,,770,50516,Cy219,58:08.8,,,
2229,IDJKT,JKT64,SPNU2992707,Ht21,1b,13,2,3,20,GP,,,,,,,,,F,,,,,,,,,,,,,9/8/2026 5:26,,,,770,47720,218,05:36.0,,,
7142,IDJKT,JKT74,MRTU2085769,,,,,,20,GP,,,,,,,,,E,,,,,,,,,,,,,31-08-2026 20:32,,,,770,50516,Cy219,58:08.8,,,
7143,IDJKT,JKT56,BMOU6039660,,1b,16,1,1,40,HC,,,,,,,,,F,,,,,,,,,,,,,31-08-2026 20:12,,,,770,50518,213,58:08.9,,,
7144,IDJKT,JKT56,TEGU7004625,,1b,20,4,1,20,GP,,,,,,,,,F,,,,,,,,,,,,,31-08-2026 20:06,,,,770,50518,213,58:08.9,,,
2231,IDJKT,JKT64,SPNU3160110,Ht24,1b,8,1,4,20,GP,,,,,,,,,F,,,,,,,,,,,,,9/8/2026 6:34,,,,770,47720,218,05:36.0,,,
3160,IDJKT,JKT74,MRTU9627645,,,,,,40,HC,,,,,,,,,E,,,,,,,,,,,,,10/8/2026 3:10,,,,770,47833,219,07:22.5,,,
2233,IDJKT,JKT64,SPNU3209355,Ht29,1b,7,4,4,20,GP,,,,,,,,,F,,,,,,,,,,,,,9/8/2026 6:21,,,,770,47720,218,05:36.0,,,
4555,IDJKT,JKT64,CMAU0608510,Ht21,3A,7,2,3,20,GP,,,,,,,,,F,Ada,,,,,,,,,,,,26-08-2026 10:32,,,,770,49876,218,15:08.5,,,
2235,IDJKT,JKT74,SPNU2763779,,,,,,20,GP,,,,,,,,,E,,,,,,,,,,,,,9/8/2026 6:37,,,,770,47718,219,05:43.9,,,
2236,IDJKT,JKT74,SPNU3130667,,,,,,20,GP,,,,,,,,,E,,,,,,,,,,,,,9/8/2026 2:23,,,,770,47718,219,05:43.9,,,
4556,IDJKT,JKT64,TRHU2976304,Ht17,3A,15,1,4,20,GP,,,,,,,,,F,Ada,,,,,,,,,,,,26-08-2026 10:13,,,,770,49876,218,15:08.5,,,
2238,IDJKT,JKT74,SPNU3170269,,,,,,20,GP,,,,,,,,,E,,,,,,,,,,,,,9/8/2026 0:53,,,,770,47718,219,05:43.9,,,
2239,IDJKT,JKT74,SPNU3107538,,,,,,20,GP,,,,,,,,,E,,,,,,,,,,,,,9/8/2026 2:24,,,,770,47718,219,05:43.9,,,
2240,IDJKT,JKT74,SPNU3003390,,,,,,20,GP,,,,,,,,,E,,,,,,,,,,,,,9/8/2026 6:35,,,,770,47718,219,05:43.9,,,
7145,IDJKT,JKT56,MRTU2044008,,1b,13,1,3,20,GP,,,,,,,,,F,,,,,,,,,,,,,31-08-2026 20:50,,,,770,50518,213,58:08.9,,,
2242,IDJKT,JKT74,SPNU3073649,,,,,,20,GP,,,,,,,,,E,,,,,,,,,,,,,9/8/2026 0:24,,,,770,47718,219,05:43.9,,,
2243,IDJKT,JKT74,SPNU3200553,,,,,,20,GP,,,,,,,,,E,,,,,,,,,,,,,9/8/2026 0:17,,,,770,47718,219,05:43.9,,,
4558,IDJKT,JKT56,MRTU2276045,B9849uiw,1A,5,2,1,20,GP,,,,,,,,,F,,,,,,,,,,,,,26-08-2026 19:14,,,,770,49929,213,15:08.7,,,
2245,IDJKT,JKT74,SPNU2842899,,,,,,20,GP,,,,,,,,,E,,,,,,,,,,,,,9/8/2026 5:50,,,,770,47718,219,05:43.9,,,
2246,IDJKT,JKT74,SPNU3220610,Ht26,,,,,20,GP,,,,,,,,,E,,,,,,,,,,,,,9/8/2026 6:47,,,,770,47718,219,05:43.9,,,
2247,IDJKT,JKT74,SPNU3018343,,,,,,20,GP,,,,,,,,,E,,,,,,,,,,,,,9/8/2026 1:41,,,,770,47718,219,05:43.9,,,
2248,IDJKT,JKT74,SPNU3200785,,,,,,20,GP,,,,,,,,,E,,,,,,,,,,,,,9/8/2026 0:35,,,,770,47718,219,05:43.9,,,
2249,IDJKT,JKT74,SPNU3118168,,,,,,20,GP,,,,,,,,,E,,,,,,,,,,,,,9/8/2026 0:40,,,,770,47718,219,05:43.9,,,
4559,IDJKT,JKT56,MRTU2315901,B9098beh,1A,19,5,5,20,GP,,,,,,,,,F,,,,,,,,,,,,,26-08-2026 16:24,,,,770,49929,213,15:08.7,,,
2251,IDJKT,JKT74,SPNU3204672,,,,,,20,GP,,,,,,,,,E,,,,,,,,,,,,,9/8/2026 1:41,,,,770,47718,219,05:43.9,,,
2252,IDJKT,JKT74,SPNU2788015,,,,,,20,GP,,,,,,,,,E,,,,,,,,,,,,,9/8/2026 5:46,,,,770,47718,219,05:43.9,,,
4560,IDJKT,JKT56,ONEU3374551,B9202kok,1A,14,5,2,20,GP,,,,,,,,,F,,,,,,,,,,,,,26-08-2026 17:01,,,,770,49929,213,15:08.7,,,
2254,IDJKT,JKT74,SPNU4649003,,,,,,40,HC,,,,,,,,,E,,,,,,,,,,,,,9/8/2026 0:16,,,,770,47718,219,05:43.9,,,
2255,IDJKT,JKT74,SPNU3113187,,,,,,20,GP,,,,,,,,,E,,,,,,,,,,,,,9/8/2026 5:51,,,,770,47718,219,05:43.9,,,
6021,IDJKT,JKT74,TEGU2918382,B9724ur,,,,,20,GP,,,,,,,,,E,,,,,,,,,,,,,28-08-2026 16:59,,,,770,50170,219,07:53.7,,,
2257,IDJKT,JKT74,SPNU3081161,,,,,,20,GP,,,,,,,,,E,,,,,,,,,,,,,9/8/2026 2:25,,,,770,47718,219,05:43.9,,,
2258,IDJKT,JKT74,SPNU2983937,,,,,,20,GP,,,,,,,,,E,,,,,,,,,,,,,9/8/2026 5:50,,,,770,47718,219,05:43.9,,,
2259,IDJKT,JKT74,SPNU2957727,,,,,,20,GP,,,,,,,,,E,,,,,,,,,,,,,9/8/2026 0:39,,,,770,47718,219,05:43.9,,,
2260,IDJKT,JKT74,SPNU3054438,,,,,,20,GP,,,,,,,,,E,,,,,,,,,,,,,9/8/2026 0:09,,,,770,47718,219,05:43.9,,,
2261,IDJKT,JKT74,SPNU3197315,,,,,,20,GP,,,,,,,,,E,,,,,,,,,,,,,9/8/2026 0:52,,,,770,47718,219,05:43.9,,,
2262,IDJKT,JKT74,SPNU3162582,,,,,,20,GP,,,,,,,,,E,,,,,,,,,,,,,9/8/2026 6:36,,,,770,47718,219,05:43.9,,,
2263,IDJKT,JKT74,SPNU3111970,,,,,,20,GP,,,,,,,,,E,,,,,,,,,,,,,9/8/2026 1:39,,,,770,47718,219,05:43.9,,,
4561,IDJKT,JKT56,MRTU2153312,B9256beh,1A,15,4,5,20,GP,,,,,,,,,F,,,,,,,,,,,,,26-08-2026 17:03,,,,770,49929,213,15:08.7,,,
2265,IDJKT,JKT74,SPNU3126918,,,,,,20,GP,,,,,,,,,E,,,,,,,,,,,,,9/8/2026 0:38,,,,770,47718,219,05:43.9,,,
2266,IDJKT,JKT74,SPNU2841260,,,,,,20,GP,,,,,,,,,E,,,,,,,,,,,,,9/8/2026 1:39,,,,770,47718,219,05:43.9,,,
2267,IDJKT,JKT74,SPNU2916271,,,,,,20,GP,,,,,,,,,E,,,,,,,,,,,,,9/8/2026 0:24,,,,770,47718,219,05:43.9,,,
2268,IDJKT,JKT74,SPNU3120709,,,,,,20,GP,,,,,,,,,E,,,,,,,,,,,,,9/8/2026 0:34,,,,770,47718,219,05:43.9,,,
2269,IDJKT,JKT74,SPNU3226239,,,,,,20,GP,,,,,,,,,E,,,,,,,,,,,,,9/8/2026 0:45,,,,770,47718,219,05:43.9,,,
4562,IDJKT,JKT56,CAAU3017897,B9202kok,1A,14,5,3,20,GP,,,,,,,,,F,,,,,,,,,,,,,26-08-2026 17:02,,,,770,49929,213,15:08.7,,,
2271,IDJKT,JKT74,SPNU2994567,,,,,,20,GP,,,,,,,,,E,,,,,,,,,,,,,9/8/2026 0:30,,,,770,47718,219,05:43.9,,,
4563,IDJKT,JKT56,MRTU2340870,B9255bek,1A,5,3,2,20,GP,,,,,,,,,F,,,,,,,,,,,,,26-08-2026 17:28,,,,770,49929,213,15:08.7,,,
2273,IDJKT,JKT74,SPNU2840710,,,,,,20,GP,,,,,,,,,E,,,,,,,,,,,,,9/8/2026 0:53,,,,770,47718,219,05:43.9,,,
2274,IDJKT,JKT74,SPNU3148727,,,,,,20,GP,,,,,,,,,E,,,,,,,,,,,,,9/8/2026 0:09,,,,770,47718,219,05:43.9,,,
2275,IDJKT,JKT74,SPNU2971577,,,,,,20,GP,,,,,,,,,E,,,,,,,,,,,,,9/8/2026 6:36,,,,770,47718,219,05:43.9,,,
2276,IDJKT,JKT74,SPNU3063255,,,,,,20,GP,,,,,,,,,E,,,,,,,,,,,,,9/8/2026 0:15,,,,770,47718,219,05:43.9,,,
6022,IDJKT,JKT74,MRLU2381756,Ht16,C,12,5,1,20,GP,,,,,,,,,E,,,,,,,,,,,,,28-08-2026 18:03,,,,770,50170,219,07:53.7,,,
4564,IDJKT,JKT56,MRTU2254703,Ht02,1A,5,6,1,20,GP,,,,,,,,,F,,,,,,,,,,,,,26-08-2026 19:17,,,,770,49929,213,15:08.7,,,
2279,IDJKT,JKT74,SPNU2706784,,,,,,20,GP,,,,,,,,,E,,,,,,,,,,,,,9/8/2026 0:09,,,,770,47718,219,05:43.9,,,
2280,IDJKT,JKT74,SPNU3045652,,,,,,20,GP,,,,,,,,,E,,,,,,,,,,,,,9/8/2026 6:42,,,,770,47718,219,05:43.9,,,
2281,IDJKT,JKT74,SPNU3222681,,,,,,20,GP,,,,,,,,,E,,,,,,,,,,,,,9/8/2026 0:30,,,,770,47718,219,05:43.9,,,
2283,IDJKT,JKT74,SPNU2992733,,,,,,20,GP,,,,,,,,,E,,,,,,,,,,,,,9/8/2026 0:34,,,,770,47718,219,05:43.9,,,
7146,IDJKT,JKT56,MRTU2346190,,1b,14,1,1,40,GP,,,,,,,,,F,,,,,,,,,,,,,31-08-2026 21:46,,,,770,50518,213,58:08.9,,,
2285,IDJKT,JKT74,SPNU2941823,,,,,,20,GP,,,,,,,,,E,,,,,,,,,,,,,9/8/2026 5:46,,,,770,47718,219,05:43.9,,,
2286,IDJKT,JKT74,SPNU2883440,,,,,,20,GP,,,,,,,,,E,,,,,,,,,,,,,9/8/2026 5:45,,,,770,47718,219,05:43.9,,,
2287,IDJKT,JKT74,SPNU3108771,,,,,,20,GP,,,,,,,,,E,,,,,,,,,,,,,9/8/2026 0:17,,,,770,47718,219,05:43.9,,,
2288,IDJKT,JKT74,SPNU3134908,,,,,,20,GP,,,,,,,,,E,,,,,,,,,,,,,9/8/2026 0:53,,,,770,47718,219,05:43.9,,,
2289,IDJKT,JKT74,SPNU3214217,,,,,,20,GP,,,,,,,,,E,,,,,,,,,,,,,9/8/2026 0:45,,,,770,47718,219,05:43.9,,,
2290,IDJKT,JKT64,IKSU2602869,6,1b,,,,20,GP,,,,,,,,,E,,,,,,,,,,,,,9/8/2026 15:29,,,,770,47820,218,06:08.4,,,
2291,IDJKT,JKT64,TEGU3043557,9,1b,,,,20,GP,,,,,,,,,E,,,,,,,,,,,,,9/8/2026 15:45,,,,770,47820,218,06:08.4,,,
2292,IDJKT,JKT64,MRTU2020921,9,1b,,,,20,GP,,,,,,,,,F,,,,,,,,,,,,,9/8/2026 15:30,,,,770,47820,218,06:08.4,,,
2293,IDJKT,JKT64,MRTU2131972,7,1b,,,,20,GP,,,,,,,,,E,,,,,,,,,,,,,9/8/2026 15:28,,,,770,47820,218,06:08.4,,,
4565,IDJKT,JKT56,MRTU2324400,L8881ude,1A,5,4,2,20,GP,,,,,,,,,F,,,,,,,,,,,,,26-08-2026 19:12,,,,770,49929,213,15:08.7,,,
2295,IDJKT,JKT64,MRTU2051882,7,1b,,,,20,GP,,,,,,,,,F,,,,,,,,,,,,,9/8/2026 15:29,,,,770,47820,218,06:08.4,,,
2296,IDJKT,JKT64,MWTU1267029,7,1b,,,,20,GP,,,,,,,,,E,,,,,,,,,,,,,9/8/2026 15:27,,,,770,47820,218,06:08.4,,,
2297,IDJKT,JKT64,TEGU3068827,7,1b,,,,20,GP,,,,,,,,,E,,,,,,,,,,,,,9/8/2026 15:30,,,,770,47820,218,06:08.4,,,
4566,IDJKT,JKT56,MRTU2200543,Ht03,1A,5,6,2,20,GP,,,,,,,,,F,,,,,,,,,,,,,26-08-2026 19:18,,,,770,49929,213,15:08.7,,,
2299,IDJKT,JKT74,SEKU1690671,Ht20,C,2,9,4,20,GP,,,,,,,,,E,,,,,,,,,,,,,9/8/2026 14:32,,,,770,47802,219,06:08.5,,,
2300,IDJKT,JKT74,FCIU6090763,Ht06,C,2,9,2,20,GP,,,,,,,,,E,,,,,,,,,,,,,9/8/2026 14:28,,,,770,47802,219,06:08.5,,,
4567,IDJKT,JKT56,MRTU2200097,B9346beh,1A,5,4,1,20,GP,,,,,,,,,F,,,,,,,,,,,,,26-08-2026 17:26,,,,770,49929,213,15:08.7,,,
2302,IDJKT,JKT74,MRTU2249311,Ht23,C,2,11,3,20,GP,,,,,,,,,E,,,,,,,,,,,,,9/8/2026 13:30,,,,770,47802,219,06:08.5,,,
2303,IDJKT,JKT74,TEGU6857367,Ht03,B,8,7,1,40,HC,,,,,,,,,E,,,,,,,,,,,,,9/8/2026 14:19,,,,770,47802,219,06:08.5,,,
4568,IDJKT,JKT56,HPCU4313272,B9884beh,1A,4,4,4,40,HC,,,,,,,,,F,,,,,,,,,,,,,26-08-2026 17:44,,,,770,49929,213,15:08.7,,,
2305,IDJKT,JKT74,MRTU2245039,Ht01,C,2,8,2,20,GP,,,,,,,,,E,,,,,,,,,,,,,9/8/2026 15:25,,,,770,47802,219,06:08.5,,,
2306,IDJKT,JKT74,MRTU9624749,Ht28,B,6,9,3,40,HC,,,,,,,,,E,,,,,,,,,,,,,9/8/2026 15:36,,,,770,47802,219,06:08.5,,,
4569,IDJKT,JKT56,MRTU2312142,B9255bek,1A,5,3,1,20,GP,,,,,,,,,F,,,,,,,,,,,,,26-08-2026 17:27,,,,770,49929,213,15:08.7,,,
2308,IDJKT,JKT74,MRTU2315239,Ht18,C,2,11,2,20,GP,,,,,,,,,E,,,,,,,,,,,,,9/8/2026 13:28,,,,770,47802,219,06:08.5,,,
2309,IDJKT,JKT74,TEGU6814447,Ht08,B,8,9,1,40,HC,,,,,,,,,E,,,,,,,,,,,,,9/8/2026 14:58,,,,770,47802,219,06:08.5,,,
4570,IDJKT,JKT56,MRTU2337259,B9433wv,1A,19,5,4,20,GP,,,,,,,,,F,,,,,,,,,,,,,26-08-2026 16:23,,,,770,49929,213,15:08.7,,,
4571,IDJKT,JKT56,MRTU9618617,B9910pej,1A,4,6,2,40,HC,,,,,,,,,F,,,,,,,,,,,,,26-08-2026 20:53,,,,770,49937,213,15:08.7,,,
2312,IDJKT,JKT74,FCIU6080277,Ht08,C,2,11,4,20,GP,,,,,,,,,E,,,,,,,,,,,,,9/8/2026 13:33,,,,770,47802,219,06:08.5,,,
4572,IDJKT,JKT56,FCIU7016056,1A,6,3,,,40,HC,,,,,,,,,F,,,,,,,,,,,,,26-08-2026 21:46,,,,770,49937,213,15:08.7,,,
4573,IDJKT,JKT56,MRTU2316934,L8870ude,1A,11,5,3,20,GP,,,,,,,,,F,,,,,,,,,,,,,26-08-2026 21:55,,,,770,49937,213,15:08.7,,,
2315,IDJKT,JKT74,MRTU2314464,Ht09,C,2,9,6,20,GP,,,,,,,,,E,,,,,,,,,,,,,9/8/2026 14:54,,,,770,47802,219,06:08.5,,,
2316,IDJKT,JKT74,TEGU6810647,Ht08,B,8,10,4,40,HC,,,,,,,,,E,,,,,,,,,,,,,9/8/2026 15:38,,,,770,47802,219,06:08.5,,,
4574,IDJKT,JKT56,MRTU2348525,B9130seh,1A,9,1,1,20,GP,,,,,,,,,F,,,,,,,,,,,,,26-08-2026 20:47,,,,770,49937,213,15:08.7,,,
2318,IDJKT,JKT74,MRTU2179831,Ht01,C,3,9,1,20,FR,,,,,,,,,E,,,,,,,,,,,,,9/8/2026 14:34,,,,770,47802,219,06:08.5,,,
4575,IDJKT,JKT56,TRHU2192663,B9177bek,1A,7,4,4,20,GP,,,,,,,,,F,,,,,,,,,,,,,26-08-2026 20:25,,,,770,49937,213,15:08.7,,,
2320,IDJKT,JKT74,MRTU2221567,Ht06,C,2,9,1,20,GP,,,,,,,,,E,,,,,,,,,,,,,9/8/2026 14:27,,,,770,47802,219,06:08.5,,,
2321,IDJKT,JKT74,TEGU6801780,Ht09,B,8,7,2,40,HC,,,,,,,,,E,,,,,,,,,,,,,9/8/2026 14:21,,,,770,47802,219,06:08.5,,,
2322,IDJKT,JKT74,MRTU2235787,Ht01,C,2,9,5,20,GP,,,,,,,,,E,,,,,,,,,,,,,9/8/2026 14:33,,,,770,47802,219,06:08.5,,,
4576,IDJKT,JKT56,MRTU2319960,L8962uud,1A,11,5,1,20,GP,,,,,,,,,F,,,,,,,,,,,,,26-08-2026 21:48,,,,770,49937,213,15:08.7,,,
4577,IDJKT,JKT56,MRTU9647852,B9243tek,1A,4,6,1,40,HC,,,,,,,,,F,,,,,,,,,,,,,26-08-2026 20:49,,,,770,49937,213,15:08.7,,,
4578,IDJKT,JKT56,MRTU2041842,Bk8865ek,1A,5,4,4,20,GP,,,,,,,,,F,,,,,,,,,,,,,26-08-2026 20:51,,,,770,49937,213,15:08.7,,,
2326,IDJKT,JKT74,TEGU6825652,Ht27,B,8,8,5,40,HC,,,,,,,,,E,,,,,,,,,,,,,9/8/2026 14:42,,,,770,47802,219,06:08.5,,,
2327,IDJKT,JKT74,MRLU2319256,Ht01,C,11,11,1,20,EC,,,,,,,,,E,,,,,,,,,,,,,9/8/2026 11:43,,,,770,47802,219,06:08.5,,,
2328,IDJKT,JKT74,MRTU2008037,Ht01,C,11,11,2,20,EC,,,,,,,,,E,,,,,,,,,,,,,9/8/2026 11:47,,,,770,47802,219,06:08.5,,,
4579,IDJKT,JKT56,MRTU2243015,B9177bek,1A,7,4,5,20,GP,,,,,,,,,F,,,,,,,,,,,,,26-08-2026 20:27,,,,770,49937,213,15:08.7,,,
2330,IDJKT,JKT74,MRTU2327815,Ht01,C,2,8,3,20,GP,,,,,,,,,E,,,,,,,,,,,,,9/8/2026 15:24,,,,770,47802,219,06:08.5,,,
2331,IDJKT,JKT74,MRTU2196192,Ht24,C,2,10,2,20,GP,,,,,,,,,E,,,,,,,,,,,,,9/8/2026 13:47,,,,770,47802,219,06:08.5,,,
2332,IDJKT,JKT74,TXGU8461250,Ht21,B,6,8,5,40,HC,,,,,,,,,E,,,,,,,,,,,,,9/8/2026 15:41,,,,770,47802,219,06:08.5,,,
4580,IDJKT,JKT56,TXGU8917150,B9826uel,1A,4,4,5,40,HC,,,,,,,,,F,,,,,,,,,,,,,26-08-2026 21:00,,,,770,49937,213,15:08.7,,,
2334,IDJKT,JKT74,TEGU6802174,Ht14,B,8,9,5,40,HC,,,,,,,,,E,,,,,,,,,,,,,9/8/2026 15:39,,,,770,47802,219,06:08.5,,,
4581,IDJKT,JKT56,MRTU2254513,Bk8969ek,1A,5,4,5,20,GP,,,,,,,,,F,,,,,,,,,,,,,26-08-2026 20:52,,,,770,49937,213,15:08.7,,,
4582,IDJKT,JKT56,SEGU3143025,B9617beh,1A,11,5,2,20,GP,,,,,,,,,F,,,,,,,,,,,,,26-08-2026 21:49,,,,770,49937,213,15:08.7,,,
2337,IDJKT,JKT74,MRTU2301277,Ht20,C,2,9,3,20,GP,,,,,,,,,E,,,,,,,,,,,,,9/8/2026 14:31,,,,770,47802,219,06:08.5,,,
2338,IDJKT,JKT74,MRTU2238997,Ht19,C,2,11,1,20,GP,,,,,,,,,E,,,,,,,,,,,,,9/8/2026 13:26,,,,770,47802,219,06:08.5,,,
2339,IDJKT,JKT74,MRTU9666981,Ht12,B,6,9,4,40,HC,,,,,,,,,E,,,,,,,,,,,,,9/8/2026 15:37,,,,770,47802,219,06:08.5,,,
4583,IDJKT,JKT56,MRTU2271716,Bk8865ek,1A,5,4,3,20,GP,,,,,,,,,F,,,,,,,,,,,,,26-08-2026 20:50,,,,770,49937,213,15:08.7,,,
2341,IDJKT,JKT74,TEGU6806478,Ht29,B,8,9,2,40,HC,,,,,,,,,E,,,,,,,,,,,,,9/8/2026 14:59,,,,770,47802,219,06:08.5,,,
2343,IDJKT,JKT74,MRTU9616620,Ht20,B,6,9,1,40,HC,,,,,,,,,E,,,,,,,,,,,,,9/8/2026 15:43,,,,770,47802,219,06:08.5,,,
2344,IDJKT,JKT74,TEGU6802580,Ht05,B,8,10,1,40,HC,,,,,,,,,E,,,,,,,,,,,,,9/8/2026 15:40,,,,770,47802,219,06:08.5,,,
2345,IDJKT,JKT74,TEGU6844267,Ht23,B,8,8,2,40,HC,,,,,,,,,E,,,,,,,,,,,,,9/8/2026 14:25,,,,770,47802,219,06:08.5,,,
6025,IDJKT,JKT64,MRTU2334054,H03,,,,,20,GP,,,,,,,,,F,,,,,,,,,,,,,28-08-2026 23:37,,,,770,50189,218,08:13.6,,,
2348,IDJKT,JKT74,MRTU2318325,Ht24,C,2,8,1,20,GP,,,,,,,,,E,,,,,,,,,,,,,9/8/2026 14:56,,,,770,47802,219,06:08.5,,,
2349,IDJKT,JKT74,MRTU2226928,Ht02,C,2,10,4,20,GP,,,,,,,,,E,,,,,,,,,,,,,9/8/2026 14:12,,,,770,47802,219,06:08.5,,,
2350,IDJKT,JKT74,MRTU2231842,Ht23,C,2,10,3,20,GP,,,,,,,,,E,,,,,,,,,,,,,9/8/2026 14:00,,,,770,47802,219,06:08.5,,,
2351,IDJKT,JKT74,FCIU7031071,Ht06,B,6,8,1,40,HC,,,,,,,,,E,,,,,,,,,,,,,9/8/2026 15:11,,,,770,47802,219,06:08.5,,,
6026,IDJKT,JKT64,MRTU2265354,H03,,,,,20,GP,,,,,,,,,F,,,,,,,,,,,,,28-08-2026 23:36,,,,770,50189,218,08:13.6,,,
2353,IDJKT,JKT74,MRTU9623146,Ht11,B,6,7,5,40,HC,,,,,,,,,E,,,,,,,,,,,,,9/8/2026 15:10,,,,770,47802,219,06:08.5,,,
2354,IDJKT,JKT74,MRTU2184735,Ht07,C,2,10,5,20,GP,,,,,,,,,E,,,,,,,,,,,,,9/8/2026 14:18,,,,770,47802,219,06:08.5,,,
2355,IDJKT,JKT74,TEGU3027936,,,,,,20,GP,,,,,,,,,E,,,,,,,,,,,,,9/8/2026 14:53,,,,770,47800,Cy219,06:08.6,,,
2356,IDJKT,JKT74,TEGU6850634,,,,,,40,HC,,,,,,,,,E,,,,,,,,,,,,,9/8/2026 15:25,,,,770,47800,Cy219,06:08.6,,,
2357,IDJKT,JKT74,MRTU9663581,,,,,,40,HC,,,,,,,,,E,,,,,,,,,,,,,9/8/2026 14:40,,,,770,47800,Cy219,06:08.6,,,
2358,IDJKT,JKT74,HPCU4312208,,,,,,40,HC,,,,,,,,,E,,,,,,,,,,,,,9/8/2026 14:44,,,,770,47800,Cy219,06:08.6,,,
2359,IDJKT,JKT74,HPCU4315995,,,,,,40,HC,,,,,,,,,E,,,,,,,,,,,,,9/8/2026 14:35,,,,770,47800,Cy219,06:08.6,,,
6027,IDJKT,JKT74,CAIU9546838,,,,,,40,HC,,,,,,,,,E,,,,,,,,,,,,,28-08-2026 23:11,,,,770,50186,219,08:13.8,,,
2361,IDJKT,JKT74,TEGU3063255,,,,,,20,GP,,,,,,,,,E,,,,,,,,,,,,,9/8/2026 14:54,,,,770,47800,Cy219,06:08.6,,,
2362,IDJKT,JKT74,TEGU2961265,,,,,,20,GP,,,,,,,,,E,,,,,,,,,,,,,9/8/2026 15:09,,,,770,47800,Cy219,06:08.6,,,
2363,IDJKT,JKT74,TEGU3047043,,,,,,20,GP,,,,,,,,,E,,,,,,,,,,,,,9/8/2026 14:58,,,,770,47800,Cy219,06:08.6,,,
2364,IDJKT,JKT74,SEGU4596134,,,,,,40,HC,,,,,,,,,E,,,,,,,,,,,,,9/8/2026 15:01,,,,770,47800,Cy219,06:08.6,,,
2365,IDJKT,JKT74,FCIU7015379,,,,,,40,HC,,,,,,,,,E,,,,,,,,,,,,,9/8/2026 13:24,,,,770,47800,Cy219,06:08.6,,,
2366,IDJKT,JKT74,HPCU4457829,,,,,,40,HC,,,,,,,,,E,,,,,,,,,,,,,9/8/2026 13:21,,,,770,47800,Cy219,06:08.6,,,
2367,IDJKT,JKT74,MRTU9633442,,,,,,40,HC,,,,,,,,,E,,,,,,,,,,,,,9/8/2026 14:43,,,,770,47800,Cy219,06:08.6,,,
2368,IDJKT,JKT74,TXGU8956644,,,,,,40,HC,,,,,,,,,E,,,,,,,,,,,,,9/8/2026 15:05,,,,770,47800,Cy219,06:08.6,,,
6028,IDJKT,JKT74,MRTU9618047,,,,,,40,HC,,,,,,,,,E,,,,,,,,,,,,,28-08-2026 23:15,,,,770,50186,219,08:13.8,,,
2370,IDJKT,JKT74,TXGU8461732,,,,,,40,HC,,,,,,,,,E,,,,,,,,,,,,,9/8/2026 14:37,,,,770,47800,Cy219,06:08.6,,,
2371,IDJKT,JKT74,TEGU6801368,,,,,,40,HC,,,,,,,,,E,,,,,,,,,,,,,9/8/2026 15:30,,,,770,47800,Cy219,06:08.6,,,
2372,IDJKT,JKT74,HPCU4314432,,,,,,40,HC,,,,,,,,,E,,,,,,,,,,,,,9/8/2026 14:38,,,,770,47800,Cy219,06:08.6,,,
2373,IDJKT,JKT74,MRTU9644555,,,,,,,HC,,,,,,,,,E,,,,,,,,,,,,,9/8/2026 13:19,,,,770,47800,Cy219,06:08.6,,,
2374,IDJKT,JKT74,MRTU9643137,,,,,,40,HC,,,,,,,,,E,,,,,,,,,,,,,9/8/2026 15:18,,,,770,47800,Cy219,06:08.6,,,
6029,IDJKT,JKT74,MRTU9667479,,,,,,40,HC,,,,,,,,,E,,,,,,,,,,,,,28-08-2026 23:16,,,,770,50186,219,08:13.8,,,
2376,IDJKT,JKT74,TEGU3015180,,,,,,20,GP,,,,,,,,,E,,,,,,,,,,,,,9/8/2026 15:08,,,,770,47800,Cy219,06:08.6,,,
2377,IDJKT,JKT74,SPNU2790558,,,,,,20,GP,,,,,,,,,E,,,,,,,,,,,,,9/8/2026 8:36,,,,770,47800,Cy219,06:08.6,,,
2378,IDJKT,JKT74,MRTU9663684,,,,,,40,HC,,,,,,,,,E,,,,,,,,,,,,,9/8/2026 15:05,,,,770,47800,Cy219,06:08.6,,,
2379,IDJKT,JKT74,TEGU3036368,,,,,,20,GP,,,,,,,,,E,,,,,,,,,,,,,9/8/2026 15:11,,,,770,47800,Cy219,06:08.6,,,
7147,IDJKT,JKT56,MRTU2187570,,1b,13,1,2,20,GP,,,,,,,,,F,,,,,,,,,,,,,31-08-2026 20:28,,,,770,50518,213,58:08.9,,,
2381,IDJKT,JKT74,SPNU2716632,,,,,,20,GP,,,,,,,,,E,,,,,,,,,,,,,9/8/2026 8:48,,,,770,47800,Cy219,06:08.6,,,
2382,IDJKT,JKT74,TEGU6841890,,,,,,40,HC,,,,,,,,,E,,,,,,,,,,,,,9/8/2026 14:31,,,,770,47800,Cy219,06:08.6,,,
2383,IDJKT,JKT74,MRTU9664799,,,,,,40,HC,,,,,,,,,E,,,,,,,,,,,,,9/8/2026 15:32,,,,770,47800,Cy219,06:08.6,,,
6030,IDJKT,JKT74,TCKU6090764,,,,,,40,HC,,,,,,,,,E,,,,,,,,,,,,,28-08-2026 23:16,,,,770,50186,219,08:13.8,,,
2385,IDJKT,JKT74,MRTU9640415,,,,,,40,HC,,,,,,,,,E,,,,,,,,,,,,,9/8/2026 15:19,,,,770,47800,Cy219,06:08.6,,,
2386,IDJKT,JKT74,SEGU4893425,,,,,,40,HC,,,,,,,,,E,,,,,,,,,,,,,9/8/2026 15:31,,,,770,47800,Cy219,06:08.6,,,
2387,IDJKT,JKT74,SPNU3172636,,,,,,20,GP,,,,,,,,,E,,,,,,,,,,,,,9/8/2026 8:50,,,,770,47800,Cy219,06:08.6,,,
2388,IDJKT,JKT74,MRTU9665286,,,,,,40,HC,,,,,,,,,E,,,,,,,,,,,,,9/8/2026 14:46,,,,770,47800,Cy219,06:08.6,,,
2389,IDJKT,JKT74,SPNU3063949,,,,,,20,GP,,,,,,,,,E,,,,,,,,,,,,,9/8/2026 8:48,,,,770,47800,Cy219,06:08.6,,,
2390,IDJKT,JKT74,TEGU6821404,,,,,,40,HC,,,,,,,,,E,,,,,,,,,,,,,9/8/2026 14:31,,,,770,47800,Cy219,06:08.6,,,
2391,IDJKT,JKT74,MRTU9642212,,,,,,40,HC,,,,,,,,,E,,,,,,,,,,,,,9/8/2026 14:39,,,,770,47800,Cy219,06:08.6,,,
7148,IDJKT,JKT56,MRTU2310833,,1b,13,6,1,20,GP,,,,,,,,,F,,,,,,,,,,,,,31-08-2026 20:18,,,,770,50518,213,58:08.9,,,
4593,IDJKT,JKT74,MRTU2072139,,,,,,20,GP,,,,,,,,,E,,,,,,,,,,,,,26-08-2026 20:08,,,,770,49923,219,15:08.8,,,
7149,IDJKT,JKT56,TEGU2966170,,1b,15,3,1,20,GP,,,,,,,,,F,,,,,,,,,,,,,31-08-2026 20:14,,,,770,50518,213,58:08.9,,,
7150,IDJKT,JKT56,MRTU2002677,,1b,13,6,2,20,GP,,,,,,,,,F,,,,,,,,,,,,,31-08-2026 21:34,,,,770,50518,213,58:08.9,,,
2396,IDJKT,JKT74,HPCU4318968,,,,,,40,HC,,,,,,,,,E,,,,,,,,,,,,,9/8/2026 15:22,,,,770,47800,Cy219,06:08.6,,,
2397,IDJKT,JKT74,TEGU3006506,,,,,,20,GP,,,,,,,,,E,,,,,,,,,,,,,9/8/2026 15:07,,,,770,47800,Cy219,06:08.6,,,
7151,IDJKT,JKT56,DFSU3193062,,1b,13,2,1,20,GP,,,,,,,,,F,,,,,,,,,,,,,31-08-2026 20:20,,,,770,50518,213,58:08.9,,,
6034,IDJKT,JKT74,MRTU2112186,,,,,,20,GP,,,,,,,,,E,,,,,,,,,,,,,28-08-2026 23:49,,,,770,50185,219,08:13.9,,,
2400,IDJKT,JKT74,TEGU3052245,,,,,,20,GP,,,,,,,,,E,,,,,,,,,,,,,9/8/2026 14:55,,,,770,47800,Cy219,06:08.6,,,
2401,IDJKT,JKT74,MRTU9672536,,,,,,40,HC,,,,,,,,,E,,,,,,,,,,,,,9/8/2026 14:42,,,,770,47800,Cy219,06:08.6,,,
2402,IDJKT,JKT74,TEGU7154646,,,,,,20,GP,,,,,,,,,E,,,,,,,,,,,,,9/8/2026 14:51,,,,770,47800,Cy219,06:08.6,,,
2403,IDJKT,JKT74,HPCU4312954,,,,,,40,HC,,,,,,,,,E,,,,,,,,,,,,,9/8/2026 15:15,,,,770,47800,Cy219,06:08.6,,,
2404,IDJKT,JKT74,TEGU2911984,,,,,,40,HC,,,,,,,,,E,,,,,,,,,,,,,9/8/2026 14:59,,,,770,47800,Cy219,06:08.6,,,
2405,IDJKT,JKT74,TEGU6849947,,,,,,40,HC,,,,,,,,,E,,,,,,,,,,,,,9/8/2026 15:34,,,,770,47800,Cy219,06:08.6,,,
2406,IDJKT,JKT74,MRTU9601851,,,,,,40,HC,,,,,,,,,E,,,,,,,,,,,,,9/8/2026 14:47,,,,770,47800,Cy219,06:08.6,,,
2407,IDJKT,JKT74,SPNU2854185,,,,,,20,GP,,,,,,,,,E,,,,,,,,,,,,,9/8/2026 8:50,,,,770,47800,Cy219,06:08.6,,,
7152,IDJKT,JKT56,MRTU2080577,,1b,13,3,4,20,GP,,,,,,,,,F,,,,,,,,,,,,,31-08-2026 20:58,,,,770,50518,213,58:08.9,,,
2409,IDJKT,JKT74,SPNU2842939,,,,,,20,GP,,,,,,,,,E,,,,,,,,,,,,,9/8/2026 8:40,,,,770,47800,Cy219,06:08.6,,,
2410,IDJKT,JKT64,SPNU2908580,HT 06,2A,8,3,2,20,GP,,,,,,,,,E,,,,,,,,,,,,,9/8/2026 8:10,,,,770,47821,218,06:08.8,,,
2411,IDJKT,JKT64,SPNU3184766,HT 05,2A,8,3,3,20,GP,,,,,,,,,E,,,,,,,,,,,,,9/8/2026 8:15,,,,770,47821,218,06:08.8,,,
2412,IDJKT,JKT64,SPNU3063260,HT 06,2A,8,3,1,20,GP,,,,,,,,,E,,,,,,,,,,,,,9/8/2026 8:08,,,,770,47821,218,06:08.8,,,
2413,IDJKT,JKT64,SPNU3201760,HT 02,2A,8,6,2,20,GP,,,,,,,,,E,,,,,,,,,,,,,9/8/2026 8:18,,,,770,47821,218,06:08.8,,,
2414,IDJKT,JKT64,TXGU8452962,Hat18,1A,8,1,2,40,HC,,,,,,,,,E,,,,,,,,,,,,,9/8/2026 14:35,,,,770,47821,218,06:08.8,,,
2415,IDJKT,JKT64,WHSU2386054,HT22,2A,1,1,4,20,GP,,,,,,,,,F,,,,,,,,,,,,,9/8/2026 9:12,,,,770,47821,218,06:08.8,,,
4599,IDJKT,JKT74,MRTU2048873,,,,,,20,GP,,,,,,,,,E,,,,,,,,,,,,,26-08-2026 23:07,,,,770,49923,219,15:08.8,,,
2417,IDJKT,JKT64,WHLU0503623,HT19,2A,1,1,2,20,GP,,,,,,,,,F,,,,,,,,,,,,,9/8/2026 9:09,,,,770,47821,218,06:08.8,,,
2418,IDJKT,JKT64,MRTU2349007,HT 27,2A,12,6,1,20,GP,,,,,,,,,F,,,,,,,,,,,,,9/8/2026 13:00,,,,770,47821,218,06:08.8,,,
2419,IDJKT,JKT64,WHSU0582654,HT20,2A,1,1,5,20,GP,,,,,,,,,F,,,,,,,,,,,,,9/8/2026 9:18,,,,770,47821,218,06:08.8,,,
2420,IDJKT,JKT64,SPNU2967941,HT 10,1A,10,2,1,20,GP,,,,,,,,,E,,,,,,,,,,,,,9/8/2026 8:50,,,,770,47821,218,06:08.8,,,
2421,IDJKT,JKT64,WHSU0126905,HT 19,2A,1,1,1,20,GP,,,,,,,,,F,,,,,,,,,,,,,9/8/2026 9:08,,,,770,47821,218,06:08.8,,,
2422,IDJKT,JKT64,SPNU2773632,HT 10,1A,10,2,2,20,GP,,,,,,,,,F,,,,,,,,,,,,,9/8/2026 8:52,,,,770,47821,218,06:08.8,,,
3162,IDJKT,JKT74,TRHU8915775,,,,,,40,HC,,,,,,,,,E,,,,,,,,,,,,,10/8/2026 6:38,,,,770,47833,219,07:22.5,,,
2424,IDJKT,JKT64,TXGU8463967,HT 02,1A,8,1,4,40,HC,,,,,,,,,E,,,,,,,,,,,,,9/8/2026 14:37,,,,770,47821,218,06:08.8,,,
7153,IDJKT,JKT56,HPCU2230219,,1b,12,5,4,20,GP,,,,,,,,,F,,,,,,,,,,,,,31-08-2026 20:56,,,,770,50518,213,58:08.9,,,
2426,IDJKT,JKT64,MRTU2015545,HT27,2A,12,6,2,20,GP,,,,,,,,,F,,,,,,,,,,,,,9/8/2026 13:04,,,,770,47821,218,06:08.8,,,
2427,IDJKT,JKT64,SPNU3055347,HT 02,2A,8,6,1,20,GP,,,,,,,,,E,,,,,,,,,,,,,9/8/2026 8:18,,,,770,47821,218,06:08.8,,,
2428,IDJKT,JKT64,WHSU2931945,HT 25,1A,10,2,4,20,GP,,,,,,,,,F,,,,,,,,,,,,,9/8/2026 8:56,,,,770,47821,218,06:08.8,,,
2429,IDJKT,JKT64,WHSU2189306,HT 22,2A,1,1,3,20,GP,,,,,,,,,F,,,,,,,,,,,,,9/8/2026 9:10,,,,770,47821,218,06:08.8,,,
2430,IDJKT,JKT64,CAAU4954958,Ht20,3A,18,4,1,40,HC,,,,,,,,,E,,,,,,,,,,,,,9/8/2026 14:48,,,,770,47773,218,06:08.9,,,
2431,IDJKT,JKT64,MRTU2160944,Ht02,3A,4,1,2,20,GP,,,,,,,,,E,,,,,,,,,,,,,9/8/2026 13:18,,,,770,47773,218,06:08.9,,,
2432,IDJKT,JKT64,WHSU2093122,Ht17,3A,16,1,4,20,GP,,,,,,,,,F,Ada,,,,,,,,,,,,9/8/2026 9:24,,,,770,47773,218,06:08.9,,,
2433,IDJKT,JKT64,SPNU2920008,Ht29,3A,7,5,5,20,GP,,,,,,,,,E,,,,,,,,,,,,,9/8/2026 8:20,,,,770,47773,218,06:08.9,,,
2434,IDJKT,JKT64,TCLU7235392,Ht08,3A,4,4,1,20,GP,,,,,,,,,F,Ada,,,,,,,,,,,,9/8/2026 14:13,,,,770,47773,218,06:08.9,,,
2435,IDJKT,JKT64,TXGU8459252,Ht19,3A,18,4,2,40,HC,,,,,,,,,E,,,,,,,,,,,,,9/8/2026 14:48,,,,770,47773,218,06:08.9,,,
2436,IDJKT,JKT64,ONEU2536257,Ht16,3A,4,4,3,20,GP,,,,,,,,,F,Ada,,,,,,,,,,,,9/8/2026 14:17,,,,770,47773,218,06:08.9,,,
2438,IDJKT,JKT64,TXGU8407412,Ht04,3A,18,4,4,40,HC,,,,,,,,,E,,,,,,,,,,,,,9/8/2026 15:33,,,,770,47773,218,06:08.9,,,
2439,IDJKT,JKT64,CAAU4972864,Ht24,3A,18,4,3,40,HC,,,,,,,,,E,,,,,,,,,,,,,9/8/2026 15:29,,,,770,47773,218,06:08.9,,,
2440,IDJKT,JKT64,MRTU2100502,Ht02,3A,4,1,1,20,GP,,,,,,,,,F,Ada,,,,,,,,,,,,9/8/2026 13:17,,,,770,47773,218,06:08.9,,,
2441,IDJKT,JKT64,SPNU3091489,Ht29,3A,8,4,5,20,GP,,,,,,,,,E,,,,,,,,,,,,,9/8/2026 8:20,,,,770,47773,218,06:08.9,,,
2442,IDJKT,JKT64,WHSU2342246,Ht16,3A,16,3,5,20,GP,,,,,,,,,F,Ada,,,,,,,,,,,,9/8/2026 9:24,,,,770,47773,218,06:08.9,,,
7154,IDJKT,JKT56,FTAU1131221,,1b,15,2,1,20,GP,,,,,,,,,F,,,,,,,,,,,,,31-08-2026 20:16,,,,770,50518,213,58:08.9,,,
2445,IDJKT,JKT64,TRHU7837045,B9249re,3A,10,2,3,40,HC,,,,,,,,,F,Ada,,,,,,,,,,,,9/8/2026 8:24,,,,770,47773,218,06:08.9,,,
2446,IDJKT,JKT64,ONEU2192634,Ht08,3A,4,4,2,20,GP,,,,,,,,,F,Ada,,,,,,,,,,,,9/8/2026 14:15,,,,770,47773,218,06:08.9,,,
2447,IDJKT,JKT64,ONEU2247085,Ht16,3A,4,4,4,20,GP,,,,,,,,,F,Ada,,,,,,,,,,,,9/8/2026 14:18,,,,770,47773,218,06:08.9,,,
7155,IDJKT,JKT56,MRTU2153396,,1b,13,4,3,20,GP,,,,,,,,,F,,,,,,,,,,,,,31-08-2026 20:32,,,,770,50518,213,58:08.9,,,
2449,IDJKT,JKT64,MRTU2020304,Ht14,3A,4,1,3,20,GP,,,,,,,,,E,,,,,,,,,,,,,9/8/2026 14:10,,,,770,47773,218,06:08.9,,,
2450,IDJKT,JKT64,SPNU2871773,Ht21,3A,15,6,1,20,GP,,,,,,,,,F,Ada,,,,,,,,,,,,9/8/2026 9:20,,,,770,47773,218,06:08.9,,,
2451,IDJKT,JKT64,WHSU0155781,Ht21,3A,15,6,2,20,GP,,,,,,,,,F,Ada,,,,,,,,,,,,9/8/2026 9:21,,,,770,47773,218,06:08.9,,,
2452,IDJKT,JKT64,SPNU2867449,Ht24,3A,15,6,3,20,GP,,,,,,,,,F,Ada,,,,,,,,,,,,9/8/2026 9:21,,,,770,47773,218,06:08.9,,,
2453,IDJKT,JKT64,NYKU9845559,Ht14,3A,4,1,4,20,GP,,,,,,,,,F,Ada,,,,,,,,,,,,9/8/2026 14:12,,,,770,47773,218,06:08.9,,,
2454,IDJKT,JKT64,TIIU6825826,,3a,30,5,4,40,HC,,,,,,,,,F,,,,,,,,,,,,,9/8/2026 13:50,,,,770,47778,218,06:16.9,,,
2455,IDJKT,JKT64,CSNU8554009,,3a,30,5,3,40,HC,,,,,,,,,F,,,,,,,,,,,,,9/8/2026 13:49,,,,770,47778,218,06:16.9,,,
2457,IDJKT,JKT64,FSCU8795469,,3a,30,1,1,40,HC,,,,,,,,,F,,,,,,,,,,,,,9/8/2026 13:51,,,,770,47778,218,06:16.9,,,
7156,IDJKT,JKT56,MRTU2233085,,1b,12,4,1,,GP,,,,,,,,,F,,,,,,,,,,,,,31-08-2026 20:54,,,,770,50518,213,58:08.9,,,
2459,IDJKT,JKT64,TEGU7164109,Ht11,3A,2,1,2,20,GP,,,,,,,,,E,,,,,,,,,,,,,9/8/2026 19:28,,,,770,47822,218,06:25.1,,,
2460,IDJKT,JKT64,MRTU2094380,Ht20,3A,1,4,1,20,GP,,,,,,,,,E,,,,,,,,,,,,,9/8/2026 19:42,,,,770,47822,218,06:25.1,,,
2461,IDJKT,JKT64,TEGU3086097,Ht15,3A,3,3,5,20,GP,,,,,,,,,E,,,,,,,,,,,,,9/8/2026 19:14,,,,770,47822,218,06:25.1,,,
7157,IDJKT,JKT56,MRTU2094499,,1b,13,4,2,20,GP,,,,,,,,,F,,,,,,,,,,,,,31-08-2026 20:30,,,,770,50518,213,58:08.9,,,
2463,IDJKT,JKT64,TEGU2926773,Ht20,3A,1,4,2,20,GP,,,,,,,,,E,,,,,,,,,,,,,9/8/2026 19:43,,,,770,47822,218,06:25.1,,,
7158,IDJKT,JKT56,MRTU2263860,,1b,12,5,3,20,GP,,,,,,,,,F,,,,,,,,,,,,,31-08-2026 20:52,,,,770,50518,213,58:08.9,,,
2465,IDJKT,JKT64,TEGU2950168,Ht22,3A,3,5,3,20,GP,,,,,,,,,E,,,,,,,,,,,,,9/8/2026 17:08,,,,770,47822,218,06:25.1,,,
7159,IDJKT,JKT56,MRTU2240000,,1b,20,5,5,20,GP,,,,,,,,,F,,,,,,,,,,,,,31-08-2026 20:04,,,,770,50518,213,58:08.9,,,
2467,IDJKT,JKT64,TEGU2871325,Ht17,3A,3,2,3,20,GP,,,,,,,,,E,,,,,,,,,,,,,9/8/2026 19:06,,,,770,47822,218,06:25.1,,,
7160,IDJKT,JKT56,MRTU2306767,,1b,12,5,5,,GP,,,,,,,,,F,,,,,,,,,,,,,31-08-2026 21:04,,,,770,50518,213,58:08.9,,,
6049,IDJKT,JKT74,SCZU7805483,,,,,,20,GP,,,,,,,,,E,,,,,,,,,,,,,28-08-2026 20:14,,,,770,50185,219,08:13.9,,,
7161,IDJKT,JKT56,CAAU2936277,,1b,13,2,2,20,GP,,,,,,,,,F,,,,,,,,,,,,,31-08-2026 21:02,,,,770,50518,213,58:08.9,,,
2473,IDJKT,JKT64,CAAU2947923,Ht01,3A,3,5,1,20,GP,,,,,,,,,E,,,,,,,,,,,,,9/8/2026 17:07,,,,770,47822,218,06:25.1,,,
7162,IDJKT,JKT56,MRTU2213345,,1b,13,1,1,20,GP,,,,,,,,,F,,,,,,,,,,,,,31-08-2026 20:26,,,,770,50518,213,58:08.9,,,
2475,IDJKT,JKT64,TEGU3082050,Ht22,3A,3,5,4,20,GP,,,,,,,,,E,,,,,,,,,,,,,9/8/2026 17:09,,,,770,47822,218,06:25.1,,,
2476,IDJKT,JKT64,TEGU3018045,Ht14,3A,3,2,2,20,GP,,,,,,,,,E,,,,,,,,,,,,,9/8/2026 17:14,,,,770,47822,218,06:25.1,,,
7163,IDJKT,JKT64,MRTU2276092,,,,,,20,GP,,,,,,,,,F,,,,,,,,,,,,,31-08-2026 16:56,,,,770,50508,218,58:09.0,,,
2478,IDJKT,JKT64,TEGU3094404,Ht14,3A,3,2,1,20,GP,,,,,,,,,E,,,,,,,,,,,,,9/8/2026 17:13,,,,770,47822,218,06:25.1,,,
2479,IDJKT,JKT64,TRLU9675018,Ht17,3A,3,2,4,20,GP,,,,,,,,,E,,,,,,,,,,,,,9/8/2026 19:06,,,,770,47822,218,06:25.1,,,
2480,IDJKT,JKT64,TEGU3039496,Ht15,3A,3,4,5,20,GP,,,,,,,,,E,,,,,,,,,,,,,9/8/2026 19:12,,,,770,47822,218,06:25.1,,,
2481,IDJKT,JKT64,MSDU9601229,,1b,,,,40,HC,,,,,,,,,F,,,,,,,,,,,,,9/8/2026 19:16,,,,770,47826,218,06:25.2,,,
2482,IDJKT,JKT74,TEGU2936133,,,,,,20,GP,,,,,,,,,E,,,,,,,,,,,,,9/8/2026 16:41,,,,770,47823,Cy219,06:25.2,,,
2483,IDJKT,JKT74,MRTU9634557,,,,,,40,HC,,,,,,,,,E,,,,,,,,,,,,,9/8/2026 16:54,,,,770,47823,Cy219,06:25.2,,,
2484,IDJKT,JKT74,TEGU2891492,,,,,,20,GP,,,,,,,,,E,,,,,,,,,,,,,9/8/2026 16:41,,,,770,47823,Cy219,06:25.2,,,
2485,IDJKT,JKT74,TEGU2963416,,,,,,20,GP,,,,,,,,,E,,,,,,,,,,,,,9/8/2026 17:10,,,,770,47823,Cy219,06:25.2,,,
2486,IDJKT,JKT74,MRTU9649726,,,,,,40,HC,,,,,,,,,E,,,,,,,,,,,,,9/8/2026 16:06,,,,770,47823,Cy219,06:25.2,,,
2487,IDJKT,JKT74,HPCU4314833,,,,,,40,HC,,,,,,,,,E,,,,,,,,,,,,,9/8/2026 16:52,,,,770,47823,Cy219,06:25.2,,,
2488,IDJKT,JKT74,TEGU3042078,,,,,,20,GP,,,,,,,,,E,,,,,,,,,,,,,9/8/2026 16:43,,,,770,47823,Cy219,06:25.2,,,
2489,IDJKT,JKT74,RFCU2041684,,,,,,20,GP,,,,,,,,,E,,,,,,,,,,,,,9/8/2026 16:36,,,,770,47823,Cy219,06:25.2,,,
2490,IDJKT,JKT74,TEGU3064734,,,,,,20,GP,,,,,,,,,E,,,,,,,,,,,,,9/8/2026 16:42,,,,770,47823,Cy219,06:25.2,,,
2491,IDJKT,JKT74,MRTU9610431,,,,,,40,HC,,,,,,,,,E,,,,,,,,,,,,,9/8/2026 19:39,,,,770,47823,Cy219,06:25.2,,,
2492,IDJKT,JKT74,MRTU9630084,,,,,,40,HC,,,,,,,,,E,,,,,,,,,,,,,9/8/2026 19:38,,,,770,47823,Cy219,06:25.2,,,
2493,IDJKT,JKT74,MRTU9608579,,,,,,40,HC,,,,,,,,,E,,,,,,,,,,,,,9/8/2026 19:38,,,,770,47823,Cy219,06:25.2,,,
2494,IDJKT,JKT74,TXGU4073317,,,,,,40,HC,,,,,,,,,E,,,,,,,,,,,,,9/8/2026 19:39,,,,770,47823,Cy219,06:25.2,,,
2495,IDJKT,JKT74,MRTU9649958,,,,,,40,HC,,,,,,,,,E,,,,,,,,,,,,,9/8/2026 16:55,,,,770,47823,Cy219,06:25.2,,,
2496,IDJKT,JKT74,SPNU3098138,,,,,,20,GP,,,,,,,,,E,,,,,,,,,,,,,9/8/2026 16:14,,,,770,47823,Cy219,06:25.2,,,
2497,IDJKT,JKT74,DRYU2067407,,,,,,20,GP,,,,,,,,,E,,,,,,,,,,,,,9/8/2026 16:35,,,,770,47823,Cy219,06:25.2,,,
2498,IDJKT,JKT74,MRTU9649726,,,,,,40,HC,,,,,,,,,E,,,,,,,,,,,,,9/8/2026 16:06,,,,770,47823,Cy219,06:25.2,,,
2499,IDJKT,JKT74,MRTU9624097,,,,,,40,HC,,,,,,,,,E,,,,,,,,,,,,,9/8/2026 19:43,,,,770,47823,Cy219,06:25.2,,,
2500,IDJKT,JKT74,TRHU8892601,,,,,,40,HC,,,,,,,,,E,,,,,,,,,,,,,9/8/2026 16:51,,,,770,47823,Cy219,06:25.2,,,
2501,IDJKT,JKT74,TEGU2914659,,,,,,20,GP,,,,,,,,,E,,,,,,,,,,,,,9/8/2026 16:37,,,,770,47823,Cy219,06:25.2,,,
2502,IDJKT,JKT74,TEGU3098668,,,,,,20,GP,,,,,,,,,E,,,,,,,,,,,,,9/8/2026 16:44,,,,770,47823,Cy219,06:25.2,,,
2503,IDJKT,JKT74,TEGU6835183,,,,,,40,HC,,,,,,,,,E,,,,,,,,,,,,,9/8/2026 16:08,,,,770,47823,Cy219,06:25.2,,,
2504,IDJKT,JKT74,TEGU3033728,,,,,,20,GP,,,,,,,,,E,,,,,,,,,,,,,9/8/2026 16:38,,,,770,47823,Cy219,06:25.2,,,
2505,IDJKT,JKT74,MRTU9608368,,,,,,40,HC,,,,,,,,,E,,,,,,,,,,,,,9/8/2026 19:34,,,,770,47823,Cy219,06:25.2,,,
2506,IDJKT,JKT74,MRLU5212580,,,,,,40,HC,,,,,,,,,E,,,,,,,,,,,,,9/8/2026 19:32,,,,770,47823,Cy219,06:25.2,,,
2507,IDJKT,JKT74,MRTU9616450,,,,,,40,HC,,,,,,,,,E,,,,,,,,,,,,,9/8/2026 19:35,,,,770,47823,Cy219,06:25.2,,,
7164,IDJKT,JKT64,SPNU4657694,,,,,,40,HC,,,,,,,,,E,,,,,,,,,,,,,31-08-2026 20:12,,,,770,50508,218,58:09.0,,,
7165,IDJKT,JKT64,MRTU2252510,,,,,,20,GP,,,,,,,,,F,,,,,,,,,,,,,31-08-2026 21:20,,,,770,50508,218,58:09.0,,,
2510,IDJKT,JKT74,MRTU9601471,Ht09,B,6,9,4,40,HC,,,,,,,,,E,,,,,,,,,,,,,9/8/2026 16:41,,,,770,47824,219,06:25.4,,,
2511,IDJKT,JKT74,MRTU2252260,Ht13,C,2,6,3,20,GP,,,,,,,,,E,,,,,,,,,,,,,9/8/2026 19:16,,,,770,47824,219,06:25.4,,,
7166,IDJKT,JKT64,MRTU2151768,,,,,,20,GP,,,,,,,,,F,,,,,,,,,,,,,31-08-2026 22:42,,,,770,50508,218,58:09.0,,,
2513,IDJKT,JKT74,MRTU2250924,Ht13,C,2,6,5,20,GP,,,,,,,,,E,,,,,,,,,,,,,9/8/2026 19:34,,,,770,47824,219,06:25.4,,,
2514,IDJKT,JKT74,MRTU2296669,Ht05,C,2,7,1,20,GP,,,,,,,,,E,,,,,,,,,,,,,9/8/2026 16:48,,,,770,47824,219,06:25.4,,,
2515,IDJKT,JKT74,MRTU2260054,Ht19,C,3,6,1,20,GP,,,,,,,,,E,,,,,,,,,,,,,9/8/2026 19:08,,,,770,47824,219,06:25.4,,,
2516,IDJKT,JKT74,MRTU2302400,Ht27,C,2,8,4,20,GP,,,,,,,,,E,,,,,,,,,,,,,9/8/2026 16:12,,,,770,47824,219,06:25.4,,,
2517,IDJKT,JKT74,MRTU2258817,Ht01,C,2,7,5,20,GP,,,,,,,,,E,,,,,,,,,,,,,9/8/2026 19:12,,,,770,47824,219,06:25.4,,,
2518,IDJKT,JKT74,HPCU2227935,Ht11,C,2,8,6,20,GP,,,,,,,,,E,,,,,,,,,,,,,9/8/2026 16:37,,,,770,47824,219,06:25.4,,,
7167,IDJKT,JKT64,SPNU4660419,,,,,,40,HC,,,,,,,,,E,,,,,,,,,,,,,31-08-2026 20:14,,,,770,50508,218,58:09.0,,,
7168,IDJKT,JKT64,MRTU2154643,,,,,,20,GP,,,,,,,,,F,,,,,,,,,,,,,31-08-2026 20:42,,,,770,50508,218,58:09.0,,,
2521,IDJKT,JKT74,MRTU2301934,Ht11,C,2,8,5,20,GP,,,,,,,,,E,,,,,,,,,,,,,9/8/2026 16:36,,,,770,47824,219,06:25.4,,,
2522,IDJKT,JKT74,HPCU2230749,Ht14,C,2,6,5,20,GP,,,,,,,,,E,,,,,,,,,,,,,9/8/2026 19:17,,,,770,47824,219,06:25.4,,,
2523,IDJKT,JKT74,MRTU2247094,Ht14,C,2,6,4,20,GP,,,,,,,,,E,,,,,,,,,,,,,9/8/2026 19:17,,,,770,47824,219,06:25.4,,,
7169,IDJKT,JKT64,MRTU2049294,,,,,,20,GP,,,,,,,,,F,,,,,,,,,,,,,31-08-2026 17:22,,,,770,50508,218,58:09.0,,,
6057,IDJKT,JKT74,MRTU2102491,,,,,,20,GP,,,,,,,,,E,,,,,,,,,,,,,28-08-2026 23:50,,,,770,50185,219,08:13.9,,,
7170,IDJKT,JKT64,SPNU4621768,,,,,,40,HC,,,,,,,,,E,,,,,,,,,,,,,31-08-2026 20:11,,,,770,50508,218,58:09.0,,,
4625,IDJKT,JKT74,MRTU2336139,,,,,,20,GP,,,,,,,,,E,,,,,,,,,,,,,26-08-2026 21:40,,,,770,49923,219,15:08.8,,,
7171,IDJKT,JKT64,MRTU2338770,,,,,,20,GP,,,,,,,,,F,,,,,,,,,,,,,31-08-2026 22:44,,,,770,50508,218,58:09.0,,,
7172,IDJKT,JKT64,MRTU2318881,,,,,,20,GP,,,,,,,,,F,,,,,,,,,,,,,31-08-2026 23:46,,,,770,50514,218,58:09.2,,,
2529,IDJKT,JKT74,SEGU3957361,Ht17,C,2,5,5,20,GP,,,,,,,,,E,,,,,,,,,,,,,9/8/2026 19:38,,,,770,47824,219,06:25.4,,,
2530,IDJKT,JKT74,MRTU2236778,Ht22,C,2,7,6,20,GP,,,,,,,,,E,,,,,,,,,,,,,9/8/2026 19:13,,,,770,47824,219,06:25.4,,,
7173,IDJKT,JKT64,MRTU2388981,,,,,,20,GP,,,,,,,,,F,,,,,,,,,,,,,31-08-2026 20:42,,,,770,50514,218,58:09.2,,,
7174,IDJKT,JKT64,MRTU2210310,,,,,,20,GP,,,,,,,,,F,,,,,,,,,,,,,31-08-2026 23:28,,,,770,50514,218,58:09.2,,,
7176,IDJKT,JKT64,MRTU2316132,,,,,,20,GP,,,,,,,,,F,,,,,,,,,,,,,31-08-2026 21:13,,,,770,50514,218,58:09.2,,,
2535,IDJKT,JKT74,MRTU2269473,Ht25,C,2,7,2,20,GP,,,,,,,,,E,,,,,,,,,,,,,9/8/2026 17:12,,,,770,47824,219,06:25.4,,,
6068,IDJKT,JKT74,SPNU2162715,,,,,,20,GP,,,,,,,,,E,,,,,,,,,,,,,28-08-2026 21:08,,,,770,50185,219,08:13.9,,,
2541,IDJKT,JKT74,MRTU2303480,Ht01,C,2,7,4,20,GP,,,,,,,,,E,,,,,,,,,,,,,9/8/2026 19:11,,,,770,47824,219,06:25.4,,,
2542,IDJKT,JKT64,TEGU3013634,,3a,37,3,3,20,GP,,,,,,,,,E,,,,,,,,,,,,,9/8/2026 17:46,,,,770,47825,218,06:25.5,,,
2543,IDJKT,JKT64,TEGU3020865,,3a,37,6,3,20,GP,,,,,,,,,E,,,,,,,,,,,,,9/8/2026 16:59,,,,770,47825,218,06:25.5,,,
2544,IDJKT,JKT64,TEGU3082276,,3a,37,6,2,20,GP,,,,,,,,,E,,,,,,,,,,,,,9/8/2026 16:58,,,,770,47825,218,06:25.5,,,
2545,IDJKT,JKT64,TEGU7019944,,3a,37,2,1,20,GP,,,,,,,,,E,,,,,,,,,,,,,9/8/2026 17:50,,,,770,47825,218,06:25.5,,,
2546,IDJKT,JKT64,TRHU8893130,,3a,30,2,1,40,HC,,,,,,,,,E,,,,,,,,,,,,,9/8/2026 19:43,,,,770,47825,218,06:25.5,,,
2548,IDJKT,JKT64,IDCU1011384,,3a,37,5,4,20,GP,,,,,,,,,E,,,,,,,,,,,,,9/8/2026 17:06,,,,770,47825,218,06:25.5,,,
2549,IDJKT,JKT64,TEGU3091637,,3a,23,1,1,20,GP,,,,,,,,,E,,,,,,,,,,,,,9/8/2026 19:31,,,,770,47825,218,06:25.5,,,
2550,IDJKT,JKT64,TEGU3033224,,3a,37,3,1,20,GP,,,,,,,,,E,,,,,,,,,,,,,9/8/2026 17:41,,,,770,47825,218,06:25.5,,,
2551,IDJKT,JKT64,GESU6845490,,3a,30,3,3,40,HC,,,,,,,,,E,,,,,,,,,,,,,9/8/2026 19:39,,,,770,47825,218,06:25.5,,,
2552,IDJKT,JKT64,MRTU2066368,,3a,37,2,4,20,GP,,,,,,,,,E,,,,,,,,,,,,,9/8/2026 17:52,,,,770,47825,218,06:25.5,,,
2553,IDJKT,JKT64,TEGU3084690,,3a,37,4,2,20,GP,,,,,,,,,E,,,,,,,,,,,,,9/8/2026 17:11,,,,770,47825,218,06:25.5,,,
2554,IDJKT,JKT64,TEGU2946743,,3a,23,1,2,20,GP,,,,,,,,,E,,,,,,,,,,,,,9/8/2026 19:32,,,,770,47825,218,06:25.5,,,
2555,IDJKT,JKT64,TEGU3040516,,3a,37,4,4,20,GP,,,,,,,,,E,,,,,,,,,,,,,9/8/2026 17:40,,,,770,47825,218,06:25.5,,,
2556,IDJKT,JKT64,TEGU3058557,,3a,36,5,2,20,GP,,,,,,,,,E,,,,,,,,,,,,,9/8/2026 19:13,,,,770,47825,218,06:25.5,,,
2557,IDJKT,JKT64,MRTU2182727,,3a,37,1,2,20,GP,,,,,,,,,E,,,,,,,,,,,,,9/8/2026 19:05,,,,770,47825,218,06:25.5,,,
2558,IDJKT,JKT64,DRYU2803133,,3a,37,6,5,20,GP,,,,,,,,,E,,,,,,,,,,,,,9/8/2026 17:01,,,,770,47825,218,06:25.5,,,
2559,IDJKT,JKT64,TEGU2964140,,3a,36,4,2,20,GP,,,,,,,,,E,,,,,,,,,,,,,9/8/2026 19:17,,,,770,47825,218,06:25.5,,,
2560,IDJKT,JKT64,MRTU9617436,,3a,30,3,1,40,HC,,,,,,,,,E,,,,,,,,,,,,,9/8/2026 19:35,,,,770,47825,218,06:25.5,,,
2561,IDJKT,JKT64,TEGU2966837,,3a,36,4,1,20,GP,,,,,,,,,E,,,,,,,,,,,,,9/8/2026 19:17,,,,770,47825,218,06:25.5,,,
2562,IDJKT,JKT64,IPXU2169474,,3a,36,5,4,20,GP,,,,,,,,,E,,,,,,,,,,,,,9/8/2026 19:15,,,,770,47825,218,06:25.5,,,
2563,IDJKT,JKT64,MRTU9606067,,3a,30,3,4,40,HC,,,,,,,,,E,,,,,,,,,,,,,9/8/2026 19:41,,,,770,47825,218,06:25.5,,,
2564,IDJKT,JKT64,TEGU7075399,,3a,37,6,2,20,GP,,,,,,,,,E,,,,,,,,,,,,,9/8/2026 19:07,,,,770,47825,218,06:25.5,,,
6070,IDJKT,JKT64,SNRU7799780,,,,,,40,HC,,,,,,,,,F,,,,,,,,,,,,,29-08-2026 01:12,,,,770,50200,218,58:51.1,,,
2566,IDJKT,JKT64,TEGU3048245,,3a,36,6,4,20,GP,,,,,,,,,E,,,,,,,,,,,,,9/8/2026 19:10,,,,770,47825,218,06:25.5,,,
2567,IDJKT,JKT64,TEGU2984846,,3a,37,6,4,20,GP,,,,,,,,,E,,,,,,,,,,,,,9/8/2026 17:00,,,,770,47825,218,06:25.5,,,
2568,IDJKT,JKT64,TEGU7030202,,3a,37,5,1,20,GP,,,,,,,,,E,,,,,,,,,,,,,9/8/2026 17:03,,,,770,47825,218,06:25.5,,,
2569,IDJKT,JKT64,TEGU7080800,,3a,36,6,5,20,GP,,,,,,,,,E,,,,,,,,,,,,,9/8/2026 19:10,,,,770,47825,218,06:25.5,,,
2570,IDJKT,JKT64,TEGU3080376,,3a,37,2,3,20,GP,,,,,,,,,E,,,,,,,,,,,,,9/8/2026 17:51,,,,770,47825,218,06:25.5,,,
2571,IDJKT,JKT64,CAAU4951157,,3a,30,1,3,40,HC,,,,,,,,,E,,,,,,,,,,,,,9/8/2026 16:48,,,,770,47825,218,06:25.5,,,
2572,IDJKT,JKT64,MRTU2107575,,3a,36,5,1,20,GP,,,,,,,,,E,,,,,,,,,,,,,9/8/2026 19:12,,,,770,47825,218,06:25.5,,,
2573,IDJKT,JKT64,SDDU2003638,,3a,37,5,2,20,GP,,,,,,,,,E,,,,,,,,,,,,,9/8/2026 17:03,,,,770,47825,218,06:25.5,,,
2574,IDJKT,JKT64,MRTU2193763,,3a,37,1,1,20,GP,,,,,,,,,E,,,,,,,,,,,,,9/8/2026 19:05,,,,770,47825,218,06:25.5,,,
2575,IDJKT,JKT64,TCLU1755890,,3a,30,3,2,40,HC,,,,,,,,,E,,,,,,,,,,,,,9/8/2026 19:37,,,,770,47825,218,06:25.5,,,
2576,IDJKT,JKT64,TEGU2958322,,3a,37,3,4,20,GP,,,,,,,,,E,,,,,,,,,,,,,9/8/2026 17:46,,,,770,47825,218,06:25.5,,,
2577,IDJKT,JKT64,MRTU2214552,,3a,37,2,2,20,GP,,,,,,,,,E,,,,,,,,,,,,,9/8/2026 17:51,,,,770,47825,218,06:25.5,,,
2578,IDJKT,JKT64,TEGU3068853,,3a,37,5,3,20,GP,,,,,,,,,E,,,,,,,,,,,,,9/8/2026 17:05,,,,770,47825,218,06:25.5,,,
2579,IDJKT,JKT64,TEGU3068914,,3a,36,6,1,20,GP,,,,,,,,,E,,,,,,,,,,,,,9/8/2026 16:55,,,,770,47825,218,06:25.5,,,
2580,IDJKT,JKT64,TEGU7147713,,3a,37,3,2,20,GP,,,,,,,,,E,,,,,,,,,,,,,9/8/2026 17:42,,,,770,47825,218,06:25.5,,,
2581,IDJKT,JKT64,TEGU3037934,,3a,37,4,1,20,GP,,,,,,,,,E,,,,,,,,,,,,,9/8/2026 17:11,,,,770,47825,218,06:25.5,,,
2582,IDJKT,JKT64,SEGU3090820,,3a,37,6,1,20,GP,,,,,,,,,E,,,,,,,,,,,,,9/8/2026 16:56,,,,770,47825,218,06:25.5,,,
2583,IDJKT,JKT64,TEGU3042904,,3a,36,5,3,20,GP,,,,,,,,,E,,,,,,,,,,,,,9/8/2026 19:14,,,,770,47825,218,06:25.5,,,
6071,IDJKT,JKT64,SNRU7799137,,,,,,40,HC,,,,,,,,,F,,,,,,,,,,,,,29-08-2026 01:12,,,,770,50200,218,58:51.1,,,
6074,IDJKT,JKT74,TCKU6090764,,,,,,40,HC,,,,,,,,,E,,,,,,,,,,,,,28-08-2026 23:16,,,,770,50186,219,08:52.1,,,
2584,IDJKT,JKT64,TEGU3046880,,3a,36,6,3,20,GP,,,,,,,,,E,,,,,,,,,,,,,9/8/2026 19:08,,,,770,47825,218,06:25.5,,,
2585,IDJKT,JKT64,MRTU9611340,HT09,1A,1,3,1,40,HC,,,,,,,,,E,,,,,,,,,,,,,9/8/2026 19:38,,,,770,47834,218,06:33.2,,,
6075,IDJKT,JKT74,MRTU9618047,,,,,,40,HC,,,,,,,,,E,,,,,,,,,,,,,28-08-2026 23:15,,,,770,50186,219,08:52.1,,,
7177,IDJKT,JKT74,MRTU2000400,,,,,,20,GP,,,,,,,,,E,,,,,,,,,,,,,31-08-2026 17:29,,,,770,50509,219,08:10.0,,,
7178,IDJKT,JKT74,MRTU2052019,,,,,,20,GP,,,,,,,,,E,,,,,,,,,,,,,31-08-2026 17:20,,,,770,50509,219,08:10.0,,,
2589,IDJKT,JKT64,TEGU7147842,HT 21,1A,4,5,3,20,GP,,,,,,,,,E,,,,,,,,,,,,,9/8/2026 16:52,,,,770,47834,218,06:33.2,,,
2590,IDJKT,JKT64,MRTU9621668,HT05,1A,1,4,4,40,HC,,,,,,,,,E,,,,,,,,,,,,,9/8/2026 19:34,,,,770,47834,218,06:33.2,,,
2591,IDJKT,JKT64,MRTU9642104,HT 07,1A,1,4,2,40,HC,,,,,,,,,E,,,,,,,,,,,,,9/8/2026 19:26,,,,770,47834,218,06:33.2,,,
2592,IDJKT,JKT64,MRTU9641089,HT 30,1A,2,4,1,40,HC,,,,,,,,,E,,,,,,,,,,,,,9/8/2026 19:25,,,,770,47834,218,06:33.2,,,
2593,IDJKT,JKT64,FCIU7033109,HT1 10,1A,1,3,2,40,HC,,,,,,,,,E,,,,,,,,,,,,,9/8/2026 19:39,,,,770,47834,218,06:33.2,,,
2594,IDJKT,JKT64,CAJU5094271,HT 06,1A,1,4,3,40,HC,,,,,,,,,E,,,,,,,,,,,,,9/8/2026 19:28,,,,770,47834,218,06:33.2,,,
2595,IDJKT,JKT64,MRTU2176010,Ht26,1b,8,5,5,20,GP,,,,,,,,,F,,,,,,,,,,,,,9/8/2026 23:03,,,,770,47837,218,06:40.6,,,
2596,IDJKT,JKT64,TEGU3008854,Ht21,1b,9,3,1,20,GP,,,,,,,,,E,,,,,,,,,,,,,9/8/2026 23:16,,,,770,47837,218,06:40.6,,,
6076,IDJKT,JKT74,MRTU9667479,,,,,,40,HC,,,,,,,,,E,,,,,,,,,,,,,28-08-2026 23:16,,,,770,50186,219,08:52.1,,,
2598,IDJKT,JKT64,TEGU3089033,Ht14,1b,7,1,4,20,GP,,,,,,,,,F,,,,,,,,,,,,,9/8/2026 23:06,,,,770,47837,218,06:40.6,,,
2599,IDJKT,JKT64,TEGU7115655,Ht19,1b,12,2,1,20,GP,,,,,,,,,E,,,,,,,,,,,,,9/8/2026 23:24,,,,770,47837,218,06:40.6,,,
2600,IDJKT,JKT64,MRTU2242615,Ht24,1b,7,5,2,20,GP,,,,,,,,,F,,,,,,,,,,,,,9/8/2026 22:45,,,,770,47837,218,06:40.6,,,
2601,IDJKT,JKT64,TEGU2975124,Ht21,1b,9,3,2,20,GP,,,,,,,,,E,,,,,,,,,,,,,9/8/2026 23:18,,,,770,47837,218,06:40.6,,,
2602,IDJKT,JKT64,MRTU2376213,Ht16,1b,7,5,3,20,GP,,,,,,,,,F,,,,,,,,,,,,,9/8/2026 22:47,,,,770,47837,218,06:40.6,,,
2603,IDJKT,JKT64,TEGU7154688,Ht14,1b,7,1,3,20,GP,,,,,,,,,F,,,,,,,,,,,,,9/8/2026 23:05,,,,770,47837,218,06:40.6,,,
2604,IDJKT,JKT64,MRTU2268456,Ht24,1b,7,5,1,20,GP,,,,,,,,,F,,,,,,,,,,,,,9/8/2026 22:44,,,,770,47837,218,06:40.6,,,
2605,IDJKT,JKT64,TEGU3075220,Ht19,1b,12,2,2,20,GP,,,,,,,,,E,,,,,,,,,,,,,9/8/2026 23:23,,,,770,47837,218,06:40.6,,,
2606,IDJKT,JKT64,MRTU2164472,Ht26,1b,7,6,5,20,GP,,,,,,,,,F,,,,,,,,,,,,,9/8/2026 23:04,,,,770,47837,218,06:40.6,,,
7179,IDJKT,JKT74,MRTU2077980,,,,,,20,GP,,,,,,,,,E,,,,,,,,,,,,,31-08-2026 17:20,,,,770,50509,219,08:10.0,,,
7180,IDJKT,JKT74,MRTU2094349,,,,,,20,GP,,,,,,,,,E,,,,,,,,,,,,,31-08-2026 19:20,,,,770,50509,219,08:10.0,,,
2609,IDJKT,JKT74,MRLU2368409,,,,,,20,EC,,,,,,,,,E,,,,,,,,,,,,,9/8/2026 23:06,,,,770,47832,219,06:40.7,,,
4646,IDJKT,JKT74,MRTU2035773,,,,,,20,GP,,,,,,,,,E,,,,,,,,,,,,,26-08-2026 20:05,,,,770,49923,219,15:08.8,,,
6077,IDJKT,JKT74,CAIU9546838,,,,,,40,HC,,,,,,,,,E,,,,,,,,,,,,,28-08-2026 23:11,,,,770,50186,219,08:52.1,,,
2612,IDJKT,JKT74,MRTU2147290,,,,,,20,GP,,,,,,,,,E,,,,,,,,,,,,,9/8/2026 23:25,,,,770,47832,219,06:40.7,,,
2613,IDJKT,JKT74,CEOU2254891,,,,,,20,GP,,,,,,,,,E,,,,,,,,,,,,,9/8/2026 20:06,,,,770,47832,219,06:40.7,,,
2614,IDJKT,JKT74,MRTU2104386,,,,,,20,GP,,,,,,,,,E,,,,,,,,,,,,,9/8/2026 21:33,,,,770,47832,219,06:40.7,,,
2615,IDJKT,JKT74,MRTU2376419,,,,,,20,GP,,,,,,,,,E,,,,,,,,,,,,,9/8/2026 20:09,,,,770,47832,219,06:40.7,,,
2616,IDJKT,JKT74,MRTU2020048,,,,,,20,GP,,,,,,,,,E,,,,,,,,,,,,,9/8/2026 21:51,,,,770,47832,219,06:40.7,,,
7181,IDJKT,JKT74,MRTU2052019,,,,,,20,GP,,,,,,,,,E,,,,,,,,,,,,,31-08-2026 17:17,,,,770,50509,219,08:10.0,,,
2619,IDJKT,JKT74,MRTU2193906,,,,,,20,GP,,,,,,,,,E,,,,,,,,,,,,,9/8/2026 22:34,,,,770,47832,219,06:40.7,,,
6079,IDJKT,JKT64,MRTU2336247,6,1b,,,,20,GP,,,,,,,,,E,,,,,,,,,,,,,29-08-2026 15:07,,,,770,50262,218,59:25.7,,,
2621,IDJKT,JKT74,TCKU1008732,,,,,,20,GP,,,,,,,,,E,,,,,,,,,,,,,9/8/2026 22:52,,,,770,47832,219,06:40.7,,,
6082,IDJKT,JKT64,MRTU2084588,6,1b,,,,20,GP,,,,,,,,,F,,,,,,,,,,,,,29-08-2026 15:08,,,,770,50262,218,59:25.7,,,
2626,IDJKT,JKT74,MRTU2029019,,,,,,20,GP,,,,,,,,,E,,,,,,,,,,,,,9/8/2026 22:29,,,,770,47832,219,06:40.7,,,
2627,IDJKT,JKT74,MRTU2180215,,,,,,,GP,,,,,,,,,E,,,,,,,,,,,,,9/8/2026 22:18,,,,770,47832,219,06:40.7,,,
2628,IDJKT,JKT74,MRTU2052723,,,,,,20,GP,,,,,,,,,E,,,,,,,,,,,,,9/8/2026 22:19,,,,770,47832,219,06:40.7,,,
2629,IDJKT,JKT74,MRLU2297650,,,,,,20,EC,,,,,,,,,E,,,,,,,,,,,,,9/8/2026 20:34,,,,770,47832,219,06:40.7,,,
2630,IDJKT,JKT74,MRTU2116598,,,,,,20,GP,,,,,,,,,E,,,,,,,,,,,,,9/8/2026 22:33,,,,770,47832,219,06:40.7,,,
2631,IDJKT,JKT74,MRTU2102629,,,,,,20,GP,,,,,,,,,E,,,,,,,,,,,,,9/8/2026 23:30,,,,770,47832,219,06:40.7,,,
6083,IDJKT,JKT64,MRTU2318407,,,,,,20,GP,,,,,,,,,F,,,,,,,,,,,,,29-08-2026 14:00,,,,770,50262,218,59:25.7,,,
2634,IDJKT,JKT74,BEAU2401340,,,,,,20,GP,,,,,,,,,E,,,,,,,,,,,,,9/8/2026 22:20,,,,770,47832,219,06:40.7,,,
2635,IDJKT,JKT74,MRTU2039845,,,,,,20,GP,,,,,,,,,E,,,,,,,,,,,,,9/8/2026 23:34,,,,770,47832,219,06:40.7,,,
2636,IDJKT,JKT74,FCIU6083620,,,,,,20,GP,,,,,,,,,E,,,,,,,,,,,,,9/8/2026 21:17,,,,770,47832,219,06:40.7,,,
2637,IDJKT,JKT74,MRTU2168884,,,,,,20,GP,,,,,,,,,E,,,,,,,,,,,,,9/8/2026 22:39,,,,770,47832,219,06:40.7,,,
6085,IDJKT,JKT64,MRTU2209601,6,1b,,,,20,GP,,,,,,,,,F,,,,,,,,,,,,,29-08-2026 14:42,,,,770,50262,218,59:25.7,,,
2640,IDJKT,JKT74,MRTU2109330,,,,,,20,GP,,,,,,,,,E,,,,,,,,,,,,,9/8/2026 22:37,,,,770,47832,219,06:40.7,,,
2642,IDJKT,JKT74,MRTU2199397,,,,,,20,GP,,,,,,,,,E,,,,,,,,,,,,,9/8/2026 20:14,,,,770,47832,219,06:40.7,,,
2643,IDJKT,JKT74,HPCU2231241,,,,,,20,GP,,,,,,,,,E,,,,,,,,,,,,,9/8/2026 20:08,,,,770,47832,219,06:40.7,,,
2644,IDJKT,JKT74,MRLU2310691,,,,,,20,EC,,,,,,,,,E,,,,,,,,,,,,,9/8/2026 23:02,,,,770,47832,219,06:40.7,,,
4257,IDJKT,JKT64,MRTU2256856,6,,,,,20,GP,,,,,,,,,F,,,,,,,,,,,,,26-08-2026 13:38,,,,770,49917,218,15:07.7,,,
2646,IDJKT,JKT74,MRTU2164220,,,,,,20,GP,,,,,,,,,E,,,,,,,,,,,,,9/8/2026 23:35,,,,770,47832,219,06:40.7,,,
2647,IDJKT,JKT74,TRHU3365906,,,,,,20,GP,,,,,,,,,E,,,,,,,,,,,,,9/8/2026 22:23,,,,770,47832,219,06:40.7,,,
2648,IDJKT,JKT74,MRTU2317083,,,,,,20,GP,,,,,,,,,E,,,,,,,,,,,,,9/8/2026 21:52,,,,770,47832,219,06:40.7,,,
5879,IDJKT,JKT64,MRTU9606529,6,,,,,40,HC,,,,,,,,,E,,,,,,,,,,,,,28-08-2026 13:29,,,,770,50163,218,57:32.9,,,
2650,IDJKT,JKT74,FCIU6091707,,,,,,20,GP,,,,,,,,,E,,,,,,,,,,,,,9/8/2026 21:43,,,,770,47832,219,06:40.7,,,
7182,IDJKT,JKT64,MRTU2244731,,,,,,20,GP,,,,,,,,,F,,,,,,,,,,,,,1/9/2026 1:01,,,,770,50522,218,48:43.5,,,
7183,IDJKT,JKT64,MRTU2184798,,,,,,20,GP,,,,,,,,,F,,,,,,,,,,,,,1/9/2026 7:29,,,,770,50522,218,48:43.5,,,
7184,IDJKT,JKT64,WHSU2080399,,,,,,20,GP,,,,,,,,,F,,,,,,,,,,,,,1/9/2026 1:18,,,,770,50522,218,48:43.5,,,
7185,IDJKT,JKT64,MRTU2314340,,,,,,20,GP,,,,,,,,,F,,,,,,,,,,,,,1/9/2026 5:33,,,,770,50522,218,48:43.5,,,
7186,IDJKT,JKT64,DRYU2458058,,,,,,20,GP,,,,,,,,,F,,,,,,,,,,,,,1/9/2026 5:31,,,,770,50522,218,48:43.5,,,
7187,IDJKT,JKT64,MRTU2177166,,,,,,20,GP,,,,,,,,,F,,,,,,,,,,,,,1/9/2026 2:37,,,,770,50522,218,48:43.5,,,
4670,IDJKT,JKT74,TEGU3019756,,,,,,20,GP,,,,,,,,,E,,,,,,,,,,,,,26-08-2026 16:32,,,,770,49930,219,15:09.1,,,
2660,IDJKT,JKT74,MRLU2353250,,,,,,20,EC,,,,,,,,,E,,,,,,,,,,,,,9/8/2026 23:16,,,,770,47832,219,06:40.7,,,
2661,IDJKT,JKT74,MRTU2224756,,,,,,20,GP,,,,,,,,,E,,,,,,,,,,,,,9/8/2026 21:30,,,,770,47832,219,06:40.7,,,
2663,IDJKT,JKT74,MRTU2108102,,,,,,20,GP,,,,,,,,,E,,,,,,,,,,,,,9/8/2026 23:26,,,,770,47832,219,06:40.7,,,
4672,IDJKT,JKT74,TRLU9643197,,,,,,20,GP,,,,,,,,,E,,,,,,,,,,,,,26-08-2026 16:24,,,,770,49930,219,15:09.1,,,
2665,IDJKT,JKT74,MRLU2313216,,,,,,20,EC,,,,,,,,,E,,,,,,,,,,,,,9/8/2026 23:15,,,,770,47832,219,06:40.7,,,
4673,IDJKT,JKT74,TEGU3036619,,,,,,20,GP,,,,,,,,,E,,,,,,,,,,,,,26-08-2026 17:37,,,,770,49930,219,15:09.1,,,
4674,IDJKT,JKT74,MRTU2991228,,,,,,20,GP,,,,,,,,,E,,,,,,,,,,,,,26-08-2026 23:11,,,,770,49930,219,15:09.1,,,
2668,IDJKT,JKT74,MRTU2318027,,,,,,20,GP,,,,,,,,,E,,,,,,,,,,,,,9/8/2026 22:14,,,,770,47832,219,06:40.7,,,
4675,IDJKT,JKT74,MRTU9630649,,,,,,40,HC,,,,,,,,,E,,,,,,,,,,,,,26-08-2026 17:02,,,,770,49930,219,15:09.1,,,
2671,IDJKT,JKT74,MRLU2350312,,,,,,20,EC,,,,,,,,,E,,,,,,,,,,,,,9/8/2026 23:22,,,,770,47832,219,06:40.7,,,
2673,IDJKT,JKT74,MRTU2304580,,,,,,20,GP,,,,,,,,,E,,,,,,,,,,,,,9/8/2026 20:20,,,,770,47832,219,06:40.7,,,
2674,IDJKT,JKT74,MRTU2221090,,,,,,20,GP,,,,,,,,,E,,,,,,,,,,,,,9/8/2026 20:14,,,,770,47832,219,06:40.7,,,
2675,IDJKT,JKT74,MRTU2306495,,,,,,20,GP,,,,,,,,,E,,,,,,,,,,,,,9/8/2026 20:19,,,,770,47832,219,06:40.7,,,
2676,IDJKT,JKT74,MRTU2232258,,,,,,,GP,,,,,,,,,E,,,,,,,,,,,,,9/8/2026 21:57,,,,770,47832,219,06:40.7,,,
2678,IDJKT,JKT74,MRTU2144460,,,,,,20,GP,,,,,,,,,E,,,,,,,,,,,,,9/8/2026 23:17,,,,770,47832,219,06:40.7,,,
2680,IDJKT,JKT74,MRTU2270896,,,,,,20,GP,,,,,,,,,E,,,,,,,,,,,,,9/8/2026 22:31,,,,770,47832,219,06:40.7,,,
2681,IDJKT,JKT74,HPCU2223890,,,,,,20,GP,,,,,,,,,E,,,,,,,,,,,,,9/8/2026 20:27,,,,770,47832,219,06:40.7,,,
2682,IDJKT,JKT74,MRTU2122456,,,,,,20,GP,,,,,,,,,E,,,,,,,,,,,,,9/8/2026 22:02,,,,770,47832,219,06:40.7,,,
4681,IDJKT,JKT74,TEGU3026210,,,,,,20,GP,,,,,,,,,E,,,,,,,,,,,,,26-08-2026 23:27,,,,770,49930,219,15:09.1,,,
4683,IDJKT,JKT74,TEGU2991700,,,,,,20,GP,,,,,,,,,E,,,,,,,,,,,,,26-08-2026 16:43,,,,770,49930,219,15:09.1,,,
4684,IDJKT,JKT74,TEGU3004801,,,,,,20,GP,,,,,,,,,E,,,,,,,,,,,,,26-08-2026 17:12,,,,770,49930,219,15:09.1,,,
2688,IDJKT,JKT74,MRLU2385556,,,,,,20,EC,,,,,,,,,E,,,,,,,,,,,,,9/8/2026 23:23,,,,770,47832,219,06:40.7,,,
2689,IDJKT,JKT74,MRTU2281669,,,,,,20,GP,,,,,,,,,E,,,,,,,,,,,,,9/8/2026 21:47,,,,770,47832,219,06:40.7,,,
2690,IDJKT,JKT74,DFSU3192641,,,,,,20,GP,,,,,,,,,E,,,,,,,,,,,,,9/8/2026 20:26,,,,770,47832,219,06:40.7,,,
2691,IDJKT,JKT74,MRTU2162525,,,,,,20,GP,,,,,,,,,E,,,,,,,,,,,,,9/8/2026 22:16,,,,770,47832,219,06:40.7,,,
2692,IDJKT,JKT74,MRLU2308014,,,,,,20,EC,,,,,,,,,E,,,,,,,,,,,,,9/8/2026 23:02,,,,770,47832,219,06:40.7,,,
2693,IDJKT,JKT74,MRTU2160820,,,,,,20,GP,,,,,,,,,E,,,,,,,,,,,,,9/8/2026 22:25,,,,770,47832,219,06:40.7,,,
2694,IDJKT,JKT74,MRTU2100349,,,,,,20,GP,,,,,,,,,E,,,,,,,,,,,,,9/8/2026 22:32,,,,770,47832,219,06:40.7,,,
2696,IDJKT,JKT74,CAAU2946491,,,,,,20,GP,,,,,,,,,E,,,,,,,,,,,,,9/8/2026 20:31,,,,770,47832,219,06:40.7,,,
2697,IDJKT,JKT74,MRTU2190316,,,,,,20,GP,,,,,,,,,E,,,,,,,,,,,,,9/8/2026 22:02,,,,770,47832,219,06:40.7,,,
2698,IDJKT,JKT74,SEGU3957422,,,,,,20,GP,,,,,,,,,E,,,,,,,,,,,,,9/8/2026 21:17,,,,770,47832,219,06:40.7,,,
4687,IDJKT,JKT74,TEGU7024405,,,,,,20,GP,,,,,,,,,E,,,,,,,,,,,,,26-08-2026 16:59,,,,770,49930,219,15:09.1,,,
2702,IDJKT,JKT74,MCCU1108248,,,,,,20,GP,,,,,,,,,E,,,,,,,,,,,,,9/8/2026 20:27,,,,770,47832,219,06:40.7,,,
2703,IDJKT,JKT74,MRTU2329850,,,,,,20,GP,,,,,,,,,E,,,,,,,,,,,,,9/8/2026 20:16,,,,770,47832,219,06:40.7,,,
2704,IDJKT,JKT74,MRLU2300477,,,,,,20,EC,,,,,,,,,E,,,,,,,,,,,,,9/8/2026 22:57,,,,770,47832,219,06:40.7,,,
2705,IDJKT,JKT74,MRTU2223549,,,,,,20,GP,,,,,,,,,E,,,,,,,,,,,,,9/8/2026 22:33,,,,770,47832,219,06:40.7,,,
2706,IDJKT,JKT74,HPCU2229291,,,,,,20,GP,,,,,,,,,E,,,,,,,,,,,,,9/8/2026 22:24,,,,770,47832,219,06:40.7,,,
2707,IDJKT,JKT74,MRTU2101495,,,,,,20,GP,,,,,,,,,E,,,,,,,,,,,,,9/8/2026 22:16,,,,770,47832,219,06:40.7,,,
2708,IDJKT,JKT74,MRTU2135047,,,,,,20,GP,,,,,,,,,E,,,,,,,,,,,,,9/8/2026 22:29,,,,770,47832,219,06:40.7,,,
7188,IDJKT,JKT64,SPNU4666382,,,,,,40,HC,,,,,,,,,E,,,,,,,,,,,,,1/9/2026 6:45,,,,770,50519,218,58:44.3,,,
2710,IDJKT,JKT74,MRTU2147074,,,,,,20,GP,,,,,,,,,E,,,,,,,,,,,,,9/8/2026 23:20,,,,770,47832,219,06:40.7,,,
2711,IDJKT,JKT74,MRLU2361364,,,,,,20,GP,,,,,,,,,E,,,,,,,,,,,,,9/8/2026 23:43,,,,770,47832,219,06:40.7,,,
2712,IDJKT,JKT74,TEMU5080236,,,,,,,GP,,,,,,,,,E,,,,,,,,,,,,,9/8/2026 21:34,,,,770,47832,219,06:40.7,,,
7189,IDJKT,JKT64,SPNU4614368,,,,,,40,HC,,,,,,,,,E,,,,,,,,,,,,,1/9/2026 5:59,,,,770,50519,218,58:44.3,,,
7190,IDJKT,JKT64,MRLU5213910,,,,,,40,HC,,,,,,,,,E,,,,,,,,,,,,,1/9/2026 1:50,,,,770,50519,218,58:44.3,,,
4692,IDJKT,JKT74,TEGU2995100,,,,,,20,GP,,,,,,,,,E,,,,,,,,,,,,,26-08-2026 16:43,,,,770,49930,219,15:09.1,,,
4693,IDJKT,JKT74,TEGU3012303,,,,,,20,GP,,,,,,,,,E,,,,,,,,,,,,,26-08-2026 16:53,,,,770,49930,219,15:09.1,,,
2717,IDJKT,JKT74,MRTU2141055,,,,,,20,GP,,,,,,,,,E,,,,,,,,,,,,,9/8/2026 23:19,,,,770,47832,219,06:40.7,,,
2718,IDJKT,JKT74,MRTU2184118,,,,,,20,GP,,,,,,,,,E,,,,,,,,,,,,,9/8/2026 22:13,,,,770,47832,219,06:40.7,,,
4694,IDJKT,JKT74,JPLU3023683,,,,,,20,GP,,,,,,,,,E,,,,,,,,,,,,,26-08-2026 16:38,,,,770,49930,219,15:09.1,,,
2720,IDJKT,JKT74,MRTU2116793,,,,,,20,GP,,,,,,,,,E,,,,,,,,,,,,,9/8/2026 22:20,,,,770,47832,219,06:40.7,,,
2721,IDJKT,JKT74,MRTU2222096,,,,,,20,GP,,,,,,,,,E,,,,,,,,,,,,,9/8/2026 21:43,,,,770,47832,219,06:40.7,,,
2722,IDJKT,JKT74,MRTU2190620,,,,,,20,GP,,,,,,,,,E,,,,,,,,,,,,,9/8/2026 21:56,,,,770,47832,219,06:40.7,,,
4695,IDJKT,JKT74,TEGU2999888,,,,,,20,GP,,,,,,,,,E,,,,,,,,,,,,,26-08-2026 22:45,,,,770,49930,219,15:09.1,,,
2724,IDJKT,JKT74,MRTU2264213,,,,,,20,GP,,,,,,,,,E,,,,,,,,,,,,,9/8/2026 21:58,,,,770,47832,219,06:40.7,,,
2725,IDJKT,JKT74,MRTU2109325,,,,,,20,GP,,,,,,,,,E,,,,,,,,,,,,,9/8/2026 22:25,,,,770,47832,219,06:40.7,,,
2726,IDJKT,JKT74,MRTU2345090,,,,,,20,GP,,,,,,,,,E,,,,,,,,,,,,,9/8/2026 20:30,,,,770,47832,219,06:40.7,,,
2727,IDJKT,JKT74,MRTU2328386,,,,,,20,GP,,,,,,,,,E,,,,,,,,,,,,,9/8/2026 20:26,,,,770,47832,219,06:40.7,,,
2728,IDJKT,JKT74,MRTU2173520,,,,,,20,GP,,,,,,,,,E,,,,,,,,,,,,,9/8/2026 23:17,,,,770,47832,219,06:40.7,,,
2729,IDJKT,JKT64,PSKU2403512,H08,2A,5,2,2,20,TN,,,,,,,,,E,,,,,,,,,,,,,9/8/2026 21:17,,,,770,47838,218,06:40.9,,,
2730,IDJKT,JKT64,MRTU2286064,H28,2A,5,3,3,20,GP,,,,,,,,,F,,,,,,,,,,,,,9/8/2026 23:30,,,,770,47838,218,06:40.9,,,
2731,IDJKT,JKT64,MRTU2215585,H27,2A,12,4,1,20,GP,,,,,,,,,F,,,,,,,,,,,,,9/8/2026 22:38,,,,770,47838,218,06:40.9,,,
2732,IDJKT,JKT64,MRTU2145024,H05,2A,1,2,4,20,GP,,,,,,,,,E,,,,,,,,,,,,,9/8/2026 23:18,,,,770,47838,218,06:40.9,,,
7191,IDJKT,JKT64,SITU2845107,,,,,,20,GP,,,,,,,,,F,,,,,,,,,,,,,1/9/2026 7:05,,,,770,50519,218,58:44.3,,,
2734,IDJKT,JKT64,HPCU2988739,H12,2A,10,4,2,20,GP,,,,,,,,,F,,,,,,,,,,,,,9/8/2026 23:40,,,,770,47838,218,06:40.9,,,
2735,IDJKT,JKT64,TEGU3060019,H12,2A,1,4,1,20,GP,,,,,,,,,E,,,,,,,,,,,,,9/8/2026 23:02,,,,770,47838,218,06:40.9,,,
2736,IDJKT,JKT64,MRTU2243592,H26,2A,11,3,4,20,GP,,,,,,,,,F,,,,,,,,,,,,,9/8/2026 21:44,,,,770,47838,218,06:40.9,,,
2737,IDJKT,JKT64,MRTU2272097,H27,2A,12,4,2,20,GP,,,,,,,,,F,,,,,,,,,,,,,9/8/2026 22:39,,,,770,47838,218,06:40.9,,,
2738,IDJKT,JKT64,PSKU2409660,H28,2A,5,4,3,20,TN,,,,,,,,,E,,,,,,,,,,,,,9/8/2026 21:12,,,,770,47838,218,06:40.9,,,
7192,IDJKT,JKT64,SPNU4673083,,,,,,40,HC,,,,,,,,,E,,,,,,,,,,,,,1/9/2026 5:59,,,,770,50519,218,58:44.3,,,
2740,IDJKT,JKT64,TEGU3061967,H20,2A,1,4,4,20,GP,,,,,,,,,E,,,,,,,,,,,,,9/8/2026 23:14,,,,770,47838,218,06:40.9,,,
2741,IDJKT,JKT64,TEGU3080334,H12,2A,1,4,2,20,GP,,,,,,,,,E,,,,,,,,,,,,,9/8/2026 23:02,,,,770,47838,218,06:40.9,,,
2742,IDJKT,JKT64,FCIU6081592,H22,2A,5,3,1,20,GP,,,,,,,,,F,,,,,,,,,,,,,9/8/2026 23:27,,,,770,47838,218,06:40.9,,,
2743,IDJKT,JKT64,MRTU2275558,H08,2A,5,2,1,20,GP,,,,,,,,,E,,,,,,,,,,,,,9/8/2026 21:16,,,,770,47838,218,06:40.9,,,
2744,IDJKT,JKT64,TRHU4924064,H03,2A,4,6,2,40,HC,,,,,,,,,E,,,,,,,,,,,,,9/8/2026 20:56,,,,770,47838,218,06:40.9,,,
2745,IDJKT,JKT64,MRTU2175970,H28,2A,5,3,4,20,GP,,,,,,,,,F,,,,,,,,,,,,,9/8/2026 23:30,,,,770,47838,218,06:40.9,,,
7193,IDJKT,JKT64,FCIU6081524,,,,,,20,GP,,,,,,,,,F,,,,,,,,,,,,,1/9/2026 0:58,,,,770,50519,218,58:44.3,,,
2748,IDJKT,JKT64,ONEU2681506,H05,2A,1,2,3,20,GP,,,,,,,,,F,,,,,,,,,,,,,9/8/2026 23:17,,,,770,47838,218,06:40.9,,,
2749,IDJKT,JKT64,ONEU2347926,H24,2A,1,2,1,20,GP,,,,,,,,,F,,,,,,,,,,,,,9/8/2026 23:11,,,,770,47838,218,06:40.9,,,
7194,IDJKT,JKT64,CSGU2016727,,,,,,20,GP,,,,,,,,,F,,,,,,,,,,,,,1/9/2026 2:29,,,,770,50519,218,58:44.3,,,
2751,IDJKT,JKT64,MRTU2308796,H24,2A,1,2,2,20,GP,,,,,,,,,F,,,,,,,,,,,,,9/8/2026 23:12,,,,770,47838,218,06:40.9,,,
2752,IDJKT,JKT64,MRTU2194707,H26,2A,11,4,3,20,GP,,,,,,,,,F,,,,,,,,,,,,,9/8/2026 21:43,,,,770,47838,218,06:40.9,,,
2753,IDJKT,JKT64,MRTU9655987,H29,1A,12,4,5,40,HC,,,,,,,,,E,,,,,,,,,,,,,9/8/2026 20:53,,,,770,47838,218,06:40.9,,,
2754,IDJKT,JKT64,MRTU2129701,H29,2A,5,2,3,20,GP,,,,,,,,,F,,,,,,,,,,,,,9/8/2026 23:25,,,,770,47838,218,06:40.9,,,
4701,IDJKT,JKT74,TEGU7165620,,,,,,20,GP,,,,,,,,,E,,,,,,,,,,,,,26-08-2026 17:12,,,,770,49930,219,15:09.1,,,
2756,IDJKT,JKT64,MRTU2186682,H29,2A,5,2,4,20,GP,,,,,,,,,F,,,,,,,,,,,,,9/8/2026 23:26,,,,770,47838,218,06:40.9,,,
2757,IDJKT,JKT64,GESU3392580,H12,2A,10,4,1,20,GP,,,,,,,,,F,,,,,,,,,,,,,9/8/2026 23:39,,,,770,47838,218,06:40.9,,,
6114,IDJKT,JKT74,MRTU2067451,Ht10,C,4,9,2,20,GP,,,,,,,,,E,,,,,,,,,,,,,29-08-2026 14:06,,,,770,50249,219,59:25.8,,,
2759,IDJKT,JKT64,TEGU2984656,Ht17,3a,17,4,3,20,GP,,,,,,,,,E,,,,,,,,,,,,,9/8/2026 22:56,,,,770,47835,218,06:41.1,,,
7195,IDJKT,JKT64,MRTU2025353,,,,,,20,GP,,,,,,,,,F,,,,,,,,,,,,,1/9/2026 7:17,,,,770,50519,218,58:44.3,,,
2761,IDJKT,JKT64,MRTU2248779,Ht11,3a,17,,,20,GP,,,,,,,,,F,,,,,,,,,,,,,9/8/2026 22:52,,,,770,47835,218,06:41.1,,,
2762,IDJKT,JKT64,MRTU2304928,Ht18,3a,22,,,20,GP,,,,,,,,,F,,,,,,,,,,,,,9/8/2026 23:00,,,,770,47835,218,06:41.1,,,
2763,IDJKT,JKT64,MRTU2117378,Ht18,3a,22,,,20,GP,,,,,,,,,F,,,,,,,,,,,,,9/8/2026 22:59,,,,770,47835,218,06:41.1,,,
4704,IDJKT,JKT74,TRLU9758093,,,,,,20,GP,,,,,,,,,E,,,,,,,,,,,,,26-08-2026 16:42,,,,770,49930,219,15:09.1,,,
2764,IDJKT,JKT64,MRTU2341541,Ht13,3a,22,,,20,GP,,,,,,,,,F,,,,,,,,,,,,,9/8/2026 23:02,,,,770,47835,218,06:41.1,,,
2765,IDJKT,JKT64,MRTU9606827,Ht06,3a,20,2,4,40,HC,,,,,,,,,E,,,,,,,,,,,,,9/8/2026 20:50,,,,770,47835,218,06:41.1,,,
2766,IDJKT,JKT64,MRTU2206264,Ht21,3a,23,,,20,GP,,,,,,,,,F,,,,,,,,,,,,,9/8/2026 23:32,,,,770,47835,218,06:41.1,,,
2767,IDJKT,JKT64,MRTU2153755,Ht03,3a,22,,,20,GP,,,,,,,,,F,,,,,,,,,,,,,9/8/2026 23:10,,,,770,47835,218,06:41.1,,,
2768,IDJKT,JKT64,MRTU9649177,Ht30,3a,20,2,1,40,HC,,,,,,,,,E,,,,,,,,,,,,,9/8/2026 20:44,,,,770,47835,218,06:41.1,,,
2769,IDJKT,JKT64,MRTU9607150,Ht10,3a,10,5,3,40,HC,,,,,,,,,E,,,,,,,,,,,,,9/8/2026 21:02,,,,770,47835,218,06:41.1,,,
7196,IDJKT,JKT64,SPNU4641569,,,,,,40,HC,,,,,,,,,E,,,,,,,,,,,,,1/9/2026 5:44,,,,770,50519,218,58:44.3,,,
2771,IDJKT,JKT64,SEGU4177117,Ht02,3a,10,4,5,40,HC,,,,,,,,,E,,,,,,,,,,,,,9/8/2026 21:08,,,,770,47835,218,06:41.1,,,
2772,IDJKT,JKT64,MRTU2341346,Ht03,3a,22,,,20,GP,,,,,,,,,F,,,,,,,,,,,,,9/8/2026 23:11,,,,770,47835,218,06:41.1,,,
7197,IDJKT,JKT64,RLTU2025845,,,,,,20,TN,,,,,,,,,E,,,,,,,,,,,,,1/9/2026 3:08,,,,770,50519,218,58:44.3,,,
2774,IDJKT,JKT64,MRTU2230070,Ht22,3a,22,,,20,GP,,,,,,,,,F,,,,,,,,,,,,,9/8/2026 22:58,,,,770,47835,218,06:41.1,,,
7198,IDJKT,JKT64,MRTU2245804,,,,,,20,GP,,,,,,,,,F,,,,,,,,,,,,,1/9/2026 7:19,,,,770,50519,218,58:44.3,,,
2776,IDJKT,JKT64,MRTU9629530,Ht30,3a,10,2,4,40,HC,,,,,,,,,E,,,,,,,,,,,,,9/8/2026 21:06,,,,770,47835,218,06:41.1,,,
7199,IDJKT,JKT64,MRTU2116140,,,,,,20,GP,,,,,,,,,F,,,,,,,,,,,,,1/9/2026 7:22,,,,770,50519,218,58:44.3,,,
2778,IDJKT,JKT64,MRTU2017316,Ht13,3a,1,4,,20,GP,,,,,,,,,E,,,,,,,,,,,,,9/8/2026 20:07,,,,770,47835,218,06:41.1,,,
2779,IDJKT,JKT64,MRTU9643570,Ht26,3a,20,3,4,40,HC,,,,,,,,,E,,,,,,,,,,,,,9/8/2026 20:42,,,,770,47835,218,06:41.1,,,
2780,IDJKT,JKT64,MRTU2206264,Ht21,3a,23,,,20,GP,,,,,,,,,F,,,,,,,,,,,,,9/8/2026 23:31,,,,770,47835,218,06:41.1,,,
2781,IDJKT,JKT64,TEGU7034825,Ht17,3a,17,,,20,GP,,,,,,,,,F,,,,,,,,,,,,,9/8/2026 22:52,,,,770,47835,218,06:41.1,,,
7200,IDJKT,JKT64,MRTU2152065,,,,,,20,GP,,,,,,,,,F,,,,,,,,,,,,,1/9/2026 7:36,,,,770,50519,218,58:44.3,,,
2783,IDJKT,JKT64,MRTU2116704,Ht15,3a,23,,,20,GP,,,,,,,,,F,,,,,,,,,,,,,9/8/2026 23:28,,,,770,47835,218,06:41.1,,,
4709,IDJKT,JKT74,TEGU3022024,,,,,,20,GP,,,,,,,,,E,,,,,,,,,,,,,26-08-2026 16:24,,,,770,49930,219,15:09.1,,,
2785,IDJKT,JKT64,TEGU7156736,Ht11,3a,17,4,3,20,GP,,,,,,,,,F,,,,,,,,,,,,,9/8/2026 22:51,,,,770,47835,218,06:41.1,,,
2786,IDJKT,JKT64,FCIU7032123,Ht01,3a,10,3,5,40,HC,,,,,,,,,E,,,,,,,,,,,,,9/8/2026 21:10,,,,770,47835,218,06:41.1,,,
2787,IDJKT,JKT64,BEAU4807451,Ht04,3s,20,2,2,40,HC,,,,,,,,,E,,,,,,,,,,,,,9/8/2026 20:46,,,,770,47835,218,06:41.1,,,
7201,IDJKT,JKT64,TGHU6555770,,,,,,40,HC,,,,,,,,,E,,,,,,,,,,,,,1/9/2026 1:37,,,,770,50519,218,58:44.3,,,
7202,IDJKT,JKT64,MRTU2186759,,,,,,20,GP,,,,,,,,,F,,,,,,,,,,,,,1/9/2026 3:49,,,,770,50519,218,58:44.3,,,
2790,IDJKT,JKT64,MRTU2208987,Ht15,3a,23,,,20,GP,,,,,,,,,F,,,,,,,,,,,,,9/8/2026 23:29,,,,770,47835,218,06:41.1,,,
2791,IDJKT,JKT64,FCIU6091081,Ht20,3a,16,,,,GP,,,,,,,,,F,,,,,,,,,,,,,9/8/2026 23:41,,,,770,47835,218,06:41.1,,,
2792,IDJKT,JKT64,MRTU2313299,Ht22,3a,22,4,1,20,GP,,,,,,,,,F,,,,,,,,,,,,,9/8/2026 22:57,,,,770,47835,218,06:41.1,,,
4712,IDJKT,JKT74,TCLU2039479,,,,,,20,GP,,,,,,,,,E,,,,,,,,,,,,,26-08-2026 16:32,,,,770,49930,219,15:09.1,,,
2794,IDJKT,JKT64,TEGU2963313,Ht20,3a,16,,,20,GP,,,,,,,,,E,,,,,,,,,,,,,9/8/2026 23:42,,,,770,47835,218,06:41.1,,,
2795,IDJKT,JKT64,SEGU4464797,Ht26,3a,10,5,4,40,HC,,,,,,,,,E,,,,,,,,,,,,,9/8/2026 21:04,,,,770,47835,218,06:41.1,,,
2796,IDJKT,JKT64,TEGU7145794,Ht14,3a,23,,,20,GP,,,,,,,,,E,,,,,,,,,,,,,9/8/2026 23:19,,,,770,47835,218,06:41.1,,,
7203,IDJKT,JKT64,MRTU2009136,,,,,,20,GP,,,,,,,,,F,,,,,,,,,,,,,1/9/2026 2:23,,,,770,50519,218,58:44.3,,,
2798,IDJKT,JKT64,CBHU7028784,Ht04,3a,44,3,1,40,HC,,,,,,,,,E,,,,,,,,,,,,,9/8/2026 20:16,,,,770,47840,218,06:41.2,,,
2799,IDJKT,JKT64,DFSU3192657,Ht09,3a,36,6,3,20,GP,,,,,,,,,F,,,,,,,,,,,,,9/8/2026 22:20,,,,770,47840,218,06:41.2,,,
2800,IDJKT,JKT64,SEKU1692247,Ht11,3a,38,3,3,20,GP,,,,,,,,,F,,,,,,,,,,,,,9/8/2026 23:15,,,,770,47840,218,06:41.2,,,
2801,IDJKT,JKT64,HPCU4313689,Ht02,3a,44,5,4,40,HC,,,,,,,,,E,,,,,,,,,,,,,9/8/2026 21:04,,,,770,47840,218,06:41.2,,,
7204,IDJKT,JKT64,MRTU9623953,,,,,,40,HC,,,,,,,,,E,,,,,,,,,,,,,1/9/2026 1:49,,,,770,50519,218,58:44.3,,,
2803,IDJKT,JKT64,MRTU2172858,Ht29,3a,35,4,3,20,GP,,,,,,,,,F,,,,,,,,,,,,,9/8/2026 21:53,,,,770,47840,218,06:41.2,,,
6123,IDJKT,JKT74,MRLU2388494,Ht26,C,2,11,3,20,GP,,,,,,,,,E,,,,,,,,,,,,,29-08-2026 14:26,,,,770,50249,219,59:25.8,,,
2805,IDJKT,JKT64,TEGU3046350,Ht20,3a,34,5,4,20,GP,,,,,,,,,E,,,,,,,,,,,,,9/8/2026 22:55,,,,770,47840,218,06:41.2,,,
2806,IDJKT,JKT64,MRTU2293314,Ht01,3a,34,6,1,20,GP,,,,,,,,,F,,,,,,,,,,,,,9/8/2026 22:33,,,,770,47840,218,06:41.2,,,
2807,IDJKT,JKT64,HPCU4312189,Ht04,3a,44,3,3,40,HC,,,,,,,,,E,,,,,,,,,,,,,9/8/2026 21:02,,,,770,47840,218,06:41.2,,,
2808,IDJKT,JKT64,MRTU2177063,Ht08,3a,34,6,4,20,GP,,,,,,,,,F,,,,,,,,,,,,,9/8/2026 22:38,,,,770,47840,218,06:41.2,,,
2809,IDJKT,JKT64,MRTU9609317,Ht27,3a,32,1,3,40,HC,,,,,,,,,E,,,,,,,,,,,,,9/8/2026 21:15,,,,770,47840,218,06:41.2,,,
2810,IDJKT,JKT64,MRTU2132557,Ht09,3a,36,5,3,20,GP,,,,,,,,,F,,,,,,,,,,,,,9/8/2026 22:21,,,,770,47840,218,06:41.2,,,
2811,IDJKT,JKT64,MRTU9605230,Ht24,3a,32,3,3,40,HC,,,,,,,,,E,,,,,,,,,,,,,9/8/2026 21:13,,,,770,47840,218,06:41.2,,,
2812,IDJKT,JKT64,MRTU9600834,Ht07,3a,32,3,2,40,HC,,,,,,,,,E,,,,,,,,,,,,,9/8/2026 21:07,,,,770,47840,218,06:41.2,,,
2813,IDJKT,JKT64,MRTU9615813,Ht09,3a,44,5,3,40,HC,,,,,,,,,E,,,,,,,,,,,,,9/8/2026 21:03,,,,770,47840,218,06:41.2,,,
2814,IDJKT,JKT64,MRTU2329021,Ht04,3a,35,6,4,20,GP,,,,,,,,,F,,,,,,,,,,,,,9/8/2026 22:17,,,,770,47840,218,06:41.2,,,
2815,IDJKT,JKT64,TEGU7075568,Ht17,3a,38,1,3,20,GP,,,,,,,,,E,,,,,,,,,,,,,9/8/2026 23:20,,,,770,47840,218,06:41.2,,,
2816,IDJKT,JKT64,BMOU6029493,Ht01,3a,44,5,5,40,HC,,,,,,,,,E,,,,,,,,,,,,,9/8/2026 21:06,,,,770,47840,218,06:41.2,,,
2817,IDJKT,JKT64,MRTU2242451,Ht08,3a,35,1,2,20,GP,,,,,,,,,F,,,,,,,,,,,,,9/8/2026 22:09,,,,770,47840,218,06:41.2,,,
2818,IDJKT,JKT64,MRTU2238148,Ht25,3a,35,3,2,20,GP,,,,,,,,,F,,,,,,,,,,,,,9/8/2026 21:52,,,,770,47840,218,06:41.2,,,
2819,IDJKT,JKT64,MRTU2325160,Ht08,3a,35,1,1,20,GP,,,,,,,,,F,,,,,,,,,,,,,9/8/2026 22:09,,,,770,47840,218,06:41.2,,,
7205,IDJKT,JKT64,MRTU2125429,,,,,,20,GP,,,,,,,,,F,,,,,,,,,,,,,1/9/2026 2:51,,,,770,50519,218,58:44.3,,,
2821,IDJKT,JKT64,CAAU2947646,Ht25,3a,36,3,3,20,GP,,,,,,,,,F,,,,,,,,,,,,,9/8/2026 22:29,,,,770,47840,218,06:41.2,,,
7206,IDJKT,JKT64,BEAU2514834,,,,,,20,GP,,,,,,,,,F,,,,,,,,,,,,,1/9/2026 6:37,,,,770,50519,218,58:44.3,,,
2822,IDJKT,JKT64,MRTU2311681,Ht25,3a,36,4,3,20,GP,,,,,,,,,F,,,,,,,,,,,,,9/8/2026 22:22,,,,770,47840,218,06:41.2,,,
2824,IDJKT,JKT64,MRTU2308013,Ht11,3a,38,4,3,20,GP,,,,,,,,,F,,,,,,,,,,,,,9/8/2026 23:12,,,,770,47840,218,06:41.2,,,
2825,IDJKT,JKT64,ONEU2173001,Ht04,3a,34,1,3,20,GP,,,,,,,,,F,,,,,,,,,,,,,9/8/2026 22:53,,,,770,47840,218,06:41.2,,,
4719,IDJKT,JKT74,TEGU2905019,,,,,,20,GP,,,,,,,,,E,,,,,,,,,,,,,26-08-2026 16:59,,,,770,49930,219,15:09.1,,,
2827,IDJKT,JKT64,ONEU2097540,Ht04,3a,34,1,2,20,GP,,,,,,,,,F,,,,,,,,,,,,,9/8/2026 22:52,,,,770,47840,218,06:41.2,,,
2828,IDJKT,JKT64,MRTU9645401,Ht30,3a,32,5,5,40,HC,,,,,,,,,E,,,,,,,,,,,,,9/8/2026 23:27,,,,770,47840,218,06:41.2,,,
2829,IDJKT,JKT64,TEGU3096351,Ht,3a,34,1,4,20,GP,,,,,,,,,E,,,,,,,,,,,,,9/8/2026 22:54,,,,770,47840,218,06:41.2,,,
2830,IDJKT,JKT64,MRTU2293952,Ht23,3a,35,4,4,20,GP,,,,,,,,,F,,,,,,,,,,,,,9/8/2026 22:19,,,,770,47840,218,06:41.2,,,
2831,IDJKT,JKT64,HPCU4313117,Ht27,3a,44,1,4,40,HC,,,,,,,,,E,,,,,,,,,,,,,9/8/2026 21:07,,,,770,47840,218,06:41.2,,,
2832,IDJKT,JKT64,TEGU3069715,Ht16,3a,38,5,2,20,GP,,,,,,,,,E,,,,,,,,,,,,,9/8/2026 23:09,,,,770,47840,218,06:41.2,,,
2833,IDJKT,JKT64,MRTU9653080,Ht23,3a,44,2,4,40,HC,,,,,,,,,E,,,,,,,,,,,,,9/8/2026 21:05,,,,770,47840,218,06:41.2,,,
2834,IDJKT,JKT64,MRTU2224859,Ht28,3a,35,3,4,20,GP,,,,,,,,,F,,,,,,,,,,,,,9/8/2026 22:08,,,,770,47840,218,06:41.2,,,
2835,IDJKT,JKT64,MRTU2235750,Ht18,3a,38,5,4,20,GP,,,,,,,,,F,,,,,,,,,,,,,9/8/2026 23:21,,,,770,47840,218,06:41.2,,,
2836,IDJKT,JKT64,MRTU9630103,Ht06,3a,32,3,4,40,HC,,,,,,,,,E,,,,,,,,,,,,,9/8/2026 23:37,,,,770,47840,218,06:41.2,,,
2837,IDJKT,JKT64,TEGU7084298,Ht17,3a,38,1,2,20,GP,,,,,,,,,E,,,,,,,,,,,,,9/8/2026 23:19,,,,770,47840,218,06:41.2,,,
2838,IDJKT,JKT64,MRTU9616580,Ht09,3a,32,4,3,40,HC,,,,,,,,,E,,,,,,,,,,,,,9/8/2026 21:08,,,,770,47840,218,06:41.2,,,
2839,IDJKT,JKT64,MRTU2224479,Ht26,3a,36,2,3,20,GP,,,,,,,,,F,,,,,,,,,,,,,9/8/2026 22:30,,,,770,47840,218,06:41.2,,,
2840,IDJKT,JKT64,TCNU4051573,Ht30,3a,44,3,4,40,HC,,,,,,,,,E,,,,,,,,,,,,,9/8/2026 21:03,,,,770,47840,218,06:41.2,,,
2841,IDJKT,JKT64,TEGU3012113,Ht19,3a,34,1,4,20,GP,,,,,,,,,E,,,,,,,,,,,,,9/8/2026 23:04,,,,770,47840,218,06:41.2,,,
7207,IDJKT,JKT64,MRTU2161175,,,,,,20,GP,,,,,,,,,F,,,,,,,,,,,,,1/9/2026 6:34,,,,770,50519,218,58:44.3,,,
7208,IDJKT,JKT64,SITU2552259,,,,,,20,GP,,,,,,,,,F,,,,,,,,,,,,,1/9/2026 7:04,,,,770,50519,218,58:44.3,,,
2844,IDJKT,JKT64,MRTU2210120,Ht04,3a,35,6,3,20,GP,,,,,,,,,F,,,,,,,,,,,,,9/8/2026 22:16,,,,770,47840,218,06:41.2,,,
2845,IDJKT,JKT64,TEGU3011415,Ht19,3a,34,2,4,20,GP,,,,,,,,,E,,,,,,,,,,,,,9/8/2026 23:03,,,,770,47840,218,06:41.2,,,
2846,IDJKT,JKT64,HPCU4317848,Ht06,3a,44,3,2,40,HC,,,,,,,,,E,,,,,,,,,,,,,9/8/2026 21:01,,,,770,47840,218,06:41.2,,,
2847,IDJKT,JKT64,TEGU3075019,Ht16,3a,38,5,3,20,GP,,,,,,,,,E,,,,,,,,,,,,,9/8/2026 23:10,,,,770,47840,218,06:41.2,,,
2848,IDJKT,JKT64,HPCU2231215,Ht08,3a,34,6,3,20,GP,,,,,,,,,F,,,,,,,,,,,,,9/8/2026 22:37,,,,770,47840,218,06:41.2,,,
2849,IDJKT,JKT64,CAJU5103687,Ht01,3a,32,5,4,40,HC,,,,,,,,,E,,,,,,,,,,,,,9/8/2026 21:24,,,,770,47840,218,06:41.2,,,
2850,IDJKT,JKT64,MRTU2318006,Ht29,3a,35,3,3,20,GP,,,,,,,,,F,,,,,,,,,,,,,9/8/2026 22:03,,,,770,47840,218,06:41.2,,,
2851,IDJKT,JKT64,MRTU2108720,Ht28,3a,35,4,4,20,GP,,,,,,,,,F,,,,,,,,,,,,,9/8/2026 22:04,,,,770,47840,218,06:41.2,,,
7209,IDJKT,JKT64,MRTU2161175,,,,,,20,GP,,,,,,,,,F,,,,,,,,,,,,,1/9/2026 0:54,,,,770,50519,218,58:44.3,,,
4722,IDJKT,JKT74,TEGU2925397,,,,,,20,GP,,,,,,,,,E,,,,,,,,,,,,,26-08-2026 16:23,,,,770,49930,219,15:09.1,,,
3165,IDJKT,JKT74,FCIU7020631,,,,,,40,HC,,,,,,,,,E,,,,,,,,,,,,,10/8/2026 6:36,,,,770,47833,219,07:22.5,,,
3166,IDJKT,JKT74,MRTU9603474,,,,,,40,HC,,,,,,,,,E,,,,,,,,,,,,,9/8/2026 20:06,,,,770,47833,219,07:22.5,,,
3167,IDJKT,JKT74,MRTU2376240,,,,,,20,GP,,,,,,,,,F,,,,,,,,,,,,,10/8/2026 7:30,,,,770,47833,219,07:22.5,,,
3168,IDJKT,JKT74,MRTU9609404,,,,,,40,HC,,,,,,,,,E,,,,,,,,,,,,,10/8/2026 3:10,,,,770,47833,219,07:22.5,,,
7210,IDJKT,JKT64,MRTU2184653,,,,,,20,GP,,,,,,,,,F,,,,,,,,,,,,,1/9/2026 6:28,,,,770,50519,218,58:44.3,,,
3192,IDJKT,JKT64,FCIU7028205,Ht12,3a,32,1,4,40,HC,,,,,,,,,E,,,,,,,,,,,,,10/8/2026 12:07,,,,770,47907,218,07:37.5,,,
7211,IDJKT,JKT64,MRTU2038767,,,,,,20,GP,,,,,,,,,F,,,,,,,,,,,,,1/9/2026 7:18,,,,770,50519,218,58:44.3,,,
3194,IDJKT,JKT74,MRTU2110389,Ht08,C,4,3,2,20,GP,,,,,,,,,E,,,,,,,,,,,,,10/8/2026 15:27,,,,770,47896,219,07:44.6,,,
3195,IDJKT,JKT74,MRTU2280220,Ht22,C,8,7,4,20,GP,,,,,,,,,E,,,,,,,,,,,,,10/8/2026 9:54,,,,770,47896,219,07:44.6,,,
3196,IDJKT,JKT74,MRTU2147557,Ht03,C,4,4,5,20,GP,,,,,,,,,E,,,,,,,,,,,,,10/8/2026 15:24,,,,770,47896,219,07:44.6,,,
3197,IDJKT,JKT74,MRTU2061659,Ht03,C,4,4,5,20,GP,,,,,,,,,E,,,,,,,,,,,,,10/8/2026 15:23,,,,770,47896,219,07:44.6,,,
3198,IDJKT,JKT74,MRTU2017980,Ht14,C,8,6,3,20,GP,,,,,,,,,E,,,,,,,,,,,,,10/8/2026 8:19,,,,770,47896,219,07:44.6,,,
7212,IDJKT,JKT64,HPCU2231895,,,,,,20,GP,,,,,,,,,F,,,,,,,,,,,,,1/9/2026 6:36,,,,770,50519,218,58:44.3,,,
3200,IDJKT,JKT74,HPCU2226327,Ht27,C,8,6,2,20,GP,,,,,,,,,E,,,,,,,,,,,,,10/8/2026 8:16,,,,770,47896,219,07:44.6,,,
3201,IDJKT,JKT74,MRTU2140233,Ht25,C,4,4,3,20,GP,,,,,,,,,E,,,,,,,,,,,,,10/8/2026 15:21,,,,770,47896,219,07:44.6,,,
3202,IDJKT,JKT74,MRTU2077790,Ht27,C,4,4,6,20,GP,,,,,,,,,E,,,,,,,,,,,,,10/8/2026 15:28,,,,770,47896,219,07:44.6,,,
3203,IDJKT,JKT74,MRTU2118610,Ht28,C,4,5,6,20,GP,,,,,,,,,E,,,,,,,,,,,,,10/8/2026 15:17,,,,770,47896,219,07:44.6,,,
3204,IDJKT,JKT74,MRTU2202103,Ht16,C,8,7,2,20,GP,,,,,,,,,E,,,,,,,,,,,,,10/8/2026 9:52,,,,770,47896,219,07:44.6,,,
3205,IDJKT,JKT74,MRTU2137034,Ht22,C,8,7,3,20,GP,,,,,,,,,E,,,,,,,,,,,,,10/8/2026 9:53,,,,770,47896,219,07:44.6,,,
3206,IDJKT,JKT74,MRTU2320493,Ht14,B,4,10,5,20,GP,,,,,,,,,E,,,,,,,,,,,,,10/8/2026 8:18,,,,770,47896,219,07:44.6,,,
3207,IDJKT,JKT74,MRTU2237579,Ht18,C,8,6,5,20,GP,,,,,,,,,E,,,,,,,,,,,,,10/8/2026 8:30,,,,770,47896,219,07:44.6,,,
3208,IDJKT,JKT74,MRTU2253991,Ht16,D,8,7,1,20,GP,,,,,,,,,E,,,,,,,,,,,,,10/8/2026 9:51,,,,770,47896,219,07:44.6,,,
3209,IDJKT,JKT74,FCIU7015933,Ht04,B,10,4,4,40,HC,,,,,,,,,E,,,,,,,,,,,,,10/8/2026 8:53,,,,770,47896,219,07:44.6,,,
3210,IDJKT,JKT74,MRTU2284879,Ht23,B,4,10,1,20,GP,,,,,,,,,E,,,,,,,,,,,,,10/8/2026 8:34,,,,770,47896,219,07:44.6,,,
3211,IDJKT,JKT74,,Ht27,C,8,6,1,20,GP,,,,,,,,,E,,,,,,,,,,,,,10/8/2026 8:15,,,,770,47896,219,07:44.6,,,
3212,IDJKT,JKT74,MRTU2145214,Ht28,C,4,5,1,20,GP,,,,,,,,,E,,,,,,,,,,,,,10/8/2026 15:16,,,,770,47896,219,07:44.6,,,
4725,IDJKT,JKT64,FFAU4439859,Ht02,3a,30,5,1,40,HC,,,,,,,,,F,,,,,,,,,,,,,26-08-2026 22:31,,,,770,49932,218,15:09.2,,,
7213,IDJKT,JKT74,CRXU3330827,,,,,,20,GP,,,,,,,,,E,,,,,,,,,,,,,1/9/2026 5:40,,,,770,50526,219,58:44.4,,,
3213,IDJKT,JKT74,MRLU2319580,Ht27,C,11,5,1,20,GP,,,,,,,,,E,,,,,,,,,,,,,10/8/2026 15:45,,,,770,47896,219,07:44.6,,,
3214,IDJKT,JKT74,MRLU2362015,Ht27,C,4,3,3,20,GP,,,,,,,,,E,,,,,,,,,,,,,10/8/2026 15:27,,,,770,47896,219,07:44.6,,,
3215,IDJKT,JKT74,MRTU9608291,Ht08,B,10,3,1,40,HC,,,,,,,,,E,,,,,,,,,,,,,10/8/2026 8:55,,,,770,47896,219,07:44.6,,,
3216,IDJKT,JKT74,MRTU2269025,Ht16,C,8,6,5,20,GP,,,,,,,,,E,,,,,,,,,,,,,10/8/2026 8:25,,,,770,47896,219,07:44.6,,,
4732,IDJKT,JKT64,OOCU0841024,Ht04,,,,,20,GP,,,,,,,,,E,,,,,,,,,,,,,26-08-2026 19:48,,,,770,49932,218,15:09.2,,,
3218,IDJKT,JKT74,MRLU2383450,Ht26,C,4,4,1,20,GP,,,,,,,,,E,,,,,,,,,,,,,10/8/2026 15:20,,,,770,47896,219,07:44.6,,,
3219,IDJKT,JKT74,MRTU9608054,Ht02,B,10,4,5,40,HC,,,,,,,,,E,,,,,,,,,,,,,10/8/2026 8:54,,,,770,47896,219,07:44.6,,,
3220,IDJKT,JKT74,MRTU2014106,Ht18,C,8,6,6,20,GP,,,,,,,,,E,,,,,,,,,,,,,10/8/2026 8:31,,,,770,47896,219,07:44.6,,,
3221,IDJKT,JKT74,MRTU2113710,H23,C,8,5,1,20,GP,,,,,,,,,E,,,,,,,,,,,,,10/8/2026 8:33,,,,770,47896,219,07:44.6,,,
3222,IDJKT,JKT74,MRTU2218711,Ht16,C,8,6,5,20,GP,,,,,,,,,E,,,,,,,,,,,,,10/8/2026 8:26,,,,770,47896,219,07:44.6,,,
3223,IDJKT,JKT74,MRTU2174819,Ht08,C,4,3,1,20,GP,,,,,,,,,E,,,,,,,,,,,,,10/8/2026 15:26,,,,770,47896,219,07:44.6,,,
7214,IDJKT,JKT74,MRTU2275706,,,,,,20,GP,,,,,,,,,E,,,,,,,,,,,,,1/9/2026 5:46,,,,770,50526,219,58:44.4,,,
7215,IDJKT,JKT74,HPCU2226287,,,,,,20,GP,,,,,,,,,E,,,,,,,,,,,,,1/9/2026 2:06,,,,770,50526,219,58:44.4,,,
6132,IDJKT,JKT74,MRLU2374021,Ht09,C,2,,,20,GP,,,,,,,,,E,,,,,,,,,,,,,29-08-2026 14:43,,,,770,50249,219,59:25.8,,,
7216,IDJKT,JKT64,FCIU6085290,,,,,,20,GP,,,,,,,,,F,,,,,,,,,,,,,1/9/2026 5:56,,,,770,50520,218,58:44.6,,,
7217,IDJKT,JKT64,SEGU4171607,,,,,,40,HC,,,,,,,,,F,,,,,,,,,,,,,1/9/2026 7:42,,,,770,50520,218,58:44.6,,,
7218,IDJKT,JKT64,OOCU7869002,,,,,,,HC,,,,,,,,,F,,,,,,,,,,,,,1/9/2026 2:41,,,,770,50520,218,58:44.6,,,
7219,IDJKT,JKT64,MRTU2024510,,,,,,20,GP,,,,,,,,,F,,,,,,,,,,,,,1/9/2026 6:03,,,,770,50520,218,58:44.6,,,
7220,IDJKT,JKT64,CSNU5878787,,,,,,40,HC,,,,,,,,,F,,,,,,,,,,,,,1/9/2026 2:41,,,,770,50520,218,58:44.6,,,
7221,IDJKT,JKT64,MRTU2046612,,,,,,20,GP,,,,,,,,,F,,,,,,,,,,,,,1/9/2026 2:11,,,,770,50521,218,58:44.7,,,
7222,IDJKT,JKT64,MRTU2204805,,,,,,20,GP,,,,,,,,,F,,,,,,,,,,,,,1/9/2026 6:45,,,,770,50521,218,58:44.7,,,
7223,IDJKT,JKT64,MRTU2277972,,,,,,20,GP,,,,,,,,,F,,,,,,,,,,,,,1/9/2026 2:47,,,,770,50521,218,58:44.7,,,
7224,IDJKT,JKT64,GCXU6463983,,,,,,40,HC,,,,,,,,,F,,,,,,,,,,,,,1/9/2026 2:01,,,,770,50521,218,58:44.7,,,
7225,IDJKT,JKT64,TEMU0379498,,,,,,20,GP,,,,,,,,,F,,,,,,,,,,,,,1/9/2026 7:30,,,,770,50521,218,58:44.7,,,
7226,IDJKT,JKT64,SPNU4624047,,,,,,40,HC,,,,,,,,,E,,,,,,,,,,,,,1/9/2026 2:02,,,,770,50521,218,58:44.7,,,
4749,IDJKT,JKT64,MRTU2238615,,,,,,20,GP,,,,,,,,,F,,,,,,,,,,,,,26-08-2026 22:04,,,,770,49939,218,15:09.3,,,
4750,IDJKT,JKT64,MRLU2345152,,,,,,20,GP,,,,,,,,,E,,,,,,,,,,,,,26-08-2026 17:50,,,,770,49939,218,15:09.3,,,
4756,IDJKT,JKT64,MRTU2341562,,,,,,20,GP,,,,,,,,,F,,,,,,,,,,,,,26-08-2026 19:39,,,,770,49939,218,15:09.3,,,
4760,IDJKT,JKT64,MRTU2230933,,,,,,20,GP,,,,,,,,,F,,,,,,,,,,,,,26-08-2026 22:07,,,,770,49939,218,15:09.3,,,
4761,IDJKT,JKT64,MRTU2284863,,,,,,20,GP,,,,,,,,,F,,,,,,,,,,,,,26-08-2026 17:50,,,,770,49939,218,15:09.3,,,
4774,IDJKT,JKT64,MRTU2074445,H23,1A,4,6,4,20,GP,,,,,,,,,F,,,,,,,,,,,,,26-08-2026 17:28,,,,770,49926,218,15:09.5,,,
3239,IDJKT,JKT74,BMOU6037061,,,,,,40,HC,,,,,,,,,E,,,,,,,,,,,,,10/8/2026 8:29,,,,770,47899,219,57:50.2,,,
3240,IDJKT,JKT74,MRTU2035876,,,,,,20,GP,,,,,,,,,E,,,,,,,,,,,,,10/8/2026 11:46,,,,770,47899,219,57:50.2,,,
3242,IDJKT,JKT74,MRTU2218394,,,,,,20,GP,,,,,,,,,E,,,,,,,,,,,,,10/8/2026 11:50,,,,770,47899,219,57:50.2,,,
3245,IDJKT,JKT74,MRTU2262524,,,,,,20,GP,,,,,,,,,E,,,,,,,,,,,,,10/8/2026 11:20,,,,770,47899,219,57:50.2,,,
3246,IDJKT,JKT74,MRTU9601466,,,,,,40,GP,,,,,,,,,E,,,,,,,,,,,,,10/8/2026 9:49,,,,770,47899,219,57:50.2,,,
3247,IDJKT,JKT74,MRTU2008736,,,,,,20,GP,,,,,,,,,E,,,,,,,,,,,,,10/8/2026 11:47,,,,770,47899,219,57:50.2,,,
6158,IDJKT,JKT74,MRTU2016069,Ht13,C,2,,,20,GP,,,,,,,,,E,,,,,,,,,,,,,29-08-2026 15:02,,,,770,50249,219,59:25.8,,,
3249,IDJKT,JKT74,MRTU9625869,,,,,,40,HC,,,,,,,,,E,,,,,,,,,,,,,10/8/2026 9:56,,,,770,47899,219,57:50.2,,,
3250,IDJKT,JKT74,MRTU2043275,,,,,,20,GP,,,,,,,,,E,,,,,,,,,,,,,10/8/2026 15:12,,,,770,47899,219,57:50.2,,,
3251,IDJKT,JKT74,MRTU2238050,,,,,,20,GP,,,,,,,,,E,,,,,,,,,,,,,10/8/2026 14:18,,,,770,47899,219,57:50.2,,,
3252,IDJKT,JKT74,TRHU3367811,,,,,,20,GP,,,,,,,,,E,,,,,,,,,,,,,10/8/2026 11:52,,,,770,47899,219,57:50.2,,,
4781,IDJKT,JKT64,SEKU1618511,H12,2A,7,2,2,20,GP,,,,,,,,,F,,,,,,,,,,,,,26-08-2026 21:02,,,,770,49926,218,15:09.5,,,
4782,IDJKT,JKT64,MRTU2256481,H16,,,,,20,GP,,,,,,,,,F,,,,,,,,,,,,,26-08-2026 23:49,,,,770,49926,218,15:09.5,,,
6160,IDJKT,JKT74,MRLU2360481,Ht11,C,3,11,1,20,GP,,,,,,,,,E,,,,,,,,,,,,,29-08-2026 14:52,,,,770,50249,219,59:25.8,,,
3257,IDJKT,JKT74,MRTU2256460,,,,,,20,GP,,,,,,,,,E,,,,,,,,,,,,,10/8/2026 11:31,,,,770,47899,219,57:50.2,,,
3259,IDJKT,JKT74,MRTU2034247,,,,,,20,GP,,,,,,,,,E,,,,,,,,,,,,,10/8/2026 15:07,,,,770,47899,219,57:50.2,,,
3260,IDJKT,JKT74,MRTU2200461,,,,,,40,GP,,,,,,,,,E,,,,,,,,,,,,,10/8/2026 11:34,,,,770,47899,219,57:50.2,,,
3261,IDJKT,JKT74,MRTU2375578,,,,,,20,GP,,,,,,,,,E,,,,,,,,,,,,,10/8/2026 11:25,,,,770,47899,219,57:50.2,,,
3262,IDJKT,JKT74,MRLU5213458,,,,,,40,HC,,,,,,,,,E,,,,,,,,,,,,,10/8/2026 10:04,,,,770,47899,219,57:50.2,,,
3263,IDJKT,JKT74,MRTU2319445,,,,,,20,GP,,,,,,,,,E,,,,,,,,,,,,,10/8/2026 11:12,,,,770,47899,219,57:50.2,,,
3264,IDJKT,JKT74,MRTU2219240,,,,,,20,GP,,,,,,,,,E,,,,,,,,,,,,,10/8/2026 9:27,,,,770,47899,219,57:50.2,,,
3265,IDJKT,JKT74,MRTU2260692,,,,,,20,GP,,,,,,,,,E,,,,,,,,,,,,,10/8/2026 11:27,,,,770,47899,219,57:50.2,,,
3266,IDJKT,JKT74,MRTU2050546,,,,,,20,GP,,,,,,,,,E,,,,,,,,,,,,,10/8/2026 9:27,,,,770,47899,219,57:50.2,,,
3267,IDJKT,JKT74,TXGU8490427,,,,,,40,HC,,,,,,,,,E,,,,,,,,,,,,,10/8/2026 9:28,,,,770,47899,219,57:50.2,,,
4785,IDJKT,JKT64,MRTU2113182,H16,3A,0,3,3,20,GP,,,,,,,,,F,,,,,,,,,,,,,26-08-2026 16:22,,,,770,49926,218,15:09.5,,,
3269,IDJKT,JKT74,MRTU2118538,,,,,,20,GP,,,,,,,,,E,,,,,,,,,,,,,10/8/2026 11:52,,,,770,47899,219,57:50.2,,,
3270,IDJKT,JKT74,TIIU6804058,,,,,,40,HC,,,,,,,,,E,,,,,,,,,,,,,10/8/2026 9:57,,,,770,47899,219,57:50.2,,,
3271,IDJKT,JKT74,MRTU2275373,,,,,,20,GP,,,,,,,,,E,,,,,,,,,,,,,10/8/2026 14:37,,,,770,47899,219,57:50.2,,,
3272,IDJKT,JKT74,MRTU2081660,,,,,,20,GP,,,,,,,,,E,,,,,,,,,,,,,10/8/2026 11:10,,,,770,47899,219,57:50.2,,,
4786,IDJKT,JKT64,MRTU2289865,H09,3A,1,4,4,20,GP,,,,,,,,,F,,,,,,,,,,,,,26-08-2026 20:29,,,,770,49926,218,15:09.5,,,
3274,IDJKT,JKT74,MRTU2289850,,,,,,20,HC,,,,,,,,,E,,,,,,,,,,,,,10/8/2026 11:10,,,,770,47899,219,57:50.2,,,
3275,IDJKT,JKT74,MRTU9629735,,,,,,40,HC,,,,,,,,,E,,,,,,,,,,,,,10/8/2026 9:56,,,,770,47899,219,57:50.2,,,
3276,IDJKT,JKT74,MRTU9607850,,,,,,40,HC,,,,,,,,,E,,,,,,,,,,,,,10/8/2026 9:57,,,,770,47899,219,57:50.2,,,
3278,IDJKT,JKT74,MRTU2195149,,,,,,20,GP,,,,,,,,,E,,,,,,,,,,,,,10/8/2026 11:32,,,,770,47899,219,57:50.2,,,
3279,IDJKT,JKT74,MRTU2287944,,,,,,20,HC,,,,,,,,,E,,,,,,,,,,,,,10/8/2026 15:01,,,,770,47899,219,57:50.2,,,
3280,IDJKT,JKT74,MRTU2116540,,,,,,40,GP,,,,,,,,,E,,,,,,,,,,,,,10/8/2026 11:34,,,,770,47899,219,57:50.2,,,
3281,IDJKT,JKT74,TXGU4074864,,,,,,40,HC,,,,,,,,,E,,,,,,,,,,,,,10/8/2026 10:03,,,,770,47899,219,57:50.2,,,
3284,IDJKT,JKT74,MRTU2222291,,,,,,20,GP,,,,,,,,,E,,,,,,,,,,,,,10/8/2026 14:19,,,,770,47899,219,57:50.2,,,
3286,IDJKT,JKT74,DFSU3193669,,,,,,20,GP,,,,,,,,,E,,,,,,,,,,,,,10/8/2026 11:56,,,,770,47899,219,57:50.2,,,
3287,IDJKT,JKT74,MRTU2199421,,,,,,20,GP,,,,,,,,,E,,,,,,,,,,,,,10/8/2026 11:34,,,,770,47899,219,57:50.2,,,
3288,IDJKT,JKT74,TXGU8926254,,,,,,40,HC,,,,,,,,,E,,,,,,,,,,,,,10/8/2026 9:57,,,,770,47899,219,57:50.2,,,
3289,IDJKT,JKT74,MRTU2232860,,,,,,20,GP,,,,,,,,,E,,,,,,,,,,,,,10/8/2026 11:26,,,,770,47899,219,57:50.2,,,
3290,IDJKT,JKT74,MRTU9611485,,,,,,40,HC,,,,,,,,,E,,,,,,,,,,,,,10/8/2026 9:57,,,,770,47899,219,57:50.2,,,
3291,IDJKT,JKT74,MRTU2222706,,,,,,20,GP,,,,,,,,,E,,,,,,,,,,,,,10/8/2026 11:25,,,,770,47899,219,57:50.2,,,
3292,IDJKT,JKT74,MRTU2227082,,,,,,20,GP,,,,,,,,,E,,,,,,,,,,,,,10/8/2026 11:47,,,,770,47899,219,57:50.2,,,
3294,IDJKT,JKT74,MRLU2319580,,,,,,20,GP,,,,,,,,,E,,,,,,,,,,,,,10/8/2026 15:08,,,,770,47899,219,57:50.2,,,
3295,IDJKT,JKT74,MRTU2294558,,,,,,20,HC,,,,,,,,,E,,,,,,,,,,,,,10/8/2026 11:10,,,,770,47899,219,57:50.2,,,
3296,IDJKT,JKT74,MRTU9633798,,,,,,40,HC,,,,,,,,,E,,,,,,,,,,,,,10/8/2026 9:27,,,,770,47899,219,57:50.2,,,
3297,IDJKT,JKT74,MRTU2308271,,,,,,20,GP,,,,,,,,,E,,,,,,,,,,,,,10/8/2026 11:27,,,,770,47899,219,57:50.2,,,
3299,IDJKT,JKT74,MRTU2003020,,,,,,20,HC,,,,,,,,,E,,,,,,,,,,,,,10/8/2026 15:08,,,,770,47899,219,57:50.2,,,
3301,IDJKT,JKT74,TCKU6471502,,,,,,40,HC,,,,,,,,,E,,,,,,,,,,,,,10/8/2026 9:49,,,,770,47899,219,57:50.2,,,
3302,IDJKT,JKT74,MRTU2108653,,,,,,20,GP,,,,,,,,,E,,,,,,,,,,,,,10/8/2026 11:27,,,,770,47899,219,57:50.2,,,
3303,IDJKT,JKT74,TCNU5141291,,,,,,40,HC,,,,,,,,,E,,,,,,,,,,,,,10/8/2026 10:03,,,,770,47899,219,57:50.2,,,
3305,IDJKT,JKT74,MRTU9610977,,,,,,40,HC,,,,,,,,,E,,,,,,,,,,,,,10/8/2026 10:04,,,,770,47899,219,57:50.2,,,
3306,IDJKT,JKT74,MRTU2035876,,,,,,20,GP,,,,,,,,,E,,,,,,,,,,,,,10/8/2026 14:51,,,,770,47899,219,57:50.2,,,
3307,IDJKT,JKT74,MRTU2198111,,,,,,20,GP,,,,,,,,,E,,,,,,,,,,,,,10/8/2026 11:34,,,,770,47899,219,57:50.2,,,
3308,IDJKT,JKT74,TGHU6595855,,,,,,40,HC,,,,,,,,,E,,,,,,,,,,,,,10/8/2026 9:47,,,,770,47899,219,57:50.2,,,
3309,IDJKT,JKT74,MRTU2173134,,,,,,20,GP,,,,,,,,,E,,,,,,,,,,,,,10/8/2026 11:23,,,,770,47899,219,57:50.2,,,
3310,IDJKT,JKT74,TGHU9240843,,,,,,40,HC,,,,,,,,,E,,,,,,,,,,,,,10/8/2026 9:46,,,,770,47899,219,57:50.2,,,
3311,IDJKT,JKT74,MRTU9612408,,,,,,40,HC,,,,,,,,,E,,,,,,,,,,,,,10/8/2026 9:49,,,,770,47899,219,57:50.2,,,
3312,IDJKT,JKT74,MRTU2043275,,,,,,20,HC,,,,,,,,,E,,,,,,,,,,,,,10/8/2026 15:20,,,,770,47899,219,57:50.2,,,
3313,IDJKT,JKT74,MRTU2194029,,,,,,20,GP,,,,,,,,,E,,,,,,,,,,,,,10/8/2026 11:56,,,,770,47899,219,57:50.2,,,
3315,IDJKT,JKT74,MRTU2167281,,,,,,20,GP,,,,,,,,,E,,,,,,,,,,,,,10/8/2026 11:49,,,,770,47899,219,57:50.2,,,
3316,IDJKT,JKT74,MRTU2169622,,,,,,20,GP,,,,,,,,,E,,,,,,,,,,,,,10/8/2026 11:56,,,,770,47899,219,57:50.2,,,
3317,IDJKT,JKT74,MRTU2193697,,,,,,20,GP,,,,,,,,,E,,,,,,,,,,,,,10/8/2026 11:23,,,,770,47899,219,57:50.2,,,
3318,IDJKT,JKT74,MRTU2269811,,,,,,20,GP,,,,,,,,,E,,,,,,,,,,,,,10/8/2026 11:22,,,,770,47899,219,57:50.2,,,
3319,IDJKT,JKT74,MRTU2305436,,,,,,20,GP,,,,,,,,,E,,,,,,,,,,,,,10/8/2026 11:10,,,,770,47899,219,57:50.2,,,
3320,IDJKT,JKT64,MRTU2190759,Ht12,3a,41,1,3,20,HC,,,,,,,,,E,,,,,,,,,,,,,10/8/2026 13:35,,,,770,47938,218,57:50.4,,,
3321,IDJKT,JKT64,MRTU9625200,Ht17,3a,40,5,2,40,HC,,,,,,,,,E,,,,,,,,,,,,,10/8/2026 13:47,,,,770,47938,218,57:50.4,,,
3322,IDJKT,JKT64,MRTU2133738,Ht12,3a,38,1,1,20,GP,,,,,,,,,E,,,,,,,,,,,,,10/8/2026 14:08,,,,770,47938,218,57:50.4,,,
3324,IDJKT,JKT64,MRTU9632765,Ht25,3a,30,4,1,40,HC,,,,,,,,,E,,,,,,,,,,,,,10/8/2026 15:34,,,,770,47938,218,57:50.4,,,
3325,IDJKT,JKT64,MRTU2302530,Ht19,3a,29,3,2,20,GP,,,,,,,,,F,,,,,,,,,,,,,10/8/2026 15:46,,,,770,47938,218,57:50.4,,,
3326,IDJKT,JKT64,CXDU1063832,Ht28,3a,40,5,3,40,HC,,,,,,,,,E,,,,,,,,,,,,,10/8/2026 15:01,,,,770,47938,218,57:50.4,,,
3327,IDJKT,JKT64,FCIU6088107,Ht12,3a,38,1,2,20,GP,,,,,,,,,E,,,,,,,,,,,,,10/8/2026 14:09,,,,770,47938,218,57:50.4,,,
3328,IDJKT,JKT64,MRTU2010292,Ht28,3a,29,2,4,20,GP,,,,,,,,,F,,,,,,,,,,,,,10/8/2026 15:45,,,,770,47938,218,57:50.4,,,
6168,IDJKT,JKT74,MRLU2375856,Ht26,C,2,11,2,20,GP,,,,,,,,,E,,,,,,,,,,,,,29-08-2026 14:26,,,,770,50249,219,59:25.8,,,
3330,IDJKT,JKT64,MRTU2217567,,3a,29,2,2,20,GP,,,,,,,,,F,,,,,,,,,,,,,10/8/2026 15:40,,,,770,47938,218,57:50.4,,,
3331,IDJKT,JKT64,TXGU4078561,Ht04,3a,32,3,4,40,HC,,,,,,,,,E,,,,,,,,,,,,,10/8/2026 15:19,,,,770,47938,218,57:50.4,,,
3332,IDJKT,JKT64,FCIU7029726,Ht24,3a,32,3,2,40,HC,,,,,,,,,E,,,,,,,,,,,,,10/8/2026 15:17,,,,770,47938,218,57:50.4,,,
3334,IDJKT,JKT64,MRTU9645016,Ht08,3a,32,3,3,40,HC,,,,,,,,,E,,,,,,,,,,,,,10/8/2026 15:18,,,,770,47938,218,57:50.4,,,
4797,IDJKT,JKT64,MRTU2256080,H09,1A,4,2,1,20,GP,,,,,,,,,F,,,,,,,,,,,,,26-08-2026 16:57,,,,770,49926,218,15:09.5,,,
3336,IDJKT,JKT64,MRTU2221443,Ht13,3a,29,2,1,20,GP,,,,,,,,,F,,,,,,,,,,,,,10/8/2026 15:39,,,,770,47938,218,57:50.4,,,
3337,IDJKT,JKT64,MRTU9613087,Ht03,3a,32,3,1,40,HC,,,,,,,,,E,,,,,,,,,,,,,10/8/2026 15:01,,,,770,47938,218,57:50.4,,,
3338,IDJKT,JKT64,FCIU7027739,3a,3a,30,4,2,40,HC,,,,,,,,,E,,,,,,,,,,,,,10/8/2026 15:38,,,,770,47938,218,57:50.4,,,
3339,IDJKT,JKT64,MRTU2140043,Ht13,1b,11,6,4,20,GP,,,,,,,,,E,,,,,,,,,,,,,10/8/2026 14:59,,,,770,47941,Cy218,57:50.6,,,
3340,IDJKT,JKT64,TRLU8618060,Ht06,1b,6,2,5,40,RF,,,,,,,,,E,,,,,,,,,,,,,10/8/2026 9:52,,,,770,47941,Cy218,57:50.6,,,
3341,IDJKT,JKT64,MRTU9607973,Ht11,1b,4,1,2,40,HC,,,,,,,,,E,,,,,,,,,,,,,10/8/2026 11:10,,,,770,47941,Cy218,57:50.6,,,
3342,IDJKT,JKT64,MRTU2106500,Ht13,1b,11,6,3,20,GP,,,,,,,,,E,,,,,,,,,,,,,10/8/2026 14:59,,,,770,47941,Cy218,57:50.6,,,
3343,IDJKT,JKT64,MRTU2182413,Ht04,1b,17,6,3,20,GP,,,,,,,,,F,,,,,,,,,,,,,10/8/2026 15:52,,,,770,47941,Cy218,57:50.6,,,
3345,IDJKT,JKT64,MRTU9611757,Ht03,1b,6,6,1,40,HC,,,,,,,,,E,,,,,,,,,,,,,10/8/2026 10:48,,,,770,47941,Cy218,57:50.6,,,
3346,IDJKT,JKT64,FCIU6090845,Ht14,1b,11,6,1,20,GP,,,,,,,,,E,,,,,,,,,,,,,10/8/2026 14:57,,,,770,47941,Cy218,57:50.6,,,
3347,IDJKT,JKT64,MRTU2107702,Ht11,1b,11,6,5,20,GP,,,,,,,,,E,,,,,,,,,,,,,10/8/2026 15:14,,,,770,47941,Cy218,57:50.6,,,
3348,IDJKT,JKT64,MRTU2242889,Ht14,1b,11,6,2,20,GP,,,,,,,,,E,,,,,,,,,,,,,10/8/2026 14:58,,,,770,47941,Cy218,57:50.6,,,
3349,IDJKT,JKT64,MRTU2270725,Ht09,1b,17,6,2,20,GP,,,,,,,,,F,,,,,,,,,,,,,10/8/2026 15:33,,,,770,47941,Cy218,57:50.6,,,
3350,IDJKT,JKT64,MRTU9626736,Ht30,1b,6,6,4,40,HC,,,,,,,,,E,,,,,,,,,,,,,10/8/2026 10:49,,,,770,47941,Cy218,57:50.6,,,
3352,IDJKT,JKT64,CGMU5606626,Ht16,1b,2,3,1,40,RF,,,,,,,,,F,,,,,,,,,,,,,10/8/2026 11:29,,,,770,47941,Cy218,57:50.6,,,
3353,IDJKT,JKT64,THRU5074535,Ht07,1b,4,3,3,40,RF,,,,,,,,,E,,,,,,,,,,,,,10/8/2026 9:55,,,,770,47941,Cy218,57:50.6,,,
3354,IDJKT,JKT64,THRU1239853,Ht06,1b,4,3,2,40,RF,,,,,,,,,E,,,,,,,,,,,,,10/8/2026 9:53,,,,770,47941,Cy218,57:50.6,,,
3355,IDJKT,JKT64,RPTU4425107,Ht02,1b,6,1,3,40,RF,,,,,,,,,E,,,,,,,,,,,,,10/8/2026 9:49,,,,770,47941,Cy218,57:50.6,,,
3356,IDJKT,JKT64,RPTU4400222,Ht07,1b,4,4,2,40,RF,,,,,,,,,E,,,,,,,,,,,,,10/8/2026 9:56,,,,770,47941,Cy218,57:50.6,,,
3357,IDJKT,JKT64,CGMU5647923,Ht24,1b,2,2,1,40,RF,,,,,,,,,F,,,,,,,,,,,,,10/8/2026 14:04,,,,770,47941,Cy218,57:50.6,,,
3358,IDJKT,JKT64,HPCU2230733,Ht09,1b,17,6,1,20,GP,,,,,,,,,F,,,,,,,,,,,,,10/8/2026 15:33,,,,770,47941,Cy218,57:50.6,,,
3359,IDJKT,JKT64,MRTU2207229,Ht04,1b,17,6,4,20,GP,,,,,,,,,F,,,,,,,,,,,,,10/8/2026 15:52,,,,770,47941,Cy218,57:50.6,,,
3360,IDJKT,JKT64,RPTU4400095,Ht03,1b,4,4,4,40,RF,,,,,,,,,E,,,,,,,,,,,,,10/8/2026 9:58,,,,770,47941,Cy218,57:50.6,,,
3361,IDJKT,JKT64,CGMU5532689,Ht04,1b,2,2,2,40,RF,,,,,,,,,F,,,,,,,,,,,,,10/8/2026 14:05,,,,770,47941,Cy218,57:50.6,,,
3363,IDJKT,JKT64,MRTU9642341,Ht02,1b,6,6,3,40,HC,,,,,,,,,E,,,,,,,,,,,,,10/8/2026 10:49,,,,770,47941,Cy218,57:50.6,,,
3364,IDJKT,JKT64,KKCU4407711,Ht02,1b,4,4,5,40,RF,,,,,,,,,E,,,,,,,,,,,,,10/8/2026 9:59,,,,770,47941,Cy218,57:50.6,,,
3365,IDJKT,JKT64,MRTU9657212,Ht01,1b,6,6,2,40,HC,,,,,,,,,E,,,,,,,,,,,,,10/8/2026 10:48,,,,770,47941,Cy218,57:50.6,,,
3366,IDJKT,JKT64,MRTU2206840,Ht11,1b,11,6,6,20,GP,,,,,,,,,E,,,,,,,,,,,,,10/8/2026 15:16,,,,770,47941,Cy218,57:50.6,,,
3367,IDJKT,JKT64,MRTU8400174,Ht05,1b,6,1,5,40,RF,,,,,,,,,E,,,,,,,,,,,,,10/8/2026 9:51,,,,770,47941,Cy218,57:50.6,,,
3368,IDJKT,JKT64,HPCU2217496,Ht20,3a,24,3,2,20,GP,,,,,,,,,F,,,,,,,,,,,,,10/8/2026 8:52,,,,770,47914,218,57:50.7,,,
3369,IDJKT,JKT64,MRTU2024383,Ht17,3a,29,6,1,20,GP,,,,,,,,,F,,,,,,,,,,,,,10/8/2026 9:08,,,,770,47914,218,57:50.7,,,
3370,IDJKT,JKT64,TXGU8490411,Ht30,3a,18,1,1,40,HC,,,,,,,,,E,,,,,,,,,,,,,10/8/2026 14:23,,,,770,47914,218,57:50.7,,,
3371,IDJKT,JKT64,HJMU1590223,Ht03,3a,6,3,3,40,HC,,,,,,,,,E,,,,,,,,,,,,,10/8/2026 13:32,,,,770,47914,218,57:50.7,,,
3373,IDJKT,JKT64,MRTU9630079,Ht01,3a,18,1,2,40,HC,,,,,,,,,E,,,,,,,,,,,,,10/8/2026 14:25,,,,770,47914,218,57:50.7,,,
3374,IDJKT,JKT64,MRTU2263602,Ht17,3a,24,5,4,20,GP,,,,,,,,,F,,,,,,,,,,,,,10/8/2026 8:51,,,,770,47914,218,57:50.7,,,
3376,IDJKT,JKT64,SEGU4838053,Ht26,3a,18,1,4,40,HC,,,,,,,,,E,,,,,,,,,,,,,10/8/2026 14:27,,,,770,47914,218,57:50.7,,,
3377,IDJKT,JKT64,FCIU7016117,Ht24,3a,20,5,5,40,HC,,,,,,,,,E,,,,,,,,,,,,,10/8/2026 15:50,,,,770,47914,218,57:50.7,,,
3378,IDJKT,JKT64,MRTU2280739,Ht06,3a,15,1,1,20,GP,,,,,,,,,F,,,,,,,,,,,,,10/8/2026 15:47,,,,770,47914,218,57:50.7,,,
3379,IDJKT,JKT64,SEGU4513090,13,3a,18,6,3,40,HC,,,,,,,,,E,,,,,,,,,,,,,10/8/2026 12:14,,,,770,47914,218,57:50.7,,,
3380,IDJKT,JKT64,MRTU9608136,Ht02,3a,20,4,5,40,HC,,,,,,,,,E,,,,,,,,,,,,,10/8/2026 15:49,,,,770,47914,218,57:50.7,,,
3381,IDJKT,JKT64,MRTU2231713,Ht14,3a,29,6,3,20,GP,,,,,,,,,F,,,,,,,,,,,,,10/8/2026 9:46,,,,770,47914,218,57:50.7,,,
3382,IDJKT,JKT64,MRTU2305117,Ht20,3a,24,3,3,20,GP,,,,,,,,,F,,,,,,,,,,,,,10/8/2026 8:53,,,,770,47914,218,57:50.7,,,
3383,IDJKT,JKT64,MRTU9613770,Ht04,3a,18,6,1,40,HC,,,,,,,,,E,,,,,,,,,,,,,10/8/2026 12:11,,,,770,47914,218,57:50.7,,,
3384,IDJKT,JKT64,MRTU9633036,Ht27,3a,18,1,3,40,HC,,,,,,,,,E,,,,,,,,,,,,,10/8/2026 14:26,,,,770,47914,218,57:50.7,,,
3385,IDJKT,JKT64,HJMU1924974,Ht29,3a,12,5,3,40,HC,,,,,,,,,E,,,,,,,,,,,,,10/8/2026 12:20,,,,770,47914,218,57:50.7,,,
3386,IDJKT,JKT64,MRTU2257370,Ht14,3a,29,6,4,20,GP,,,,,,,,,F,,,,,,,,,,,,,10/8/2026 9:47,,,,770,47914,218,57:50.7,,,
3387,IDJKT,JKT64,MRTU9614782,Ht06,3a,18,6,4,40,HC,,,,,,,,,E,,,,,,,,,,,,,10/8/2026 12:16,,,,770,47914,218,57:50.7,,,
3388,IDJKT,JKT64,MRTU9618411,Ht25,3a,6,3,5,40,HC,,,,,,,,,E,,,,,,,,,,,,,10/8/2026 13:43,,,,770,47914,218,57:50.7,,,
3389,IDJKT,JKT64,MRTU9629294,Ht06,3a,18,3,2,40,HC,,,,,,,,,E,,,,,,,,,,,,,10/8/2026 15:47,,,,770,47914,218,57:50.7,,,
3390,IDJKT,JKT64,MRTU2310772,Ht19,3a,24,3,4,20,GP,,,,,,,,,F,,,,,,,,,,,,,10/8/2026 8:54,,,,770,47914,218,57:50.7,,,
3391,IDJKT,JKT64,SEGU4203730,Ht29,3a,6,3,4,40,HC,,,,,,,,,E,,,,,,,,,,,,,10/8/2026 13:42,,,,770,47914,218,57:50.7,,,
3393,IDJKT,JKT64,FCIU7016117,Ht24,3a,20,5,5,40,HC,,,,,,,,,E,,,,,,,,,,,,,10/8/2026 16:06,,,,770,47914,218,57:50.7,,,
3394,IDJKT,JKT64,MRTU9618875,Ht02,3a,18,3,1,40,HC,,,,,,,,,E,,,,,,,,,,,,,10/8/2026 14:28,,,,770,47914,218,57:50.7,,,
3395,IDJKT,JKT64,MRTU9609852,Ht03,3a,12,5,2,40,HC,,,,,,,,,E,,,,,,,,,,,,,10/8/2026 12:18,,,,770,47914,218,57:50.7,,,
3396,IDJKT,JKT64,CLHU8705067,Ht14,3a,12,5,1,40,HC,,,,,,,,,E,,,,,,,,,,,,,10/8/2026 12:17,,,,770,47914,218,57:50.7,,,
3397,IDJKT,JKT64,MRTU2135284,Ht17,3a,15,4,5,20,GP,,,,,,,,,F,,,,,,,,,,,,,10/8/2026 8:50,,,,770,47914,218,57:50.7,,,
3398,IDJKT,JKT64,MRTU9604589,B9694ug,,,,,40,HC,,,,,,,,,F,,,,,,,,,,,,,10/8/2026 15:51,,,,770,47914,218,57:50.7,,,
3399,IDJKT,JKT64,MRTU2161107,Ht19,3a,24,5,4,20,GP,,,,,,,,,F,,,,,,,,,,,,,10/8/2026 8:55,,,,770,47914,218,57:50.7,,,
3400,IDJKT,JKT64,MRTU9616701,Ht30,3a,6,5,4,40,HC,,,,,,,,,E,,,,,,,,,,,,,10/8/2026 15:34,,,,770,47914,218,57:50.7,,,
3401,IDJKT,JKT64,HPCU2217496,Ht20,3a,24,3,2,20,GP,,,,,,,,,F,,,,,,,,,,,,,10/8/2026 8:52,,,,770,47909,218,57:50.9,,,
3402,IDJKT,JKT64,MRTU2135284,Ht17,3a,15,4,5,20,GP,,,,,,,,,F,,,,,,,,,,,,,10/8/2026 8:50,,,,770,47909,218,57:50.9,,,
3403,IDJKT,JKT64,MRTU2024383,Ht17,3a,29,6,1,20,GP,,,,,,,,,F,,,,,,,,,,,,,10/8/2026 9:08,,,,770,47909,218,57:50.9,,,
3404,IDJKT,JKT64,MRTU2263602,Ht17,3a,24,5,4,20,GP,,,,,,,,,F,,,,,,,,,,,,,10/8/2026 8:51,,,,770,47909,218,57:50.9,,,
3405,IDJKT,JKT64,MRTU2305117,Ht20,3a,24,3,3,20,GP,,,,,,,,,F,,,,,,,,,,,,,10/8/2026 8:53,,,,770,47909,218,57:50.9,,,
4803,IDJKT,JKT64,MRTU2031119,H15,1A,4,2,5,20,GP,,,,,,,,,F,,,,,,,,,,,,,26-08-2026 17:22,,,,770,49926,218,15:09.5,,,
3407,IDJKT,JKT64,MRTU2161107,Ht19,3a,24,5,4,20,GP,,,,,,,,,F,,,,,,,,,,,,,10/8/2026 8:55,,,,770,47909,218,57:50.9,,,
3408,IDJKT,JKT64,MRTU2231713,Ht14,3a,29,6,3,20,GP,,,,,,,,,F,,,,,,,,,,,,,10/8/2026 9:46,,,,770,47909,218,57:50.9,,,
3409,IDJKT,JKT64,MRTU2257370,Ht14,3a,29,6,4,20,GP,,,,,,,,,F,,,,,,,,,,,,,10/8/2026 9:47,,,,770,47909,218,57:50.9,,,
3411,IDJKT,JKT64,MRTU9608136,Ht02,3a,20,4,5,40,HC,,,,,,,,,E,,,,,,,,,,,,,10/8/2026 16:09,,,,770,47909,218,57:50.9,,,
3412,IDJKT,JKT64,MRTU2310772,Ht19,3a,24,3,4,20,GP,,,,,,,,,F,,,,,,,,,,,,,10/8/2026 8:54,,,,770,47909,218,57:50.9,,,
3413,IDJKT,JKT64,MRTU2215986,Ht16,2a,7,,,20,GP,,,,,,,,,F,,,,,,,,,,,,,10/8/2026 16:27,,,,770,47947,218,57:51.0,,,
3415,IDJKT,JKT64,MRTU2295683,Ht11,1a,9,6,1,20,GP,,,,,,,,,E,,,,,,,,,,,,,10/8/2026 16:08,,,,770,47947,218,57:51.0,,,
3416,IDJKT,JKT64,MRTU2086981,Ht15,1a,10,6,4,20,GP,,,,,,,,,E,,,,,,,,,,,,,10/8/2026 16:11,,,,770,47947,218,57:51.0,,,
3418,IDJKT,JKT64,MRTU2203429,Ht23,2a,7,5,4,20,GP,,,,,,,,,F,,,,,,,,,,,,,10/8/2026 16:25,,,,770,47947,218,57:51.0,,,
3420,IDJKT,JKT64,MRTU2084000,Ht10,2a,2,4,3,20,GP,,,,,,,,,E,,,,,,,,,,,,,10/8/2026 16:15,,,,770,47947,218,57:51.0,,,
4808,IDJKT,JKT64,MRTU2191713,H22,,,,,20,GP,,,,,,,,,F,,,,,,,,,,,,,26-08-2026 21:51,,,,770,49926,218,15:09.5,,,
3422,IDJKT,JKT64,MRTU2329588,Ht06,2a,7,4,1,20,GP,,,,,,,,,E,,,,,,,,,,,,,10/8/2026 16:19,,,,770,47947,218,57:51.0,,,
6176,IDJKT,JKT74,MRLU2387327,Ht25,,,,,20,GP,,,,,,,,,E,,,,,,,,,,,,,29-08-2026 14:59,,,,770,50249,219,59:25.8,,,
3424,IDJKT,JKT64,MRTU2211002,Ht10,2a,7,5,1,20,GP,,,,,,,,,F,,,,,,,,,,,,,10/8/2026 16:23,,,,770,47947,218,57:51.0,,,
3425,IDJKT,JKT64,MRTU2131904,Ht26,2a,6,3,4,20,GP,,,,,,,,,E,,,,,,,,,,,,,10/8/2026 16:19,,,,770,47947,218,57:51.0,,,
3426,IDJKT,JKT64,MRTU2233172,Ht16,2a,7,,,20,GP,,,,,,,,,F,,,,,,,,,,,,,10/8/2026 16:26,,,,770,47947,218,57:51.0,,,
3427,IDJKT,JKT64,MRTU2155927,Ht16,1a,10,6,2,20,GP,,,,,,,,,E,,,,,,,,,,,,,10/8/2026 16:09,,,,770,47947,218,57:51.0,,,
3428,IDJKT,JKT64,MRTU2271146,Ht11,1a,9,6,2,20,GP,,,,,,,,,E,,,,,,,,,,,,,10/8/2026 16:08,,,,770,47947,218,57:51.0,,,
3429,IDJKT,JKT64,MRTU2165102,Ht02,2a,2,4,1,20,GP,,,,,,,,,E,,,,,,,,,,,,,10/8/2026 16:14,,,,770,47947,218,57:51.0,,,
3430,IDJKT,JKT64,MRTU2255607,Ht16,1a,10,6,1,20,GP,,,,,,,,,E,,,,,,,,,,,,,10/8/2026 16:09,,,,770,47947,218,57:51.0,,,
3431,IDJKT,JKT64,MRTU2219322,Ht15,1a,10,6,3,20,GP,,,,,,,,,E,,,,,,,,,,,,,10/8/2026 16:10,,,,770,47947,218,57:51.0,,,
3432,IDJKT,JKT64,MRTU2139994,Ht11,2a,7,6,4,20,GP,,,,,,,,,F,,,,,,,,,,,,,10/8/2026 16:22,,,,770,47947,218,57:51.0,,,
3433,IDJKT,JKT64,MRTU2175414,Ht09,1a,10,4,4,20,GP,,,,,,,,,E,,,,,,,,,,,,,10/8/2026 16:13,,,,770,47947,218,57:51.0,,,
3435,IDJKT,JKT64,MRTU2022821,Ht26,2a,6,4,4,20,GP,,,,,,,,,E,,,,,,,,,,,,,10/8/2026 16:18,,,,770,47947,218,57:51.0,,,
3436,IDJKT,JKT64,MRTU2169155,Ht11,2a,7,6,3,20,GP,,,,,,,,,F,,,,,,,,,,,,,10/8/2026 16:21,,,,770,47947,218,57:51.0,,,
3437,IDJKT,JKT64,MRTU2269149,Ht10,1b,8,6,1,20,GP,,,,,,,,,F,,,,,,,,,,,,,10/8/2026 17:45,,,,770,47951,Cy218,07:58.4,,,
3438,IDJKT,JKT64,MRTU2199458,Ht28,1b,15,5,2,20,GP,,,,,,,,,F,,,,,,,,,,,,,10/8/2026 17:24,,,,770,47951,Cy218,07:58.4,,,
3439,IDJKT,JKT64,TRHU2986175,Ht13,1b,12,6,2,20,GP,,,,,,,,,F,,,,,,,,,,,,,10/8/2026 17:21,,,,770,47951,Cy218,07:58.4,,,
3440,IDJKT,JKT64,MRTU2173710,Ht08,1b,12,5,2,20,GP,,,,,,,,,F,,,,,,,,,,,,,10/8/2026 16:58,,,,770,47951,Cy218,07:58.4,,,
3441,IDJKT,JKT64,MRTU2142703,Ht03,1b,17,5,2,20,GP,,,,,,,,,E,,,,,,,,,,,,,10/8/2026 16:52,,,,770,47951,Cy218,07:58.4,,,
3442,IDJKT,JKT64,SEKU1593590,Ht19,1b,12,6,3,20,GP,,,,,,,,,F,,,,,,,,,,,,,10/8/2026 16:56,,,,770,47951,Cy218,07:58.4,,,
3443,IDJKT,JKT64,MRTU2258801,Ht19,1b,12,6,4,20,GP,,,,,,,,,F,,,,,,,,,,,,,10/8/2026 16:57,,,,770,47951,Cy218,07:58.4,,,
3444,IDJKT,JKT64,SEKU1596773,Ht16,1b,12,6,1,20,GP,,,,,,,,,F,,,,,,,,,,,,,10/8/2026 16:55,,,,770,47951,Cy218,07:58.4,,,
3445,IDJKT,JKT64,MRTU2215008,Ht17,1b,15,5,1,20,GP,,,,,,,,,F,,,,,,,,,,,,,10/8/2026 16:53,,,,770,47951,Cy218,07:58.4,,,
3446,IDJKT,JKT64,MRTU2235724,Ht10,1b,8,6,2,20,GP,,,,,,,,,F,,,,,,,,,,,,,10/8/2026 17:45,,,,770,47951,Cy218,07:58.4,,,
3447,IDJKT,JKT64,MRTU2009413,Ht26,1b,12,5,4,20,GP,,,,,,,,,F,,,,,,,,,,,,,10/8/2026 17:20,,,,770,47951,Cy218,07:58.4,,,
3448,IDJKT,JKT64,MRTU2224720,Ht09,1b,10,2,1,20,GP,,,,,,,,,F,,,,,,,,,,,,,10/8/2026 19:36,,,,770,47951,Cy218,07:58.4,,,
3449,IDJKT,JKT64,MRTU2213941,Ht13,1b,15,6,1,20,GP,,,,,,,,,F,,,,,,,,,,,,,10/8/2026 17:20,,,,770,47951,Cy218,07:58.4,,,
3450,IDJKT,JKT64,HPCU2216720,Ht21,1b,15,6,4,20,GP,,,,,,,,,F,,,,,,,,,,,,,10/8/2026 17:22,,,,770,47951,Cy218,07:58.4,,,
3451,IDJKT,JKT64,MRTU2195597,Ht21,1b,15,6,3,20,GP,,,,,,,,,F,,,,,,,,,,,,,10/8/2026 17:21,,,,770,47951,Cy218,07:58.4,,,
3452,IDJKT,JKT64,MRTU2215461,Ht17,1b,15,5,2,20,GP,,,,,,,,,F,,,,,,,,,,,,,10/8/2026 16:54,,,,770,47951,Cy218,07:58.4,,,
3453,IDJKT,JKT64,CEOU2139521,Ht13,1b,8,6,3,20,GP,,,,,,,,,F,,,,,,,,,,,,,10/8/2026 17:46,,,,770,47951,Cy218,07:58.4,,,
3454,IDJKT,JKT64,SEKU1693794,Ht61,1b,12,6,2,20,GP,,,,,,,,,F,,,,,,,,,,,,,10/8/2026 16:55,,,,770,47951,Cy218,07:58.4,,,
3455,IDJKT,JKT64,MRTU2238153,Ht03,1b,17,5,1,20,GP,,,,,,,,,F,,,,,,,,,,,,,10/8/2026 16:52,,,,770,47951,Cy218,07:58.4,,,
3456,IDJKT,JKT64,MRTU2215841,Ht09,1b,10,2,2,20,GP,,,,,,,,,F,,,,,,,,,,,,,10/8/2026 19:37,,,,770,47951,Cy218,07:58.4,,,
3457,IDJKT,JKT64,MRLU2362191,Ht08,1b,12,5,1,20,GP,,,,,,,,,F,,,,,,,,,,,,,10/8/2026 16:57,,,,770,47951,Cy218,07:58.4,,,
3458,IDJKT,JKT64,MRTU2252254,Ht26,1b,12,5,3,20,GP,,,,,,,,,F,,,,,,,,,,,,,10/8/2026 17:19,,,,770,47951,Cy218,07:58.4,,,
3459,IDJKT,JKT64,MRTU2271486,Ht28,1b,15,5,1,20,GP,,,,,,,,,F,,,,,,,,,,,,,10/8/2026 17:23,,,,770,47951,Cy218,07:58.4,,,
3460,IDJKT,JKT64,SEGU3956107,Ht13,1b,8,6,4,20,GP,,,,,,,,,F,,,,,,,,,,,,,10/8/2026 17:47,,,,770,47951,Cy218,07:58.4,,,
3461,IDJKT,JKT74,SEGU4029444,,,,,,40,HC,,,,,,,,,E,,,,,,,,,,,,,10/8/2026 17:01,,,,770,47945,Cy219,07:59.0,,,
3462,IDJKT,JKT74,MRTU9607572,,,,,,40,HC,,,,,,,,,E,,,,,,,,,,,,,10/8/2026 16:36,,,,770,47945,Cy219,07:59.0,,,
3463,IDJKT,JKT74,CAJU5096660,,,,,,40,HC,,,,,,,,,E,,,,,,,,,,,,,10/8/2026 16:59,,,,770,47945,Cy219,07:59.0,,,
3464,IDJKT,JKT74,SEGU4911072,,,,,,40,HC,,,,,,,,,E,,,,,,,,,,,,,10/8/2026 16:47,,,,770,47945,Cy219,07:59.0,,,
3465,IDJKT,JKT74,MRTU9603026,,,,,,40,HC,,,,,,,,,E,,,,,,,,,,,,,10/8/2026 16:44,,,,770,47945,Cy219,07:59.0,,,
3466,IDJKT,JKT74,MRTU9613343,,,,,,40,HC,,,,,,,,,E,,,,,,,,,,,,,10/8/2026 16:28,,,,770,47945,Cy219,07:59.0,,,
3467,IDJKT,JKT74,MRTU9607649,,,,,,40,HC,,,,,,,,,E,,,,,,,,,,,,,10/8/2026 16:45,,,,770,47945,Cy219,07:59.0,,,
3468,IDJKT,JKT74,MRTU9633139,,,,,,40,HC,,,,,,,,,E,,,,,,,,,,,,,10/8/2026 16:27,,,,770,47945,Cy219,07:59.0,,,
3469,IDJKT,JKT74,MRTU9654430,,,,,,40,HC,,,,,,,,,E,,,,,,,,,,,,,10/8/2026 16:37,,,,770,47945,Cy219,07:59.0,,,
3470,IDJKT,JKT74,SEGU6553933,,,,,,40,HC,,,,,,,,,E,,,,,,,,,,,,,10/8/2026 16:27,,,,770,47945,Cy219,07:59.0,,,
3471,IDJKT,JKT74,MRTU9646590,,,,,,40,HC,,,,,,,,,E,,,,,,,,,,,,,10/8/2026 16:27,,,,770,47945,Cy219,07:59.0,,,
3472,IDJKT,JKT74,SEGU5255111,,,,,,40,HC,,,,,,,,,E,,,,,,,,,,,,,10/8/2026 16:56,,,,770,47945,Cy219,07:59.0,,,
3473,IDJKT,JKT74,MRTU9617708,,,,,,40,HC,,,,,,,,,E,,,,,,,,,,,,,10/8/2026 16:49,,,,770,47945,Cy219,07:59.0,,,
3474,IDJKT,JKT74,MRTU9618900,,,,,,40,HC,,,,,,,,,E,,,,,,,,,,,,,10/8/2026 23:27,,,,770,47975,Cy219,58:12.4,,,
3475,IDJKT,JKT74,MRTU9615834,,,,,,40,HC,,,,,,,,,E,,,,,,,,,,,,,10/8/2026 20:04,,,,770,47975,Cy219,58:12.4,,,
3476,IDJKT,JKT74,MRLU5210166,,,,,,40,HC,,,,,,,,,E,,,,,,,,,,,,,10/8/2026 23:29,,,,770,47975,Cy219,58:12.4,,,
3477,IDJKT,JKT74,TIIU6803529,,,,,,40,HC,,,,,,,,,E,,,,,,,,,,,,,10/8/2026 23:31,,,,770,47975,Cy219,58:12.4,,,
3478,IDJKT,JKT74,MRTU9644447,,,,,,40,HC,,,,,,,,,E,,,,,,,,,,,,,10/8/2026 20:58,,,,770,47975,Cy219,58:12.4,,,
3479,IDJKT,JKT74,MRTU9612326,,,,,,40,HC,,,,,,,,,E,,,,,,,,,,,,,10/8/2026 20:05,,,,770,47975,Cy219,58:12.4,,,
3480,IDJKT,JKT74,SEGU4161701,,,,,,40,HC,,,,,,,,,E,,,,,,,,,,,,,10/8/2026 23:28,,,,770,47975,Cy219,58:12.4,,,
3481,IDJKT,JKT74,MRTU9634881,,,,,,40,HC,,,,,,,,,E,,,,,,,,,,,,,10/8/2026 21:05,,,,770,47975,Cy219,58:12.4,,,
3482,IDJKT,JKT74,GESU6804818,,,,,,40,HC,,,,,,,,,E,,,,,,,,,,,,,10/8/2026 20:05,,,,770,47975,Cy219,58:12.4,,,
3483,IDJKT,JKT64,MRTU2195431,6,3a,,,,20,GP,,,,,,,,,F,,,,,,,,,,,,,10/8/2026 16:58,,,,770,47949,218,58:12.6,,,
3484,IDJKT,JKT64,MRTU2225599,6,3a,,,,20,GP,,,,,,,,,F,,,,,,,,,,,,,10/8/2026 20:00,,,,770,47949,218,58:12.6,,,
3485,IDJKT,JKT64,MRTU2248589,8,3a,,,,20,GP,,,,,,,,,F,,,,,,,,,,,,,10/8/2026 17:04,,,,770,47949,218,58:12.6,,,
3486,IDJKT,JKT64,MRTU2178250,8,3a,,,,20,GP,,,,,,,,,E,,,,,,,,,,,,,10/8/2026 16:57,,,,770,47949,218,58:12.6,,,
3487,IDJKT,JKT64,MRTU2214402,3,3a,,,,20,GP,,,,,,,,,F,,,,,,,,,,,,,10/8/2026 19:09,,,,770,47949,218,58:12.6,,,
3488,IDJKT,JKT64,MRTU2244599,7,3a,,,,20,GP,,,,,,,,,F,,,,,,,,,,,,,10/8/2026 20:16,,,,770,47949,218,58:12.6,,,
3490,IDJKT,JKT64,MRTU2308306,7,3a,,,,20,GP,,,,,,,,,F,,,,,,,,,,,,,10/8/2026 16:56,,,,770,47949,218,58:12.6,,,
3491,IDJKT,JKT64,MRTU2064616,Ht15,3a,25,6,3,20,GP,,,,,,,,,E,,,,,,,,,,,,,10/8/2026 22:12,,,,770,47949,218,58:12.6,,,
3492,IDJKT,JKT64,CEOU2264502,6,3a,,,,20,GP,,,,,,,,,F,,,,,,,,,,,,,10/8/2026 19:08,,,,770,47949,218,58:12.6,,,
3493,IDJKT,JKT64,SPNU3168235,,,,,,20,GP,,,,,,,,,E,,,,,,,,,,,,,10/8/2026 22:23,,,,770,47949,218,58:12.6,,,
3494,IDJKT,JKT64,MRTU2319424,6,3a,,,,,GP,,,,,,,,,E,,,,,,,,,,,,,10/8/2026 20:28,,,,770,47949,218,58:12.6,,,
3495,IDJKT,JKT64,MRTU2266406,8,3a,,,,20,GP,,,,,,,,,F,,,,,,,,,,,,,10/8/2026 19:38,,,,770,47949,218,58:12.6,,,
3496,IDJKT,JKT64,DFSU3193674,5,3a,,,,20,GP,,,,,,,,,F,,,,,,,,,,,,,10/8/2026 17:39,,,,770,47949,218,58:12.6,,,
3499,IDJKT,JKT64,MRTU2239627,,Mir,3a,,,20,GP,,,,,,,,,F,,,,,,,,,,,,,10/8/2026 17:06,,,,770,47949,218,58:12.6,,,
3500,IDJKT,JKT64,MRTU2348227,8,3a,,,,20,GP,,,,,,,,,F,,,,,,,,,,,,,10/8/2026 16:54,,,,770,47949,218,58:12.6,,,
3501,IDJKT,JKT64,MRTU2250760,Ht13,3a,15,6,2,20,GP,,,,,,,,,E,,,,,,,,,,,,,10/8/2026 22:31,,,,770,47949,218,58:12.6,,,
3502,IDJKT,JKT64,MRTU2232068,8,3a,,,,20,GP,,,,,,,,,F,,,,,,,,,,,,,10/8/2026 17:43,,,,770,47949,218,58:12.6,,,
3503,IDJKT,JKT64,MRTU2286070,7,3a,,,,20,GP,,,,,,,,,F,,,,,,,,,,,,,10/8/2026 17:38,,,,770,47949,218,58:12.6,,,
3504,IDJKT,JKT64,MRTU2202227,6,3a,,,,20,GP,,,,,,,,,F,,,,,,,,,,,,,10/8/2026 20:24,,,,770,47949,218,58:12.6,,,
3505,IDJKT,JKT64,MAXU1351277,6,3a,,,,20,GP,,,,,,,,,F,,,,,,,,,,,,,10/8/2026 17:44,,,,770,47949,218,58:12.6,,,
3506,IDJKT,JKT64,MRTU2160184,7,3a,,,,20,GP,,,,,,,,,E,,,,,,,,,,,,,10/8/2026 17:18,,,,770,47949,218,58:12.6,,,
3508,IDJKT,JKT64,FCIU6089058,Ht25,3a,25,3,3,20,GP,,,,,,,,,E,,,,,,,,,,,,,10/8/2026 22:16,,,,770,47949,218,58:12.6,,,
3509,IDJKT,JKT64,MRTU2115159,Ht06,3a,8,2,1,20,GP,,,,,,,,,F,,,,,,,,,,,,,10/8/2026 22:58,,,,770,47949,218,58:12.6,,,
3510,IDJKT,JKT64,MRTU2209432,Ht04,3a,8,2,4,20,GP,,,,,,,,,F,,,,,,,,,,,,,10/8/2026 23:02,,,,770,47949,218,58:12.6,,,
3511,IDJKT,JKT64,SEKU1690075,Ht15,3a,25,3,1,20,GP,,,,,,,,,E,,,,,,,,,,,,,10/8/2026 22:13,,,,770,47949,218,58:12.6,,,
6179,IDJKT,JKT56,MSKU5924682,,1b,22,4,4,20,GP,,,,,,,,,F,,,,,,,,,,,,,29-08-2026 08:30,,,,770,50255,213,59:26.1,,,
4814,IDJKT,JKT56,WHSU2768015,,1a,6,2,2,20,GP,,,,,,,,,F,,,,,,,,,,,,,27-08-2026 05:07,,,,770,49944,213,15:09.7,,,
3514,IDJKT,JKT64,MRTU2318958,3,3a,,,,20,GP,,,,,,,,,F,,,,,,,,,,,,,10/8/2026 19:32,,,,770,47949,218,58:12.6,,,
3515,IDJKT,JKT64,MRTU2213915,3,3a,,,,20,GP,,,,,,,,,F,,,,,,,,,,,,,10/8/2026 19:31,,,,770,47949,218,58:12.6,,,
4815,IDJKT,JKT56,MRTU2239015,,1a,6,2,5,20,GP,,,,,,,,,F,,,,,,,,,,,,,27-08-2026 05:12,,,,770,49944,213,15:09.7,,,
3517,IDJKT,JKT64,MRTU2052467,7,3a,,,,20,GP,,,,,,,,,E,,,,,,,,,,,,,10/8/2026 20:24,,,,770,47949,218,58:12.6,,,
3518,IDJKT,JKT64,MRTU2247474,,,,,,20,GP,,,,,,,,,E,,,,,,,,,,,,,10/8/2026 21:51,,,,770,47949,218,58:12.6,,,
3519,IDJKT,JKT64,MRLU2353564,7,3a,,,,20,GP,,,,,,,,,F,,,,,,,,,,,,,10/8/2026 16:59,,,,770,47949,218,58:12.6,,,
3520,IDJKT,JKT64,MRTU2137939,,Mir,3a,,,20,GP,,,,,,,,,E,,,,,,,,,,,,,10/8/2026 19:38,,,,770,47949,218,58:12.6,,,
3522,IDJKT,JKT64,MRTU2305755,6,3a,,,,20,GP,,,,,,,,,E,,,,,,,,,,,,,10/8/2026 20:28,,,,770,47949,218,58:12.6,,,
3523,IDJKT,JKT64,MRTU2114975,7,3a,,,,20,GP,,,,,,,,,E,,,,,,,,,,,,,10/8/2026 20:17,,,,770,47949,218,58:12.6,,,
3524,IDJKT,JKT64,HPCU2206974,5,3a,,,,20,GP,,,,,,,,,F,,,,,,,,,,,,,10/8/2026 17:38,,,,770,47949,218,58:12.6,,,
3525,IDJKT,JKT64,MRTU2220128,6,3a,,,,20,GP,,,,,,,,,F,,,,,,,,,,,,,10/8/2026 17:17,,,,770,47949,218,58:12.6,,,
4816,IDJKT,JKT56,MRTU2201365,,1a,6,5,1,20,GP,,,,,,,,,F,,,,,,,,,,,,,27-08-2026 05:13,,,,770,49944,213,15:09.7,,,
3527,IDJKT,JKT64,MRTU2262139,7,3a,,,,20,GP,,,,,,,,,F,,,,,,,,,,,,,10/8/2026 16:52,,,,770,47949,218,58:12.6,,,
3528,IDJKT,JKT64,MRTU2191098,Ht28,3a,17,2,2,20,GP,,,,,,,,,F,,,,,,,,,,,,,10/8/2026 22:34,,,,770,47949,218,58:12.6,,,
3529,IDJKT,JKT64,FCIU6079070,8,3a,,,,20,GP,,,,,,,,,F,,,,,,,,,,,,,10/8/2026 21:36,,,,770,47949,218,58:12.6,,,
3530,IDJKT,JKT64,MRTU2295195,7,3a,,,,20,GP,,,,,,,,,F,,,,,,,,,,,,,10/8/2026 17:16,,,,770,47949,218,58:12.6,,,
3531,IDJKT,JKT64,MRTU2221783,8,3a,,,,20,GP,,,,,,,,,F,,,,,,,,,,,,,10/8/2026 16:56,,,,770,47949,218,58:12.6,,,
3532,IDJKT,JKT64,MRTU2125603,6,3a,,,,20,GP,,,,,,,,,E,,,,,,,,,,,,,10/8/2026 20:01,,,,770,47949,218,58:12.6,,,
3533,IDJKT,JKT64,MRTU2000653,5,3a,,,,20,GP,,,,,,,,,E,,,,,,,,,,,,,10/8/2026 21:50,,,,770,47949,218,58:12.6,,,
3534,IDJKT,JKT64,MRTU2238071,8,3a,,,,20,GP,,,,,,,,,F,,,,,,,,,,,,,10/8/2026 16:58,,,,770,47949,218,58:12.6,,,
3535,IDJKT,JKT64,FCIU6077400,7,3a,,,,20,GP,,,,,,,,,F,,,,,,,,,,,,,10/8/2026 16:51,,,,770,47949,218,58:12.6,,,
3536,IDJKT,JKT64,MRTU2216787,7,3a,,,,20,GP,,,,,,,,,F,,,,,,,,,,,,,10/8/2026 21:37,,,,770,47949,218,58:12.6,,,
6180,IDJKT,JKT56,HLBU3241840,,1b,16,4,2,40,HC,,,,,,,,,F,,,,,,,,,,,,,29-08-2026 13:14,,,,770,50255,213,59:26.1,,,
6181,IDJKT,JKT56,MRTU2184062,,1b,20,3,2,20,GP,,,,,,,,,F,,,,,,,,,,,,,29-08-2026 08:40,,,,770,50255,213,59:26.1,,,
3538,IDJKT,JKT64,MRTU2223195,9,3a,,,,20,GP,,,,,,,,,F,,,,,,,,,,,,,10/8/2026 17:06,,,,770,47949,218,58:12.6,,,
4817,IDJKT,JKT56,MRTU2010604,,1a,14,1,1,20,GP,,,,,,,,,F,,,,,,,,,,,,,27-08-2026 05:26,,,,770,49944,213,15:09.7,,,
3540,IDJKT,JKT64,MRTU2340294,7,3a,,,,20,GP,,,,,,,,,E,,,,,,,,,,,,,10/8/2026 17:18,,,,770,47949,218,58:12.6,,,
3541,IDJKT,JKT64,TCLU2849138,Ht04,3a,8,2,3,20,GP,,,,,,,,,F,,,,,,,,,,,,,10/8/2026 22:59,,,,770,47949,218,58:12.6,,,
3542,IDJKT,JKT64,MRTU2156646,H02,1B,9,4,1,20,GP,,,,,,,,,F,,,,,,,,,,,,,10/8/2026 21:34,,,,770,47956,218,58:12.9,,,
3543,IDJKT,JKT64,MRTU2207506,H15,1B,10,3,1,20,GP,,,,,,,,,F,,,,,,,,,,,,,10/8/2026 20:40,,,,770,47956,218,58:12.9,,,
3544,IDJKT,JKT64,TCNU3771434,H28,1B,4,2,3,40,HC,,,,,,,,,E,,,,,,,,,,,,,10/8/2026 20:42,,,,770,47956,218,58:12.9,,,
3545,IDJKT,JKT64,HPCU2226939,H11,1B,19,2,4,20,GP,,,,,,,,,E,,,,,,,,,,,,,10/8/2026 20:29,,,,770,47956,218,58:12.9,,,
3546,IDJKT,JKT64,MRTU2261024,H03,1B,9,4,2,20,GP,,,,,,,,,F,,,,,,,,,,,,,10/8/2026 21:35,,,,770,47956,218,58:12.9,,,
3547,IDJKT,JKT64,MRTU2023561,H07,,,,,20,GP,,,,,,,,,E,,,,,,,,,,,,,10/8/2026 23:44,,,,770,47956,218,58:12.9,,,
3548,IDJKT,JKT64,MRTU2212204,H18,1B,18,1,2,20,GP,,,,,,,,,E,,,,,,,,,,,,,10/8/2026 20:36,,,,770,47956,218,58:12.9,,,
3549,IDJKT,JKT64,MRTU2208966,H17,1B,19,2,2,20,GP,,,,,,,,,E,,,,,,,,,,,,,10/8/2026 20:27,,,,770,47956,218,58:12.9,,,
3550,IDJKT,JKT64,MRTU2215184,H07,,,,,20,GP,,,,,,,,,E,,,,,,,,,,,,,10/8/2026 23:45,,,,770,47956,218,58:12.9,,,
3551,IDJKT,JKT64,MRTU2012926,H25,,,,,20,GP,,,,,,,,,F,,,,,,,,,,,,,10/8/2026 22:50,,,,770,47956,218,58:12.9,,,
3552,IDJKT,JKT64,FCIU6089839,H08,1B,8,3,2,20,GP,,,,,,,,,E,,,,,,,,,,,,,10/8/2026 21:30,,,,770,47956,218,58:12.9,,,
3553,IDJKT,JKT64,MRTU2287498,H25,1B,19,5,1,20,GP,,,,,,,,,F,,,,,,,,,,,,,10/8/2026 22:49,,,,770,47956,218,58:12.9,,,
3554,IDJKT,JKT64,MRTU2299971,H17,1B,192,2,1,20,GP,,,,,,,,,E,,,,,,,,,,,,,10/8/2026 20:27,,,,770,47956,218,58:12.9,,,
3555,IDJKT,JKT64,MRTU2226933,H14,1B,15,2,3,20,GP,,,,,,,,,F,,,,,,,,,,,,,10/8/2026 20:38,,,,770,47956,218,58:12.9,,,
3557,IDJKT,JKT64,MRTU2260985,H01,1B,19,5,3,20,HC,,,,,,,,,F,,,,,,,,,,,,,10/8/2026 23:12,,,,770,47956,218,58:12.9,,,
3558,IDJKT,JKT64,TIIU6804084,H08,1B,4,3,4,20,GP,,,,,,,,,E,,,,,,,,,,,,,10/8/2026 20:43,,,,770,47956,218,58:12.9,,,
3559,IDJKT,JKT64,MRTU2231734,H11,,,,,20,GP,,,,,,,,,E,,,,,,,,,,,,,10/8/2026 22:13,,,,770,47956,218,58:12.9,,,
3560,IDJKT,JKT64,MRTU2246170,H15,1B,10,3,2,20,GP,,,,,,,,,E,,,,,,,,,,,,,10/8/2026 20:40,,,,770,47956,218,58:12.9,,,
3561,IDJKT,JKT64,MRTU2230743,H14,,,,,20,GP,,,,,,,,,E,,,,,,,,,,,,,10/8/2026 23:46,,,,770,47956,218,58:12.9,,,
3562,IDJKT,JKT64,FCIU6078500,H14,1B,15,2,4,20,GP,,,,,,,,,E,,,,,,,,,,,,,10/8/2026 20:39,,,,770,47956,218,58:12.9,,,
3563,IDJKT,JKT64,MRTU2042221,14,,,,,20,GP,,,,,,,,,E,,,,,,,,,,,,,10/8/2026 23:45,,,,770,47956,218,58:12.9,,,
3564,IDJKT,JKT64,RXTU2055186,H18,1B,18,1,1,20,GP,,,,,,,,,E,,,,,,,,,,,,,10/8/2026 20:35,,,,770,47956,218,58:12.9,,,
3565,IDJKT,JKT64,MRTU2149755,H08,1B3,8,3,1,20,GP,,,,,,,,,E,,,,,,,,,,,,,10/8/2026 21:29,,,,770,47956,218,58:12.9,,,
3566,IDJKT,JKT64,HPCU2985220,H11,1B,13,1,3,20,GP,,,,,,,,,E,,,,,,,,,,,,,10/8/2026 22:13,,,,770,47956,218,58:12.9,,,
3567,IDJKT,JKT74,MRTU2162037,,,,,,20,GP,,,,,,,,,E,,,,,,,,,,,,,10/8/2026 22:26,,,,770,47944,219,58:19.6,,,
3568,IDJKT,JKT74,MRTU2225747,,,,,,20,GP,,,,,,,,,E,,,,,,,,,,,,,10/8/2026 21:45,,,,770,47944,219,58:19.6,,,
3569,IDJKT,JKT74,MRTU2179430,,,,,,20,GP,,,,,,,,,E,,,,,,,,,,,,,10/8/2026 17:07,,,,770,47944,219,58:19.6,,,
3570,IDJKT,JKT74,MRTU2283960,,,,,,20,GP,,,,,,,,,E,,,,,,,,,,,,,10/8/2026 22:51,,,,770,47944,219,58:19.6,,,
3571,IDJKT,JKT74,MRTU2257908,,,,,,20,GP,,,,,,,,,E,,,,,,,,,,,,,10/8/2026 20:00,,,,770,47944,219,58:19.6,,,
3572,IDJKT,JKT74,MRTU2269787,,,,,,20,GP,,,,,,,,,E,,,,,,,,,,,,,10/8/2026 17:07,,,,770,47944,219,58:19.6,,,
3573,IDJKT,JKT74,MRTU2090600,,,,,,20,GP,,,,,,,,,E,,,,,,,,,,,,,10/8/2026 16:13,,,,770,47944,219,58:19.6,,,
3574,IDJKT,JKT74,MRTU2246708,,,,,,20,GP,,,,,,,,,E,,,,,,,,,,,,,10/8/2026 17:52,,,,770,47944,219,58:19.6,,,
3575,IDJKT,JKT74,MRTU2114960,,,,,,20,GP,,,,,,,,,E,,,,,,,,,,,,,10/8/2026 16:19,,,,770,47944,219,58:19.6,,,
3576,IDJKT,JKT74,MRTU2015653,,,,,,20,GP,,,,,,,,,E,,,,,,,,,,,,,10/8/2026 22:19,,,,770,47944,219,58:19.6,,,
3577,IDJKT,JKT74,MRTU2293530,,,,,,20,GP,,,,,,,,,E,,,,,,,,,,,,,10/8/2026 17:37,,,,770,47944,219,58:19.6,,,
3578,IDJKT,JKT74,MRTU2108592,,,,,,20,GP,,,,,,,,,E,,,,,,,,,,,,,10/8/2026 16:14,,,,770,47944,219,58:19.6,,,
3579,IDJKT,JKT74,MRTU2237769,,,,,,20,GP,,,,,,,,,E,,,,,,,,,,,,,10/8/2026 22:23,,,,770,47944,219,58:19.6,,,
3580,IDJKT,JKT74,MRTU2019113,,,,,,20,GP,,,,,,,,,E,,,,,,,,,,,,,10/8/2026 22:14,,,,770,47944,219,58:19.6,,,
3581,IDJKT,JKT74,MRTU2344005,,,,,,20,GP,,,,,,,,,E,,,,,,,,,,,,,10/8/2026 17:52,,,,770,47944,219,58:19.6,,,
3582,IDJKT,JKT74,MRTU2239289,,,,,,20,GP,,,,,,,,,E,,,,,,,,,,,,,10/8/2026 22:15,,,,770,47944,219,58:19.6,,,
3583,IDJKT,JKT74,MRTU2256455,,,,,,20,GP,,,,,,,,,E,,,,,,,,,,,,,10/8/2026 22:26,,,,770,47944,219,58:19.6,,,
3584,IDJKT,JKT74,MRTU2342810,,,,,,20,GP,,,,,,,,,E,,,,,,,,,,,,,10/8/2026 17:09,,,,770,47944,219,58:19.6,,,
3585,IDJKT,JKT74,MRTU2056971,,,,,,20,GP,,,,,,,,,E,,,,,,,,,,,,,10/8/2026 16:16,,,,770,47944,219,58:19.6,,,
3586,IDJKT,JKT74,MRTU2108566,,,,,,20,GP,,,,,,,,,E,,,,,,,,,,,,,10/8/2026 21:46,,,,770,47944,219,58:19.6,,,
3587,IDJKT,JKT74,HPCU2230409,,,,,,20,GP,,,,,,,,,E,,,,,,,,,,,,,10/8/2026 17:07,,,,770,47944,219,58:19.6,,,
3588,IDJKT,JKT74,MRTU2061406,,,,,,20,GP,,,,,,,,,E,,,,,,,,,,,,,10/8/2026 23:45,,,,770,47944,219,58:19.6,,,
3589,IDJKT,JKT74,MRTU2031103,,,,,,20,GP,,,,,,,,,E,,,,,,,,,,,,,10/8/2026 22:14,,,,770,47944,219,58:19.6,,,
3590,IDJKT,JKT74,MRTU2124660,,,,,,20,GP,,,,,,,,,E,,,,,,,,,,,,,10/8/2026 16:14,,,,770,47944,219,58:19.6,,,
3591,IDJKT,JKT74,MRTU2120350,,,,,,20,GP,,,,,,,,,E,,,,,,,,,,,,,10/8/2026 17:53,,,,770,47944,219,58:19.6,,,
3592,IDJKT,JKT74,RXTU2055273,,,,,,20,GP,,,,,,,,,E,,,,,,,,,,,,,10/8/2026 21:49,,,,770,47944,219,58:19.6,,,
3593,IDJKT,JKT74,MRTU2232140,,,,,,20,GP,,,,,,,,,E,,,,,,,,,,,,,10/8/2026 21:45,,,,770,47944,219,58:19.6,,,
3594,IDJKT,JKT74,MRTU2263840,,,,,,20,GP,,,,,,,,,E,,,,,,,,,,,,,10/8/2026 20:00,,,,770,47944,219,58:19.6,,,
3595,IDJKT,JKT74,MRTU2145786,,,,,,20,GP,,,,,,,,,E,,,,,,,,,,,,,10/8/2026 21:45,,,,770,47944,219,58:19.6,,,
3596,IDJKT,JKT74,MRTU2161386,,,,,,20,GP,,,,,,,,,E,,,,,,,,,,,,,10/8/2026 22:53,,,,770,47944,219,58:19.6,,,
4818,IDJKT,JKT56,MRTU2049484,,1a,14,1,3,20,GP,,,,,,,,,F,,,,,,,,,,,,,27-08-2026 05:29,,,,770,49944,213,15:09.7,,,
3598,IDJKT,JKT74,MRTU2256305,,,,,,20,GP,,,,,,,,,E,,,,,,,,,,,,,10/8/2026 20:02,,,,770,47944,219,58:19.6,,,
3599,IDJKT,JKT74,MRTU2009938,,,,,,20,GP,,,,,,,,,E,,,,,,,,,,,,,10/8/2026 22:18,,,,770,47944,219,58:19.6,,,
3600,IDJKT,JKT74,MRTU2110645,,,,,,20,GP,,,,,,,,,E,,,,,,,,,,,,,10/8/2026 17:35,,,,770,47944,219,58:19.6,,,
3601,IDJKT,JKT74,MRTU2316662,,,,,,,GP,,,,,,,,,E,,,,,,,,,,,,,10/8/2026 23:45,,,,770,47944,219,58:19.6,,,
3602,IDJKT,JKT74,FCIU6089870,,,,,,20,GP,,,,,,,,,E,,,,,,,,,,,,,10/8/2026 22:17,,,,770,47944,219,58:19.6,,,
3603,IDJKT,JKT74,MRTU2254534,,,,,,20,GP,,,,,,,,,E,,,,,,,,,,,,,10/8/2026 20:02,,,,770,47944,219,58:19.6,,,
3604,IDJKT,JKT74,DFSU3189360,,,,,,20,GP,,,,,,,,,E,,,,,,,,,,,,,10/8/2026 17:36,,,,770,47944,219,58:19.6,,,
3605,IDJKT,JKT74,MRTU2375238,,,,,,20,GP,,,,,,,,,E,,,,,,,,,,,,,10/8/2026 21:48,,,,770,47944,219,58:19.6,,,
3606,IDJKT,JKT74,MRTU2006707,,,,,,20,GP,,,,,,,,,E,,,,,,,,,,,,,10/8/2026 22:24,,,,770,47944,219,58:19.6,,,
3607,IDJKT,JKT74,MRTU2255844,,,,,,20,GP,,,,,,,,,E,,,,,,,,,,,,,10/8/2026 17:52,,,,770,47944,219,58:19.6,,,
3608,IDJKT,JKT74,MRTU2179596,,,,,,20,GP,,,,,,,,,E,,,,,,,,,,,,,10/8/2026 22:52,,,,770,47944,219,58:19.6,,,
3609,IDJKT,JKT74,MRTU2161241,,,,,,20,GP,,,,,,,,,E,,,,,,,,,,,,,10/8/2026 22:51,,,,770,47944,219,58:19.6,,,
3610,IDJKT,JKT74,MRTU2162870,,,,,,20,GP,,,,,,,,,E,,,,,,,,,,,,,10/8/2026 17:53,,,,770,47944,219,58:19.6,,,
3611,IDJKT,JKT74,MRTU2266155,,,,,,20,GP,,,,,,,,,E,,,,,,,,,,,,,10/8/2026 17:08,,,,770,47944,219,58:19.6,,,
3612,IDJKT,JKT74,MRTU2099320,,,,,,20,GP,,,,,,,,,E,,,,,,,,,,,,,10/8/2026 16:19,,,,770,47944,219,58:19.6,,,
3613,IDJKT,JKT74,MRTU2243627,,,,,,20,GP,,,,,,,,,E,,,,,,,,,,,,,10/8/2026 20:02,,,,770,47944,219,58:19.6,,,
3614,IDJKT,JKT74,MRTU2235792,,,,,,20,GP,,,,,,,,,E,,,,,,,,,,,,,10/8/2026 22:19,,,,770,47944,219,58:19.6,,,
3615,IDJKT,JKT74,MRTU2078796,,,,,,20,GP,,,,,,,,,E,,,,,,,,,,,,,10/8/2026 22:25,,,,770,47944,219,58:19.6,,,
3616,IDJKT,JKT74,MRTU2073789,,,,,,20,GP,,,,,,,,,E,,,,,,,,,,,,,10/8/2026 22:24,,,,770,47944,219,58:19.6,,,
3617,IDJKT,JKT74,MRTU2045832,,,,,,20,GP,,,,,,,,,E,,,,,,,,,,,,,10/8/2026 17:35,,,,770,47944,219,58:19.6,,,
3618,IDJKT,JKT74,MRTU2328236,,,,,,20,GP,,,,,,,,,E,,,,,,,,,,,,,10/8/2026 17:09,,,,770,47944,219,58:19.6,,,
3619,IDJKT,JKT74,MRTU2243714,,,,,,20,GP,,,,,,,,,E,,,,,,,,,,,,,10/8/2026 20:01,,,,770,47944,219,58:19.6,,,
3620,IDJKT,JKT74,CAAU2947414,,,,,,20,GP,,,,,,,,,E,,,,,,,,,,,,,10/8/2026 22:15,,,,770,47944,219,58:19.6,,,
3621,IDJKT,JKT64,MRTU2212550,,3a,35,,,20,GP,,,,,,,,,F,,,,,,,,,,,,,10/8/2026 22:39,,,,770,47979,218,58:19.9,,,
3622,IDJKT,JKT64,MRTU2123350,,3a,38,3,1,20,GP,,,,,,,,,E,,,,,,,,,,,,,10/8/2026 16:29,,,,770,47979,218,58:19.9,,,
3623,IDJKT,JKT64,MRTU2218033,,3a,38,1,3,20,GP,,,,,,,,,F,,,,,,,,,,,,,10/8/2026 16:20,,,,770,47979,218,58:19.9,,,
3624,IDJKT,JKT64,MRTU2068680,,3a,34,,,20,GP,,,,,,,,,E,,,,,,,,,,,,,10/8/2026 22:49,,,,770,47979,218,58:19.9,,,
3625,IDJKT,JKT64,HPCU2983716,,3a,41,1,1,20,GP,,,,,,,,,F,,,,,,,,,,,,,10/8/2026 16:33,,,,770,47979,218,58:19.9,,,
6182,IDJKT,JKT56,MRTU2057601,,1b,19,5,4,20,GP,,,,,,,,,F,,,,,,,,,,,,,29-08-2026 08:36,,,,770,50255,213,59:26.1,,,
3627,IDJKT,JKT64,MRTU2304430,,3a,35,,,20,GP,,,,,,,,,F,,,,,,,,,,,,,10/8/2026 22:38,,,,770,47979,218,58:19.9,,,
3628,IDJKT,JKT64,MRTU2214188,,3a,41,1,2,20,GP,,,,,,,,,F,,,,,,,,,,,,,10/8/2026 16:33,,,,770,47979,218,58:19.9,,,
3629,IDJKT,JKT64,MRTU2234271,,3a,34,,,20,GP,,,,,,,,,E,,,,,,,,,,,,,10/8/2026 22:48,,,,770,47979,218,58:19.9,,,
3630,IDJKT,JKT64,MRTU2269534,,3a,35,,,20,GP,,,,,,,,,E,,,,,,,,,,,,,10/8/2026 22:45,,,,770,47979,218,58:19.9,,,
6183,IDJKT,JKT56,MRTU2081526,,1b,20,3,3,20,GP,,,,,,,,,F,,,,,,,,,,,,,29-08-2026 08:54,,,,770,50255,213,59:26.1,,,
3632,IDJKT,JKT64,MRTU2231781,,3a,41,1,4,20,GP,,,,,,,,,F,,,,,,,,,,,,,10/8/2026 16:42,,,,770,47979,218,58:19.9,,,
3633,IDJKT,JKT64,MRTU2186240,,3a,38,1,1,20,GP,,,,,,,,,F,,,,,,,,,,,,,10/8/2026 16:11,,,,770,47979,218,58:19.9,,,
3634,IDJKT,JKT64,MRTU2303330,,3a,34,,,20,GP,,,,,,,,,E,,,,,,,,,,,,,10/8/2026 22:53,,,,770,47979,218,58:19.9,,,
3635,IDJKT,JKT64,MRTU2317078,,3a,42,3,3,20,GP,,,,,,,,,E,,,,,,,,,,,,,10/8/2026 23:41,,,,770,47979,218,58:19.9,,,
6184,IDJKT,JKT56,MRKU8864862,,1b,22,4,3,20,GP,,,,,,,,,F,,,,,,,,,,,,,29-08-2026 08:28,,,,770,50255,213,59:26.1,,,
3637,IDJKT,JKT64,HPCU2227010,,3a,38,3,2,20,GP,,,,,,,,,F,,,,,,,,,,,,,10/8/2026 16:29,,,,770,47979,218,58:19.9,,,
3638,IDJKT,JKT64,MRTU2348886,,3a,28,3,3,20,GP,,,,,,,,,F,,,,,,,,,,,,,10/8/2026 17:09,,,,770,47979,218,58:19.9,,,
3639,IDJKT,JKT64,MRTU2310880,,3a,42,,,20,GP,,,,,,,,,E,,,,,,,,,,,,,10/8/2026 23:48,,,,770,47979,218,58:19.9,,,
3640,IDJKT,JKT64,MRTU2305307,,3a,42,3,1,20,GP,,,,,,,,,F,,,,,,,,,,,,,10/8/2026 23:35,,,,770,47979,218,58:19.9,,,
3641,IDJKT,JKT64,MRTU2300809,,3a,28,3,4,20,GP,,,,,,,,,F,,,,,,,,,,,,,10/8/2026 17:09,,,,770,47979,218,58:19.9,,,
6185,IDJKT,JKT56,FANU1536186,,1b,16,4,1,40,HC,,,,,,,,,F,,,,,,,,,,,,,29-08-2026 13:10,,,,770,50255,213,59:26.1,,,
3643,IDJKT,JKT64,MRTU2172605,,3a,38,1,2,20,GP,,,,,,,,,F,,,,,,,,,,,,,10/8/2026 16:12,,,,770,47979,218,58:19.9,,,
3644,IDJKT,JKT64,GESU6551474,,3a,32,1,4,40,HC,,,,,,,,,E,,,,,,,,,,,,,10/8/2026 22:26,,,,770,47979,218,58:19.9,,,
3645,IDJKT,JKT64,TXGU4073370,,3a,30,2,1,40,HC,,,,,,,,,E,,,,,,,,,,,,,10/8/2026 22:21,,,,770,47979,218,58:19.9,,,
3646,IDJKT,JKT64,MRTU2296083,,3a,42,3,2,20,GP,,,,,,,,,F,,,,,,,,,,,,,10/8/2026 23:37,,,,770,47979,218,58:19.9,,,
6186,IDJKT,JKT56,MRTU2143206,,1b,19,2,3,20,GP,,,,,,,,,F,,,,,,,,,,,,,29-08-2026 08:42,,,,770,50255,213,59:26.1,,,
3648,IDJKT,JKT64,DFSU3191100,,3a,41,1,3,20,GP,,,,,,,,,F,,,,,,,,,,,,,10/8/2026 16:42,,,,770,47979,218,58:19.9,,,
3649,IDJKT,JKT64,MRTU2281735,,3a,38,1,4,20,GP,,,,,,,,,F,,,,,,,,,,,,,10/8/2026 16:21,,,,770,47979,218,58:19.9,,,
3650,IDJKT,JKT64,MRTU2197408,,3a,34,,,20,GP,,,,,,,,,E,,,,,,,,,,,,,10/8/2026 22:52,,,,770,47979,218,58:19.9,,,
3651,IDJKT,JKT64,MRTU2304553,HT 15,1A,9,6,3,20,GP,,,,,,,,,F,,,,,,,,,,,,,10/8/2026 19:22,,,,770,47982,218,58:20.0,,,
3652,IDJKT,JKT64,MRTU9629838,HT 18,1A,12,3,4,40,HC,,,,,,,,,E,,,,,,,,,,,,,10/8/2026 21:27,,,,770,47982,218,58:20.0,,,
3653,IDJKT,JKT64,MRTU2266880,HT 25,2A,9,1,4,20,GP,,,,,,,,,F,,,,,,,,,,,,,10/8/2026 16:48,,,,770,47982,218,58:20.0,,,
3654,IDJKT,JKT64,MRTU2185958,HT 29,2A,6,5,5,20,GP,,,,,,,,,F,,,,,,,,,,,,,10/8/2026 17:42,,,,770,47982,218,58:20.0,,,
3655,IDJKT,JKT64,MRTU2188242,HT05,2A,10,2,3,20,GP,,,,,,,,,F,,,,,,,,,,,,,10/8/2026 23:22,,,,770,47982,218,58:20.0,,,
3656,IDJKT,JKT64,ONEU1339612,HT 13,2A,14,1,4,40,HC,,,,,,,,,F,,,,,,,,,,,,,10/8/2026 20:57,,,,770,47982,218,58:20.0,,,
3657,IDJKT,JKT64,FCIU6085010,HT 25,2A,9,1,3,20,GP,,,,,,,,,F,,,,,,,,,,,,,10/8/2026 16:47,,,,770,47982,218,58:20.0,,,
4819,IDJKT,JKT56,HPCU2228628,,1a,7,2,5,20,GP,,,,,,,,,F,,,,,,,,,,,,,27-08-2026 05:22,,,,770,49944,213,15:09.7,,,
3659,IDJKT,JKT64,MRTU9608521,HT06,2A,14,3,5,40,HC,,,,,,,,,E,,,,,,,,,,,,,10/8/2026 20:43,,,,770,47982,218,58:20.0,,,
3660,IDJKT,JKT64,MRTU2220895,H26,2A,2,5,3,20,GP,,,,,,,,,F,,,,,,,,,,,,,10/8/2026 19:59,,,,770,47982,218,58:20.0,,,
3661,IDJKT,JKT64,SEGU4741700,HT19,1A,12,3,1l,40,HC,,,,,,,,,E,,,,,,,,,,,,,10/8/2026 21:21,,,,770,47982,218,58:20.0,,,
3662,IDJKT,JKT64,MRTU2251900,HT 18,2A,5,4,2,20,GP,,,,,,,,,F,,,,,,,,,,,,,10/8/2026 17:17,,,,770,47982,218,58:20.0,,,
3663,IDJKT,JKT64,MRTU2207872,HT 27,1A,9,2,2,20,GP,,,,,,,,,F,,,,,,,,,,,,,10/8/2026 22:21,,,,770,47982,218,58:20.0,,,
3664,IDJKT,JKT64,MRTU2255567,HT19,1A,10,1,3,,GP,,,,,,,,,F,,,,,,,,,,,,,10/8/2026 22:39,,,,770,47982,218,58:20.0,,,
3665,IDJKT,JKT64,MRTU2187713,HT 04,2A,9,5,4,20,GP,,,,,,,,,F,,,,,,,,,,,,,10/8/2026 16:44,,,,770,47982,218,58:20.0,,,
4820,IDJKT,JKT56,FYCU7121393,,1a,6,2,1,20,GP,,,,,,,,,F,,,,,,,,,,,,,27-08-2026 05:06,,,,770,49944,213,15:09.7,,,
3667,IDJKT,JKT64,SEGU4044726,HT25,1A,12,3,3,40,HC,,,,,,,,,E,,,,,,,,,,,,,10/8/2026 21:25,,,,770,47982,218,58:20.0,,,
3668,IDJKT,JKT64,HPCU4312152,HT05,2A,14,3,2,40,HC,,,,,,,,,E,,,,,,,,,,,,,10/8/2026 20:34,,,,770,47982,218,58:20.0,,,
3669,IDJKT,JKT64,MRTU2170367,HT 26,2A,10,5,4,20,GP,,,,,,,,,F,,,,,,,,,,,,,10/8/2026 23:30,,,,770,47982,218,58:20.0,,,
3670,IDJKT,JKT64,MRTU2167379,HT28,2A,2,6,5,20,GP,,,,,,,,,E,,,,,,,,,,,,,10/8/2026 20:04,,,,770,47982,218,58:20.0,,,
3671,IDJKT,JKT64,MRTU2204132,HT 04,2A,9,5,3,20,GP,,,,,,,,,F,,,,,,,,,,,,,10/8/2026 16:44,,,,770,47982,218,58:20.0,,,
3672,IDJKT,JKT64,MRTU2298785,HT 15,1A,9,6,4,20,GP,,,,,,,,,F,,,,,,,,,,,,,10/8/2026 19:22,,,,770,47982,218,58:20.0,,,
3673,IDJKT,JKT64,MRTU2264147,HT23,1A,10,1,1,20,GP,,,,,,,,,F,,,,,,,,,,,,,10/8/2026 22:35,,,,770,47982,218,58:20.0,,,
3674,IDJKT,JKT64,TIIU5844971,HT29,2a,14,3,4,40,HC,,,,,,,,,E,,,,,,,,,,,,,10/8/2026 20:40,,,,770,47982,218,58:20.0,,,
3675,IDJKT,JKT64,MRTU2200250,HT 27,2A,6,1,4,20,GP,,,,,,,,,F,,,,,,,,,,,,,10/8/2026 17:35,,,,770,47982,218,58:20.0,,,
3676,IDJKT,JKT64,MRTU2346672,HT 12,2A,6,1,4,20,GP,,,,,,,,,F,,,,,,,,,,,,,10/8/2026 17:26,,,,770,47982,218,58:20.0,,,
3677,IDJKT,JKT64,MRTU2382406,HT 27,2A,12,6,1,20,GP,,,,,,,,,F,,,,,,,,,,,,,10/8/2026 16:16,,,,770,47982,218,58:20.0,,,
3678,IDJKT,JKT64,MRTU2210921,Ht03,2A,10,5,1,20,GP,,,,,,,,,F,,,,,,,,,,,,,10/8/2026 23:25,,,,770,47982,218,58:20.0,,,
3679,IDJKT,JKT64,MRTU2085178,HT19,1A,10,1,4,20,GP,,,,,,,,,F,,,,,,,,,,,,,10/8/2026 22:40,,,,770,47982,218,58:20.0,,,
3680,IDJKT,JKT64,MRTU2325978,HT 18,2A,5,4,1,20,GP,,,,,,,,,F,,,,,,,,,,,,,10/8/2026 17:15,,,,770,47982,218,58:20.0,,,
3681,IDJKT,JKT64,FCIU6078840,HT03,2A,10,5,3,20,GP,,,,,,,,,F,,,,,,,,,,,,,10/8/2026 23:27,,,,770,47982,218,58:20.0,,,
3682,IDJKT,JKT64,MRTU2208396,HT23,2A,2,5,2,20,GP,,,,,,,,,F,,,,,,,,,,,,,10/8/2026 19:54,,,,770,47982,218,58:20.0,,,
4821,IDJKT,JKT56,MRTU2342949,,1a,7,2,4,20,GP,,,,,,,,,F,,,,,,,,,,,,,27-08-2026 05:15,,,,770,49944,213,15:09.7,,,
3684,IDJKT,JKT64,MRTU2233444,HT27,1A,9,2,1,20,GP,,,,,,,,,F,,,,,,,,,,,,,10/8/2026 22:20,,,,770,47982,218,58:20.0,,,
4822,IDJKT,JKT56,MRTU2270330,,1a,6,5,2,20,GP,,,,,,,,,F,,,,,,,,,,,,,27-08-2026 05:14,,,,770,49944,213,15:09.7,,,
3686,IDJKT,JKT64,MRTU2255124,HT 11,1A,9,2,5,20,GP,,,,,,,,,F,,,,,,,,,,,,,10/8/2026 19:26,,,,770,47982,218,58:20.0,,,
4823,IDJKT,JKT56,MRTU2185480,,1a,6,5,3,20,GP,,,,,,,,,F,,,,,,,,,,,,,27-08-2026 05:25,,,,770,49944,213,15:09.7,,,
3688,IDJKT,JKT64,DFSU3193313,HT 24,2A,5,4,3,20,GP,,,,,,,,,F,,,,,,,,,,,,,10/8/2026 17:19,,,,770,47982,218,58:20.0,,,
3689,IDJKT,JKT64,MRTU2194409,HT 29,2A,6,1,5,20,GP,,,,,,,,,F,,,,,,,,,,,,,10/8/2026 17:43,,,,770,47982,218,58:20.0,,,
3690,IDJKT,JKT64,TRHU8915800,HT27,2A,14,3,2,40,HC,,,,,,,,,E,,,,,,,,,,,,,10/8/2026 20:32,,,,770,47982,218,58:20.0,,,
3691,IDJKT,JKT64,MRTU2224099,HT 02,2A,11,5,4,20,GP,,,,,,,,,F,,,,,,,,,,,,,10/8/2026 16:34,,,,770,47982,218,58:20.0,,,
3692,IDJKT,JKT64,MRTU2162124,HT23,1A,10,1,2,20,GP,,,,,,,,,F,,,,,,,,,,,,,10/8/2026 22:37,,,,770,47982,218,58:20.0,,,
3693,IDJKT,JKT64,MRTU2282860,HT 12,2A,6,1,3,20,GP,,,,,,,,,F,,,,,,,,,,,,,10/8/2026 17:25,,,,770,47982,218,58:20.0,,,
3694,IDJKT,JKT64,MRTU2074173,HT23,2A,2,5,1,20,GP,,,,,,,,,E,,,,,,,,,,,,,10/8/2026 19:53,,,,770,47982,218,58:20.0,,,
3695,IDJKT,JKT64,MRTU2214300,HT28,2A,2,1,5,20,GP,,,,,,,,,F,,,,,,,,,,,,,10/8/2026 20:05,,,,770,47982,218,58:20.0,,,
3696,IDJKT,JKT64,MRTU2238791,HT11,1A,9,2,4,20,GP,,,,,,,,,F,,,,,,,,,,,,,10/8/2026 19:25,,,,770,47982,218,58:20.0,,,
3697,IDJKT,JKT64,MRTU2238220,HT 16,1A,9,6,2,20,GP,,,,,,,,,F,,,,,,,,,,,,,10/8/2026 19:16,,,,770,47982,218,58:20.0,,,
3698,IDJKT,JKT64,MRTU2213427,HT 06,1A,10,3,2,20,GP,,,,,,,,,F,,,,,,,,,,,,,10/8/2026 22:17,,,,770,47982,218,58:20.0,,,
3699,IDJKT,JKT64,HPCU2991809,HT 16,1A,9,6,2,20,GP,,,,,,,,,F,,,,,,,,,,,,,10/8/2026 19:18,,,,770,47982,218,58:20.0,,,
3700,IDJKT,JKT64,MRLU2366155,HT26,2A,10,5,3,20,GP,,,,,,,,,F,,,,,,,,,,,,,10/8/2026 23:29,,,,770,47982,218,58:20.0,,,
3701,IDJKT,JKT64,MRTU2126744,HT 02,2A,11,5,3,20,GP,,,,,,,,,E,,,,,,,,,,,,,10/8/2026 16:33,,,,770,47982,218,58:20.0,,,
3702,IDJKT,JKT64,MRTU2177715,HT 09,2A,12,1,4ɓ,20,GP,,,,,,,,,F,,,,,,,,,,,,,10/8/2026 16:30,,,,770,47982,218,58:20.0,,,
4824,IDJKT,JKT56,WHSU0343840,,1a,6,2,3,20,GP,,,,,,,,,F,,,,,,,,,,,,,27-08-2026 05:08,,,,770,49944,213,15:09.7,,,
3704,IDJKT,JKT64,MRTU2112490,HT 26,2A,2,5,4,20,GP,,,,,,,,,E,,,,,,,,,,,,,10/8/2026 20:00,,,,770,47982,218,58:20.0,,,
3705,IDJKT,JKT64,MRTU2180895,HT 27,2A,12,6,2,20,GP,,,,,,,,,F,,,,,,,,,,,,,10/8/2026 16:17,,,,770,47982,218,58:20.0,,,
3706,IDJKT,JKT64,MRTU2249841,HT06,1A,10,3,1,20,GP,,,,,,,,,F,,,,,,,,,,,,,10/8/2026 22:16,,,,770,47982,218,58:20.0,,,
3707,IDJKT,JKT64,MRLU2373771,HT 03,2A,11,4,4,20,GP,,,,,,,,,F,,,,,,,,,,,,,10/8/2026 16:38,,,,770,47982,218,58:20.0,,,
3708,IDJKT,JKT64,GESU3312096,HT 23,2A,12,6,4,20,GP,,,,,,,,,F,,,,,,,,,,,,,10/8/2026 16:21,,,,770,47982,218,58:20.0,,,
3709,IDJKT,JKT64,MRTU2225069,HT 05,2A,10,2,4,20,GP,,,,,,,,,F,,,,,,,,,,,,,10/8/2026 23:24,,,,770,47982,218,58:20.0,,,
4825,IDJKT,JKT56,MRLU2320112,,1a,14,1,4,20,GP,,,,,,,,,F,,,,,,,,,,,,,27-08-2026 05:29,,,,770,49944,213,15:09.7,,,
4826,IDJKT,JKT56,MRLU2362951,,1a,14,1,2,20,GP,,,,,,,,,F,,,,,,,,,,,,,27-08-2026 05:28,,,,770,49944,213,15:09.7,,,
3712,IDJKT,JKT64,GESU6852360,HT26,1A,2,1,2,40,GP,,,,,,,,,E,,,,,,,,,,,,,10/8/2026 21:58,,,,770,47982,218,58:20.0,,,
3713,IDJKT,JKT64,MRTU2189932,HT 24,2A,5,4,4,20,GP,,,,,,,,,F,,,,,,,,,,,,,10/8/2026 17:20,,,,770,47982,218,58:20.0,,,
3714,IDJKT,JKT74,HJMU1950309,,,,,,40,HC,,,,,,,,,E,,,,,,,,,,,,,11/8/2026 0:15,,,,770,47981,219,58:34.3,,,
3715,IDJKT,JKT74,SEGU5094193,,,,,,40,HC,,,,,,,,,E,,,,,,,,,,,,,11/8/2026 1:27,,,,770,47981,219,58:34.3,,,
3716,IDJKT,JKT74,TXGU8488477,,,,,,40,HC,,,,,,,,,E,,,,,,,,,,,,,11/8/2026 3:42,,,,770,47981,219,58:34.3,,,
3717,IDJKT,JKT74,MRTU9608347,,,,,,40,HC,,,,,,,,,E,,,,,,,,,,,,,11/8/2026 2:37,,,,770,47981,219,58:34.3,,,
3718,IDJKT,JKT74,MRTU9605712,,,,,,40,HC,,,,,,,,,E,,,,,,,,,,,,,11/8/2026 2:18,,,,770,47981,219,58:34.3,,,
3719,IDJKT,JKT74,MRTU9645947,,,,,,40,HC,,,,,,,,,E,,,,,,,,,,,,,11/8/2026 5:25,,,,770,47981,219,58:34.3,,,
3720,IDJKT,JKT74,TXGU4073488,,,,,,40,HC,,,,,,,,,E,,,,,,,,,,,,,11/8/2026 2:46,,,,770,47981,219,58:34.3,,,
3721,IDJKT,JKT74,MRTU9641767,,,,,,40,HC,,,,,,,,,E,,,,,,,,,,,,,11/8/2026 2:29,,,,770,47981,219,58:34.3,,,
3722,IDJKT,JKT74,TGHU8340323,,,,,,40,HC,,,,,,,,,E,,,,,,,,,,,,,11/8/2026 1:45,,,,770,47981,219,58:34.3,,,
3723,IDJKT,JKT74,TIIU5845828,,,,,,40,HC,,,,,,,,,E,,,,,,,,,,,,,11/8/2026 3:03,,,,770,47981,219,58:34.3,,,
3724,IDJKT,JKT74,MAGU5320491,,,,,,40,HC,,,,,,,,,E,,,,,,,,,,,,,11/8/2026 1:33,,,,770,47981,219,58:34.3,,,
3725,IDJKT,JKT74,MRTU9615578,,,,,,40,HC,,,,,,,,,E,,,,,,,,,,,,,11/8/2026 1:25,,,,770,47981,219,58:34.3,,,
3726,IDJKT,JKT74,MRTU9621483,,,,,,40,HC,,,,,,,,,E,,,,,,,,,,,,,11/8/2026 3:27,,,,770,47981,219,58:34.3,,,
3727,IDJKT,JKT74,MRLU5213822,,,,,,40,HC,,,,,,,,,E,,,,,,,,,,,,,11/8/2026 5:43,,,,770,47981,219,58:34.3,,,
3728,IDJKT,JKT74,MRTU9629442,,,,,,40,HC,,,,,,,,,E,,,,,,,,,,,,,11/8/2026 5:31,,,,770,47981,219,58:34.3,,,
3729,IDJKT,JKT74,MRTU9621420,,,,,,40,HC,,,,,,,,,E,,,,,,,,,,,,,11/8/2026 3:03,,,,770,47981,219,58:34.3,,,
3730,IDJKT,JKT74,SEGU5408530,,,,,,40,HC,,,,,,,,,E,,,,,,,,,,,,,11/8/2026 5:44,,,,770,47981,219,58:34.3,,,
3731,IDJKT,JKT74,SEGU4184245,,,,,,40,HC,,,,,,,,,E,,,,,,,,,,,,,11/8/2026 5:44,,,,770,47981,219,58:34.3,,,
3732,IDJKT,JKT74,SEGU6291704,,,,,,40,HC,,,,,,,,,E,,,,,,,,,,,,,11/8/2026 1:30,,,,770,47981,219,58:34.3,,,
3733,IDJKT,JKT74,TXGU8461943,,,,,,40,HC,,,,,,,,,E,,,,,,,,,,,,,11/8/2026 3:49,,,,770,47981,219,58:34.3,,,
3734,IDJKT,JKT74,TRHU8915142,,,,,,40,HC,,,,,,,,,E,,,,,,,,,,,,,11/8/2026 1:43,,,,770,47981,219,58:34.3,,,
3735,IDJKT,JKT74,TXGU8488477,,,,,,40,HC,,,,,,,,,E,,,,,,,,,,,,,11/8/2026 3:42,,,,770,47981,219,58:41.1,,,
3736,IDJKT,JKT74,MRTU9645947,,,,,,40,HC,,,,,,,,,E,,,,,,,,,,,,,11/8/2026 5:25,,,,770,47981,219,58:41.1,,,
3737,IDJKT,JKT74,TXGU4073488,,,,,,40,HC,,,,,,,,,E,,,,,,,,,,,,,11/8/2026 2:46,,,,770,47981,219,58:41.1,,,
3738,IDJKT,JKT74,HJMU1950309,,,,,,40,HC,,,,,,,,,E,,,,,,,,,,,,,11/8/2026 0:15,,,,770,47981,219,58:41.1,,,
3739,IDJKT,JKT74,SEGU5094193,,,,,,40,HC,,,,,,,,,E,,,,,,,,,,,,,11/8/2026 1:27,,,,770,47981,219,58:41.1,,,
3740,IDJKT,JKT74,MRTU9629442,,,,,,40,HC,,,,,,,,,E,,,,,,,,,,,,,11/8/2026 5:31,,,,770,47981,219,58:41.1,,,
3741,IDJKT,JKT74,MRTU9621420,,,,,,40,HC,,,,,,,,,E,,,,,,,,,,,,,11/8/2026 3:03,,,,770,47981,219,58:41.1,,,
3742,IDJKT,JKT74,SEGU5408530,,,,,,40,HC,,,,,,,,,E,,,,,,,,,,,,,11/8/2026 5:44,,,,770,47981,219,58:41.1,,,
3743,IDJKT,JKT74,SEGU4184245,,,,,,40,HC,,,,,,,,,E,,,,,,,,,,,,,11/8/2026 5:44,,,,770,47981,219,58:41.1,,,
3744,IDJKT,JKT74,SEGU6291704,,,,,,40,HC,,,,,,,,,E,,,,,,,,,,,,,11/8/2026 1:30,,,,770,47981,219,58:41.1,,,
3745,IDJKT,JKT74,TXGU8461943,,,,,,40,HC,,,,,,,,,E,,,,,,,,,,,,,11/8/2026 3:49,,,,770,47981,219,58:41.1,,,
3746,IDJKT,JKT74,TRHU8915142,,,,,,40,HC,,,,,,,,,E,,,,,,,,,,,,,11/8/2026 1:43,,,,770,47981,219,58:41.1,,,
3747,IDJKT,JKT74,MRTU9608347,,,,,,40,HC,,,,,,,,,E,,,,,,,,,,,,,11/8/2026 2:37,,,,770,47981,219,58:41.1,,,
3748,IDJKT,JKT74,MRTU9605712,,,,,,40,HC,,,,,,,,,E,,,,,,,,,,,,,11/8/2026 2:18,,,,770,47981,219,58:41.1,,,
3749,IDJKT,JKT74,MRTU9641767,,,,,,40,HC,,,,,,,,,E,,,,,,,,,,,,,11/8/2026 2:29,,,,770,47981,219,58:41.1,,,
3750,IDJKT,JKT74,TGHU8340323,,,,,,40,HC,,,,,,,,,E,,,,,,,,,,,,,11/8/2026 1:45,,,,770,47981,219,58:41.1,,,
3751,IDJKT,JKT74,TIIU5845828,,,,,,40,HC,,,,,,,,,E,,,,,,,,,,,,,11/8/2026 3:03,,,,770,47981,219,58:41.1,,,
3752,IDJKT,JKT74,MAGU5320491,,,,,,40,HC,,,,,,,,,E,,,,,,,,,,,,,11/8/2026 1:33,,,,770,47981,219,58:41.1,,,
3753,IDJKT,JKT74,MRTU9615578,,,,,,40,HC,,,,,,,,,E,,,,,,,,,,,,,11/8/2026 1:25,,,,770,47981,219,58:41.1,,,
3754,IDJKT,JKT74,MRTU9621483,,,,,,40,HC,,,,,,,,,E,,,,,,,,,,,,,11/8/2026 3:27,,,,770,47981,219,58:41.1,,,
3755,IDJKT,JKT74,MRLU5213822,,,,,,40,HC,,,,,,,,,E,,,,,,,,,,,,,11/8/2026 5:43,,,,770,47981,219,58:41.1,,,
3756,IDJKT,JKT74,TIIU6806960,,,,,,40,HC,,,,,,,,,E,,,,,,,,,,,,,11/8/2026 0:55,,,,770,47980,219,58:41.3,,,
3757,IDJKT,JKT74,MRTU2054095,,,,,,20,GP,,,,,,,,,E,,,,,,,,,,,,,11/8/2026 0:11,,,,770,47980,219,58:41.3,,,
3758,IDJKT,JKT74,MRTU2256326,,,,,,20,GP,,,,,,,,,E,,,,,,,,,,,,,11/8/2026 0:36,,,,770,47980,219,58:41.3,,,
3759,IDJKT,JKT74,MRTU2132921,,,,,,20,GP,,,,,,,,,E,,,,,,,,,,,,,11/8/2026 0:16,,,,770,47980,219,58:41.3,,,
3760,IDJKT,JKT74,MRTU2136254,,,,,,20,GP,,,,,,,,,E,,,,,,,,,,,,,11/8/2026 6:06,,,,770,47980,219,58:41.3,,,
3761,IDJKT,JKT74,MRTU2244921,,,,,,20,GP,,,,,,,,,E,,,,,,,,,,,,,11/8/2026 0:14,,,,770,47980,219,58:41.3,,,
3762,IDJKT,JKT74,MRTU2179831,,,,,,20,GP,,,,,,,,,E,,,,,,,,,,,,,11/8/2026 3:03,,,,770,47980,219,58:41.3,,,
3763,IDJKT,JKT74,MRTU2167614,,,,,,20,GP,,,,,,,,,E,,,,,,,,,,,,,11/8/2026 0:13,,,,770,47980,219,58:41.3,,,
3764,IDJKT,JKT74,MRTU2158417,,,,,,20,GP,,,,,,,,,E,,,,,,,,,,,,,11/8/2026 6:06,,,,770,47980,219,58:41.3,,,
3765,IDJKT,JKT74,MRTU2183678,,,,,,20,GP,,,,,,,,,E,,,,,,,,,,,,,11/8/2026 1:04,,,,770,47980,219,58:41.3,,,
3766,IDJKT,JKT74,FCIU6089084,,,,,,20,GP,,,,,,,,,E,,,,,,,,,,,,,11/8/2026 0:21,,,,770,47980,219,58:41.3,,,
3767,IDJKT,JKT74,MRTU2312918,,,,,,20,GP,,,,,,,,,E,,,,,,,,,,,,,11/8/2026 0:19,,,,770,47980,219,58:41.3,,,
3768,IDJKT,JKT74,MRTU2122461,,,,,,20,GP,,,,,,,,,E,,,,,,,,,,,,,11/8/2026 0:18,,,,770,47980,219,58:41.3,,,
3769,IDJKT,JKT74,MRTU9668829,,,,,,40,HC,,,,,,,,,E,,,,,,,,,,,,,11/8/2026 0:59,,,,770,47980,219,58:41.3,,,
3770,IDJKT,JKT74,MRTU2262904,,,,,,20,GP,,,,,,,,,E,,,,,,,,,,,,,11/8/2026 0:18,,,,770,47980,219,58:41.3,,,
3771,IDJKT,JKT74,MRTU2262231,,,,,,20,GP,,,,,,,,,E,,,,,,,,,,,,,11/8/2026 6:12,,,,770,47980,219,58:41.3,,,
3772,IDJKT,JKT74,MRTU2248439,,,,,,20,GP,,,,,,,,,E,,,,,,,,,,,,,11/8/2026 0:16,,,,770,47980,219,58:41.3,,,
3773,IDJKT,JKT74,MRTU2119998,,,,,,20,GP,,,,,,,,,E,,,,,,,,,,,,,11/8/2026 0:39,,,,770,47980,219,58:41.3,,,
3774,IDJKT,JKT74,MRTU2178033,,,,,,20,GP,,,,,,,,,E,,,,,,,,,,,,,11/8/2026 0:40,,,,770,47980,219,58:41.3,,,
3775,IDJKT,JKT74,MRTU2288344,,,,,,20,GP,,,,,,,,,E,,,,,,,,,,,,,11/8/2026 0:20,,,,770,47980,219,58:41.3,,,
3776,IDJKT,JKT74,MRTU2017954,,,,,,20,GP,,,,,,,,,E,,,,,,,,,,,,,11/8/2026 0:10,,,,770,47980,219,58:41.3,,,
3777,IDJKT,JKT74,MRTU2155594,,,,,,20,GP,,,,,,,,,E,,,,,,,,,,,,,11/8/2026 6:12,,,,770,47980,219,58:41.3,,,
3778,IDJKT,JKT74,GESU6423283,,,,,,40,HC,,,,,,,,,E,,,,,,,,,,,,,11/8/2026 0:52,,,,770,47980,219,58:41.3,,,
3779,IDJKT,JKT74,MRTU2292513,,,,,,20,GP,,,,,,,,,E,,,,,,,,,,,,,11/8/2026 6:11,,,,770,47980,219,58:41.3,,,
3780,IDJKT,JKT74,HPCU2225341,,,,,,20,GP,,,,,,,,,E,,,,,,,,,,,,,11/8/2026 6:09,,,,770,47980,219,58:41.3,,,
3781,IDJKT,JKT74,MRTU2122224,,,,,,20,GP,,,,,,,,,E,,,,,,,,,,,,,11/8/2026 1:05,,,,770,47980,219,58:41.3,,,
3782,IDJKT,JKT74,MRTU2153056,,,,,,20,GP,,,,,,,,,E,,,,,,,,,,,,,11/8/2026 6:10,,,,770,47980,219,58:41.3,,,
3783,IDJKT,JKT74,MRTU2233357,,,,,,20,GP,,,,,,,,,E,,,,,,,,,,,,,11/8/2026 0:20,,,,770,47980,219,58:41.3,,,
3784,IDJKT,JKT74,MRTU2139309,,,,,,20,GP,,,,,,,,,E,,,,,,,,,,,,,11/8/2026 0:14,,,,770,47980,219,58:41.3,,,
3785,IDJKT,JKT74,MRTU2258191,,,,,,20,GP,,,,,,,,,E,,,,,,,,,,,,,11/8/2026 0:36,,,,770,47980,219,58:41.3,,,
3786,IDJKT,JKT74,MRTU2113691,,,,,,20,GP,,,,,,,,,E,,,,,,,,,,,,,11/8/2026 0:15,,,,770,47980,219,58:41.3,,,
3787,IDJKT,JKT64,MRTU2164894,H02,3A,2,6,3,20,GP,,,,,,,,,F,,,,,,,,,,,,,11/8/2026 7:16,,,,770,47983,218,58:44.7,,,
3789,IDJKT,JKT64,MRTU2185330,H30,1A,5,3,1,20,GP,,,,,,,,,F,,,,,,,,,,,,,11/8/2026 1:24,,,,770,47983,218,58:44.7,,,
6187,IDJKT,JKT56,MRTU2213936,,1b,20,3,1,20,GP,,,,,,,,,F,,,,,,,,,,,,,29-08-2026 08:38,,,,770,50255,213,59:26.1,,,
3791,IDJKT,JKT64,DFSU3189904,H17,2A,12,1,3,20,GP,,,,,,,,,E,,,,,,,,,,,,,11/8/2026 3:04,,,,770,47983,218,58:44.7,,,
3792,IDJKT,JKT64,MRTU2168014,H04,32,2,6,1,20,GP,,,,,,,,,F,,,,,,,,,,,,,11/8/2026 7:37,,,,770,47983,218,58:44.7,,,
3794,IDJKT,JKT64,MRTU2222223,H27,3A,2,5,3,20,GP,,,,,,,,,F,,,,,,,,,,,,,11/8/2026 7:19,,,,770,47983,218,58:44.7,,,
3795,IDJKT,JKT64,MRTU2219385,H01,3A,2,6,4,20,GP,,,,,,,,,F,,,,,,,,,,,,,11/8/2026 7:44,,,,770,47983,218,58:44.7,,,
3797,IDJKT,JKT64,MRTU2188936,H27,3A,2,5,4,20,GP,,,,,,,,,F,,,,,,,,,,,,,11/8/2026 7:19,,,,770,47983,218,58:44.7,,,
3798,IDJKT,JKT64,MRTU2333504,H30,1A,5,3,2,20,GP,,,,,,,,,F,,,,,,,,,,,,,11/8/2026 1:25,,,,770,47983,218,58:44.7,,,
3799,IDJKT,JKT64,MRTU2232031,Ht08,3a,34,,,20,GP,,,,,,,,,F,,,,,,,,,,,,,11/8/2026 7:38,,,,770,47978,218,58:44.9,,,
3800,IDJKT,JKT64,CAAU2936831,Ht01,3s,42,1,3,20,GP,,,,,,,,,F,,,,,,,,,,,,,11/8/2026 4:35,,,,770,47978,218,58:44.9,,,
3801,IDJKT,JKT64,MRTU2027042,Ht30,3a,28,,,20,GP,,,,,,,,,F,,,,,,,,,,,,,11/8/2026 7:11,,,,770,47978,218,58:44.9,,,
3802,IDJKT,JKT64,FCIU6089675,Ht01,3a,42,4,4,20,GP,,,,,,,,,F,,,,,,,,,,,,,11/8/2026 4:36,,,,770,47978,218,58:44.9,,,
3803,IDJKT,JKT64,MRTU2338105,Ht,3a,37,1,2,20,GP,,,,,,,,,E,,,,,,,,,,,,,11/8/2026 4:42,,,,770,47978,218,58:44.9,,,
3804,IDJKT,JKT64,MRTU2300157,Ht03,3a,41,1,3,20,GP,,,,,,,,,F,,,,,,,,,,,,,11/8/2026 4:30,,,,770,47978,218,58:44.9,,,
3805,IDJKT,JKT64,MRTU2176046,Ht02,3a,42,3,4,20,GP,,,,,,,,,F,,,,,,,,,,,,,11/8/2026 4:38,,,,770,47978,218,58:44.9,,,
6188,IDJKT,JKT56,UACU5999317,,1b,16,4,3,40,HC,,,,,,,,,F,,,,,,,,,,,,,29-08-2026 13:18,,,,770,50255,213,59:26.1,,,
3807,IDJKT,JKT64,MRTU2118796,Ht,3a,28,,,20,GP,,,,,,,,,F,,,,,,,,,,,,,11/8/2026 7:04,,,,770,47978,218,58:44.9,,,
3808,IDJKT,JKT64,MRTU2268986,Ht18,3a,34,,,20,GP,,,,,,,,,F,,,,,,,,,,,,,11/8/2026 7:33,,,,770,47978,218,58:44.9,,,
3809,IDJKT,JKT64,SEKU1691235,3a,3a,41,2,2,20,GP,,,,,,,,,E,,,,,,,,,,,,,11/8/2026 4:27,,,,770,47978,218,58:44.9,,,
3810,IDJKT,JKT64,MRTU2097667,Ht30,3a,28,,,20,GP,,,,,,,,,F,,,,,,,,,,,,,11/8/2026 7:09,,,,770,47978,218,58:44.9,,,
3811,IDJKT,JKT64,MRTU2215142,Ht05,3a,34,,,20,GP,,,,,,,,,F,,,,,,,,,,,,,11/8/2026 7:43,,,,770,47978,218,58:44.9,,,
3812,IDJKT,JKT64,MRTU2149190,Ht10,3a,37,1,3,20,GP,,,,,,,,,E,,,,,,,,,,,,,11/8/2026 4:43,,,,770,47978,218,58:44.9,,,
3813,IDJKT,JKT64,MRTU2160008,Ht18,3a,34,,,20,GP,,,,,,,,,F,,,,,,,,,,,,,11/8/2026 7:35,,,,770,47978,218,58:44.9,,,
3814,IDJKT,JKT64,MRTU2235600,Ht03,3a,41,2,4,20,GP,,,,,,,,,F,,,,,,,,,,,,,11/8/2026 4:29,,,,770,47978,218,58:44.9,,,
3815,IDJKT,JKT64,MRTU2021173,Ht02,3a,42,2,4,20,GP,,,,,,,,,F,,,,,,,,,,,,,11/8/2026 4:39,,,,770,47978,218,58:44.9,,,
3816,IDJKT,JKT64,MRTU2340484,Ht11,3a,41,,3,20,GP,,,,,,,,,E,,,,,,,,,,,,,11/8/2026 4:28,,,,770,47978,218,58:44.9,,,
3817,IDJKT,JKT64,MRTU2127078,Ht08,3a,34,,,20,GP,,,,,,,,,F,,,,,,,,,,,,,11/8/2026 7:37,,,,770,47978,218,58:44.9,,,
3820,IDJKT,JKT64,FCIU6078515,Ht06,3a,34,,,20,GP,,,,,,,,,F,,,,,,,,,,,,,11/8/2026 7:41,,,,770,47978,218,58:44.9,,,
3821,IDJKT,JKT64,MRTU9652669,Ht24,3a,18,3,4,40,HC,,,,,,,,,F,,,,,,,,,,,,,11/8/2026 4:44,,,,770,47978,218,58:44.9,,,
3822,IDJKT,JKT64,MRTU2135026,Ht07,3a,37,2,5,20,GP,,,,,,,,,E,,,,,,,,,,,,,11/8/2026 4:41,,,,770,47978,218,58:44.9,,,
6190,IDJKT,JKT74,MRTU9608352,,,,,,40,HC,,,,,,,,,E,,,,,,,,,,,,,29-08-2026 11:40,,,,770,50251,Cy219,59:26.1,,,
3824,IDJKT,JKT64,MRTU2225562,Ht05,3a,35,,,20,GP,,,,,,,,,F,,,,,,,,,,,,,11/8/2026 7:44,,,,770,47978,218,58:44.9,,,
3825,IDJKT,JKT64,MRTU2125943,Ht28,3a,28,,,20,GP,,,,,,,,,F,,,,,,,,,,,,,11/8/2026 7:02,,,,770,47978,218,58:44.9,,,
3826,IDJKT,JKT74,MRLU5213822,,,,,,40,HC,,,,,,,,,E,,,,,,,,,,,,,11/8/2026 5:43,,,,770,47981,219,58:45.1,,,
3827,IDJKT,JKT74,MRTU9629442,,,,,,40,HC,,,,,,,,,E,,,,,,,,,,,,,11/8/2026 5:31,,,,770,47981,219,58:45.1,,,
3828,IDJKT,JKT74,MRTU9621420,,,,,,40,HC,,,,,,,,,E,,,,,,,,,,,,,11/8/2026 3:03,,,,770,47981,219,58:45.1,,,
3829,IDJKT,JKT74,SEGU5408530,,,,,,40,HC,,,,,,,,,E,,,,,,,,,,,,,11/8/2026 5:44,,,,770,47981,219,58:45.1,,,
3830,IDJKT,JKT74,HJMU1950309,,,,,,40,HC,,,,,,,,,E,,,,,,,,,,,,,11/8/2026 0:15,,,,770,47981,219,58:45.1,,,
3831,IDJKT,JKT74,SEGU5094193,,,,,,40,HC,,,,,,,,,E,,,,,,,,,,,,,11/8/2026 1:27,,,,770,47981,219,58:45.1,,,
3832,IDJKT,JKT74,TXGU8488477,,,,,,40,HC,,,,,,,,,E,,,,,,,,,,,,,11/8/2026 3:42,,,,770,47981,219,58:45.1,,,
3833,IDJKT,JKT74,MRTU9645947,,,,,,40,HC,,,,,,,,,E,,,,,,,,,,,,,11/8/2026 5:25,,,,770,47981,219,58:45.1,,,
3834,IDJKT,JKT74,TXGU4073488,,,,,,40,HC,,,,,,,,,E,,,,,,,,,,,,,11/8/2026 2:46,,,,770,47981,219,58:45.1,,,
3835,IDJKT,JKT74,MRTU9641767,,,,,,40,HC,,,,,,,,,E,,,,,,,,,,,,,11/8/2026 2:29,,,,770,47981,219,58:45.1,,,
3836,IDJKT,JKT74,TGHU8340323,,,,,,40,HC,,,,,,,,,E,,,,,,,,,,,,,11/8/2026 1:45,,,,770,47981,219,58:45.1,,,
3837,IDJKT,JKT74,TIIU5845828,,,,,,40,HC,,,,,,,,,E,,,,,,,,,,,,,11/8/2026 3:03,,,,770,47981,219,58:45.1,,,
3838,IDJKT,JKT74,MAGU5320491,,,,,,40,HC,,,,,,,,,E,,,,,,,,,,,,,11/8/2026 1:33,,,,770,47981,219,58:45.1,,,
3839,IDJKT,JKT74,MRTU9615578,,,,,,40,HC,,,,,,,,,E,,,,,,,,,,,,,11/8/2026 1:25,,,,770,47981,219,58:45.1,,,
3840,IDJKT,JKT74,MRTU9621483,,,,,,40,HC,,,,,,,,,E,,,,,,,,,,,,,11/8/2026 3:27,,,,770,47981,219,58:45.1,,,
3841,IDJKT,JKT74,SEGU4184245,,,,,,40,HC,,,,,,,,,E,,,,,,,,,,,,,11/8/2026 5:44,,,,770,47981,219,58:45.1,,,
3842,IDJKT,JKT74,SEGU6291704,,,,,,40,HC,,,,,,,,,E,,,,,,,,,,,,,11/8/2026 1:30,,,,770,47981,219,58:45.1,,,
3843,IDJKT,JKT74,TXGU8461943,,,,,,40,HC,,,,,,,,,E,,,,,,,,,,,,,11/8/2026 3:49,,,,770,47981,219,58:45.1,,,
3844,IDJKT,JKT74,TRHU8915142,,,,,,40,HC,,,,,,,,,E,,,,,,,,,,,,,11/8/2026 1:43,,,,770,47981,219,58:45.1,,,
3845,IDJKT,JKT74,MRTU9608347,,,,,,40,HC,,,,,,,,,E,,,,,,,,,,,,,11/8/2026 2:37,,,,770,47981,219,58:45.1,,,
3846,IDJKT,JKT74,MRTU9605712,,,,,,40,HC,,,,,,,,,E,,,,,,,,,,,,,11/8/2026 2:18,,,,770,47981,219,58:45.1,,,
3847,IDJKT,JKT64,MRTU2142684,Ht03,2a,12,4,3,20,GP,,,,,,,,,E,,,,,,,,,,,,,12/8/2026 13:59,,,,770,48185,218,01:35.7,,,
3848,IDJKT,JKT64,MRTU2155676,Ht01,2a,1,2,3,20,GP,,,,,,,,,F,,,,,,,,,,,,,12/8/2026 15:31,,,,770,48185,218,01:35.7,,,
3849,IDJKT,JKT64,MRTU2013537,Ht05,2a,12,2,4,20,GP,,,,,,,,,E,,,,,,,,,,,,,12/8/2026 13:56,,,,770,48185,218,01:35.7,,,
3850,IDJKT,JKT64,MRTU9615198,Ht07,1a,8,1,4,40,HC,,,,,,,,,E,,,,,,,,,,,,,12/8/2026 11:20,,,,770,48185,218,01:35.7,,,
3851,IDJKT,JKT64,MRTU2146247,Ht05,2a,12,4,1,20,GP,,,,,,,,,F,,,,,,,,,,,,,12/8/2026 13:56,,,,770,48185,218,01:35.7,,,
3852,IDJKT,JKT64,MRTU2223683,Ht01,2a,1,3,3,20,GP,,,,,,,,,F,,,,,,,,,,,,,12/8/2026 15:32,,,,770,48185,218,01:35.7,,,
3853,IDJKT,JKT64,MRTU2281680,Ht08,2a,12,2,4,20,GP,,,,,,,,,E,,,,,,,,,,,,,12/8/2026 14:11,,,,770,48185,218,01:35.7,,,
3854,IDJKT,JKT64,MRTU2119703,Ht07,2a,1,3,2,20,GP,,,,,,,,,F,,,,,,,,,,,,,12/8/2026 15:29,,,,770,48185,218,01:35.7,,,
3855,IDJKT,JKT64,WIPU2110046,Ht03,2a,12,4,4,20,GP,,,,,,,,,F,,,,,,,,,,,,,12/8/2026 13:59,,,,770,48185,218,01:35.7,,,
3856,IDJKT,JKT64,MRTU2136167,Ht11,2a,12,2,2,20,GP,,,,,,,,,F,,,,,,,,,,,,,12/8/2026 14:03,,,,770,48185,218,01:35.7,,,
3857,IDJKT,JKT64,MRTU2232875,Ht10,1a,5,2,4,20,GP,,,,,,,,,F,,,,,,,,,,,,,12/8/2026 13:17,,,,770,48185,218,01:35.7,,,
4827,IDJKT,JKT56,WHSU2820371,,1a,6,2,4,20,GP,,,,,,,,,F,,,,,,,,,,,,,27-08-2026 05:11,,,,770,49944,213,15:09.7,,,
3859,IDJKT,JKT64,TXGU4073282,Ht11,2a,4,6,2,40,HC,,,,,,,,,E,,,,,,,,,,,,,12/8/2026 10:09,,,,770,48185,218,01:35.7,,,
3860,IDJKT,JKT64,MRTU9618659,Ht01,2a,4,6,4,40,HC,,,,,,,,,E,,,,,,,,,,,,,12/8/2026 10:10,,,,770,48185,218,01:35.7,,,
3862,IDJKT,JKT64,MRTU2298466,Ht01,2a,12,6,5,20,GP,,,,,,,,,F,,,,,,,,,,,,,12/8/2026 14:15,,,,770,48185,218,01:35.7,,,
3863,IDJKT,JKT64,MRTU2079107,Ht11,2a,1,2,1,20,GP,,,,,,,,,E,,,,,,,,,,,,,12/8/2026 15:05,,,,770,48185,218,01:35.7,,,
3864,IDJKT,JKT64,WIPU2200751,Ht11,2a,12,2,1,20,GP,,,,,,,,,F,,,,,,,,,,,,,12/8/2026 14:02,,,,770,48185,218,01:35.7,,,
3865,IDJKT,JKT64,HPCU4316477,Ht13,2a,14,3,1,40,HC,,,,,,,,,E,,,,,,,,,,,,,12/8/2026 10:16,,,,770,48185,218,01:35.7,,,
3866,IDJKT,JKT64,MRTU9627590,Ht05,2a,4,3,3,40,HC,,,,,,,,,E,,,,,,,,,,,,,12/8/2026 9:43,,,,770,48185,218,01:35.7,,,
3867,IDJKT,JKT64,FCIU7015506,Ht09,2a,4,5,4,40,HC,,,,,,,,,E,,,,,,,,,,,,,12/8/2026 10:11,,,,770,48185,218,01:35.7,,,
3868,IDJKT,JKT64,MRTU9659426,Ht12,2a,14,2,1,40,HC,,,,,,,,,E,,,,,,,,,,,,,12/8/2026 10:13,,,,770,48185,218,01:35.7,,,
3869,IDJKT,JKT64,MRTU2129300,Ht02,1a,10,3,2,20,GP,,,,,,,,,E,,,,,,,,,,,,,12/8/2026 11:52,,,,770,48185,218,01:35.7,,,
3870,IDJKT,JKT64,MRTU9617760,Ht11,1a,8,1,3,40,HC,,,,,,,,,E,,,,,,,,,,,,,12/8/2026 11:19,,,,770,48185,218,01:35.7,,,
3871,IDJKT,JKT64,MRTU2258313,Ht03,1a,10,4,4,20,GP,,,,,,,,,E,,,,,,,,,,,,,12/8/2026 11:44,,,,770,48185,218,01:35.7,,,
3872,IDJKT,JKT64,MRTU2262313,Ht10,1a,5,2,3,20,GP,,,,,,,,,F,,,,,,,,,,,,,12/8/2026 13:16,,,,770,48185,218,01:35.7,,,
3873,IDJKT,JKT64,MRTU2166074,Ht07,2a,11,4,3,20,GP,,,,,,,,,E,,,,,,,,,,,,,12/8/2026 13:50,,,,770,48185,218,01:35.7,,,
3875,IDJKT,JKT64,SKLU2001780,Ht10,2a,11,6,3,20,GP,,,,,,,,,F,,,,,,,,,,,,,12/8/2026 13:43,,,,770,48185,218,01:35.7,,,
3876,IDJKT,JKT64,MRTU9601403,Ht02,1a,8,1,1,40,HC,,,,,,,,,E,,,,,,,,,,,,,12/8/2026 11:17,,,,770,48185,218,01:35.7,,,
3877,IDJKT,JKT64,MRTU9645171,Ht13,1a,8,1,2,40,HC,,,,,,,,,E,,,,,,,,,,,,,12/8/2026 11:18,,,,770,48185,218,01:35.7,,,
3878,IDJKT,JKT64,FCIU6085303,Ht07,2a,11,4,4,20,GP,,,,,,,,,F,,,,,,,,,,,,,12/8/2026 13:53,,,,770,48185,218,01:35.7,,,
3879,IDJKT,JKT64,MRTU2288489,Ht01,2a,12,5,5,20,GP,,,,,,,,,F,,,,,,,,,,,,,12/8/2026 14:15,,,,770,48185,218,01:35.7,,,
3880,IDJKT,JKT64,MRTU2105079,Ht10,2a,11,6,4,20,GP,,,,,,,,,E,,,,,,,,,,,,,12/8/2026 13:47,,,,770,48185,218,01:35.7,,,
3884,IDJKT,JKT64,MRTU2251427,Ht11,2a,1,2,2,20,GP,,,,,,,,,F,,,,,,,,,,,,,12/8/2026 15:08,,,,770,48185,218,01:35.7,,,
3885,IDJKT,JKT64,HPCU4456458,Ht09,3a,20,6,2,40,HC,,,,,,,,,E,,,,,,,,,,,,,12/8/2026 9:44,,,,770,48171,218,01:35.9,,,
3886,IDJKT,JKT64,MRTU2259285,Ht10,3a,13,1,3,20,GP,,,,,,,,,F,,,,,,,,,,,,,12/8/2026 15:15,,,,770,48171,218,01:35.9,,,
3887,IDJKT,JKT64,MRTU2222603,Ht02,3a,3,4,3,20,GP,,,,,,,,,F,,,,,,,,,,,,,12/8/2026 15:25,,,,770,48171,218,01:35.9,,,
3888,IDJKT,JKT64,MRTU2340150,Ht08,3a,3,4,2,20,GP,,,,,,,,,F,,,,,,,,,,,,,12/8/2026 15:24,,,,770,48171,218,01:35.9,,,
3889,IDJKT,JKT64,MRTU2257066,Ht08,3a,3,4,1,20,GP,,,,,,,,,F,,,,,,,,,,,,,12/8/2026 15:24,,,,770,48171,218,01:35.9,,,
3890,IDJKT,JKT64,HPCU4457958,Ht10,3a,20,6,3,40,HC,,,,,,,,,E,,,,,,,,,,,,,12/8/2026 9:55,,,,770,48171,218,01:35.9,,,
3891,IDJKT,JKT64,MRTU2227821,Ht10,3a,13,1,4,40,HC,,,,,,,,,F,,,,,,,,,,,,,12/8/2026 15:18,,,,770,48171,218,01:35.9,,,
3892,IDJKT,JKT64,MRTU2291857,Ht02,3a,3,4,4,20,GP,,,,,,,,,F,,,,,,,,,,,,,12/8/2026 15:27,,,,770,48171,218,01:35.9,,,
3893,IDJKT,JKT64,MRTU9608706,Ht09,3a,20,6,1,40,HC,,,,,,,,,E,,,,,,,,,,,,,12/8/2026 8:54,,,,770,48171,218,01:35.9,,,
3894,IDJKT,JKT64,MRTU2275603,Ht09,3a,3,1,3,20,GP,,,,,,,,,F,,,,,,,,,,,,,12/8/2026 15:45,,,,770,48171,218,01:35.9,,,
3895,IDJKT,JKT64,MRTU2239503,Ht09,3a,3,1,4,20,GP,,,,,,,,,F,,,,,,,,,,,,,12/8/2026 15:46,,,,770,48171,218,01:35.9,,,
3896,IDJKT,JKT74,TXGU8953671,,,,,,20,GP,,,,,,,,,E,,,,,,,,,,,,,12/8/2026 11:39,,,,770,48186,219,01:36.0,,,
3897,IDJKT,JKT74,MRTU2081742,,,,,,40,GP,,,,,,,,,E,,,,,,,,,,,,,12/8/2026 11:54,,,,770,48186,219,01:36.0,,,
3898,IDJKT,JKT74,MRTU2025184,,,,,,20,GP,,,,,,,,,E,,,,,,,,,,,,,12/8/2026 11:54,,,,770,48186,219,01:36.0,,,
3899,IDJKT,JKT74,MRTU9600686,,,,,,20,GP,,,,,,,,,E,,,,,,,,,,,,,12/8/2026 9:38,,,,770,48186,219,01:36.0,,,
4838,IDJKT,JKT64,CSNU2626354,Ht05,,,,,20,GP,,,,,,,,,F,,,,,,,,,,,,,27-08-2026 03:55,,,,770,49943,218,15:09.7,,,
3901,IDJKT,JKT74,MRLU2359182,,,,,,20,GP,,,,,,,,,E,,,,,,,,,,,,,12/8/2026 11:56,,,,770,48186,219,01:36.0,,,
3902,IDJKT,JKT74,MRLU2350797,,,,,,20,GP,,,,,,,,,E,,,,,,,,,,,,,12/8/2026 11:53,,,,770,48186,219,01:36.0,,,
3903,IDJKT,JKT74,MRTU2046079,,,,,,40,GP,,,,,,,,,E,,,,,,,,,,,,,12/8/2026 11:51,,,,770,48186,219,01:36.0,,,
3904,IDJKT,JKT74,TXGU8953671,,,,,,20,GP,,,,,,,,,E,,,,,,,,,,,,,12/8/2026 9:38,,,,770,48186,219,01:36.0,,,
3905,IDJKT,JKT74,MRTU2025184,,,,,,20,GP,,,,,,,,,E,,,,,,,,,,,,,12/8/2026 11:57,,,,770,48186,219,01:36.0,,,
3906,IDJKT,JKT74,TXGU8464048,,,,,,20,GP,,,,,,,,,E,,,,,,,,,,,,,12/8/2026 9:39,,,,770,48186,219,01:36.0,,,
3908,IDJKT,JKT74,MRLU2359182,,,,,,20,GP,,,,,,,,,E,,,,,,,,,,,,,12/8/2026 11:50,,,,770,48186,219,01:36.0,,,
3909,IDJKT,JKT74,MRLU2358273,,,,,,20,GP,,,,,,,,,E,,,,,,,,,,,,,12/8/2026 11:52,,,,770,48186,219,01:36.0,,,
3910,IDJKT,JKT74,MRTU2046079,,,,,,20,GP,,,,,,,,,E,,,,,,,,,,,,,12/8/2026 11:56,,,,770,48186,219,01:36.0,,,
3911,IDJKT,JKT74,MRLU2358653,,,,,,20,GP,,,,,,,,,E,,,,,,,,,,,,,12/8/2026 11:51,,,,770,48186,219,01:36.0,,,
6193,IDJKT,JKT74,MRTU9669126,,,,,,40,HC,,,,,,,,,E,,,,,,,,,,,,,29-08-2026 11:42,,,,770,50251,Cy219,59:26.1,,,
3913,IDJKT,JKT74,MRTU2002194,,,,,,40,GP,,,,,,,,,E,,,,,,,,,,,,,12/8/2026 11:53,,,,770,48186,219,01:36.0,,,
3914,IDJKT,JKT74,MRLU5213632,,,,,,20,GP,,,,,,,,,E,,,,,,,,,,,,,12/8/2026 9:38,,,,770,48186,219,01:36.0,,,
3915,IDJKT,JKT74,MRTU2097498,,,,,,20,GP,,,,,,,,,E,,,,,,,,,,,,,12/8/2026 22:41,,,,770,48219,219,01:36.1,,,
3916,IDJKT,JKT74,MRTU2111338,,,,,,20,GP,,,,,,,,,E,,,,,,,,,,,,,12/8/2026 23:18,,,,770,48219,219,01:36.1,,,
3917,IDJKT,JKT74,MRTU2133450,,,,,,20,GP,,,,,,,,,E,,,,,,,,,,,,,12/8/2026 23:27,,,,770,48219,219,01:36.1,,,
6194,IDJKT,JKT74,MRTU9622556,,,,,,40,HC,,,,,,,,,E,,,,,,,,,,,,,29-08-2026 11:40,,,,770,50251,Cy219,59:26.1,,,
3919,IDJKT,JKT74,MRLU2333362,,,,,,20,GP,,,,,,,,,E,,,,,,,,,,,,,12/8/2026 23:25,,,,770,48219,219,01:36.1,,,
6195,IDJKT,JKT74,GESU6189365,,,,,,40,HC,,,,,,,,,E,,,,,,,,,,,,,29-08-2026 11:42,,,,770,50251,Cy219,59:26.1,,,
4839,IDJKT,JKT64,TCLU3861382,,,,,,20,GP,,,,,,,,,F,,,,,,,,,,,,,27-08-2026 02:27,,,,770,49945,218,15:09.9,,,
3924,IDJKT,JKT74,HPCU2226862,,,,,,20,GP,,,,,,,,,E,,,,,,,,,,,,,12/8/2026 23:18,,,,770,48219,219,01:36.1,,,
4841,IDJKT,JKT64,FTAU1761513,,,,,,20,GP,,,,,,,,,F,,,,,,,,,,,,,27-08-2026 01:51,,,,770,49945,218,15:09.9,,,
3926,IDJKT,JKT74,MRTU2074851,,,,,,20,GP,,,,,,,,,E,,,,,,,,,,,,,12/8/2026 23:13,,,,770,48219,219,01:36.1,,,
4842,IDJKT,JKT64,ONEU2368929,,,,,,20,GP,,,,,,,,,F,,,,,,,,,,,,,27-08-2026 02:27,,,,770,49945,218,15:09.9,,,
3928,IDJKT,JKT74,MRTU2066769,,,,,,20,GP,,,,,,,,,E,,,,,,,,,,,,,12/8/2026 22:46,,,,770,48219,219,01:36.1,,,
3929,IDJKT,JKT74,MRTU2078081,,,,,,20,GP,,,,,,,,,E,,,,,,,,,,,,,12/8/2026 23:19,,,,770,48219,219,01:36.1,,,
3931,IDJKT,JKT74,MRTU2076670,,,,,,20,GP,,,,,,,,,E,,,,,,,,,,,,,12/8/2026 23:25,,,,770,48219,219,01:36.1,,,
3933,IDJKT,JKT74,SPNU3054588,,,,,,20,GP,,,,,,,,,E,,,,,,,,,,,,,14-08-2026 08:12,,,,770,48481,219,05:06.0,,,
4845,IDJKT,JKT64,CSNU2611436,,,,,,20,GP,,,,,,,,,F,,,,,,,,,,,,,27-08-2026 01:51,,,,770,49945,218,15:09.9,,,
3935,IDJKT,JKT74,SPNU3076340,,,,,,20,GP,,,,,,,,,E,,,,,,,,,,,,,14-08-2026 08:13,,,,770,48481,219,05:06.0,,,
3936,IDJKT,JKT74,SPNU3065812,,,,,,20,GP,,,,,,,,,E,,,,,,,,,,,,,14-08-2026 08:11,,,,770,48481,219,05:06.0,,,
3937,IDJKT,JKT64,SPNU2972275,Ht26,3a,38,4,2,20,GP,,,,,,,,,F,,,,,,,,,,,,,14-08-2026 16:52,,,,770,48516,218,05:06.5,,,
3938,IDJKT,JKT64,SPNU3062011,Ht26,3a,38,4,1,20,GP,,,,,,,,,F,,,,,,,,,,,,,14-08-2026 16:51,,,,770,48516,218,05:06.5,,,
3939,IDJKT,JKT64,TIIU6814441,Ht01,3a,30,2,3,40,HC,,,,,,,,,F,,,,,,,,,,,,,14-08-2026 20:00,,,,770,48516,218,05:06.5,,,
3940,IDJKT,JKT64,SPNU3219266,Ht06,3a,38,3,2,20,GP,,,,,,,,,F,,,,,,,,,,,,,14-08-2026 16:41,,,,770,48516,218,05:06.5,,,
3941,IDJKT,JKT64,SPNU2721583,Ht06,3a,38,3,1,20,GP,,,,,,,,,F,,,,,,,,,,,,,14-08-2026 16:40,,,,770,48516,218,05:06.5,,,
3942,IDJKT,JKT64,MRTU9655009,Ht18,3a,30,2,1,40,HC,,,,,,,,,F,,,,,,,,,,,,,14-08-2026 19:58,,,,770,48516,218,05:06.5,,,
3943,IDJKT,JKT64,SPNU2928797,Ht10,3a,38,2,1,20,GP,,,,,,,,,F,,,,,,,,,,,,,14-08-2026 16:43,,,,770,48516,218,05:06.5,,,
3944,IDJKT,JKT64,SPNU3039140,Ht09,3a,38,3,4,20,GP,,,,,,,,,F,,,,,,,,,,,,,14-08-2026 17:29,,,,770,48516,218,05:06.5,,,
3945,IDJKT,JKT64,SPNU3234110,Ht10,3a,38,2,2,20,GP,,,,,,,,,F,,,,,,,,,,,,,14-08-2026 16:44,,,,770,48516,218,05:06.5,,,
3946,IDJKT,JKT64,MRTU9654039,Ht07,3a,30,2,2,40,HC,,,,,,,,,F,,,,,,,,,,,,,14-08-2026 19:59,,,,770,48516,218,05:06.5,,,
3947,IDJKT,JKT64,SPNU3224853,Ht09,3a,38,3,3,20,GP,,,,,,,,,F,,,,,,,,,,,,,14-08-2026 17:28,,,,770,48516,218,05:06.5,,,
3948,IDJKT,JKT64,MRTU2228833,H10,2A1,1,4,2,20,GP,,,,,,,,,F,,,,,,,,,,,,,14-08-2026 20:19,,,,770,48538,218,05:06.7,,,
3949,IDJKT,JKT64,KAGU3330733,H14,2A,1,6,4,20,RF,,,,,,,,,E,,,,,,,,,,,,,14-08-2026 20:20,,,,770,48538,218,05:06.7,,,
3950,IDJKT,JKT64,MRTU2026642,H06,1A,6,4,3,20,GP,,,,,,,,,F,,,,,,,,,,,,,14-08-2026 21:48,,,,770,48538,218,05:06.7,,,
3951,IDJKT,JKT64,MRTU2230086,H06,1A,6,4,4,20,GP,,,,,,,,,F,,,,,,,,,,,,,14-08-2026 21:49,,,,770,48538,218,05:06.7,,,
3952,IDJKT,JKT64,MRTU9658230,H20,1A,1,5,4,40,HC,,,,,,,,,E,,,,,,,,,,,,,14-08-2026 22:38,,,,770,48538,218,05:06.7,,,
3953,IDJKT,JKT64,MRTU2287836,H07,2A,7,4,2,20,GP,,,,,,,,,F,,,,,,,,,,,,,14-08-2026 23:35,,,,770,48538,218,05:06.7,,,
3954,IDJKT,JKT64,DFSU3192240,H03,1A,5,1,4,20,GP,,,,,,,,,F,,,,,,,,,,,,,14-08-2026 21:41,,,,770,48538,218,05:06.7,,,
3955,IDJKT,JKT64,DFSU3192261,H06,2A,7,4,4,20,GP,,,,,,,,,F,,,,,,,,,,,,,14-08-2026 23:37,,,,770,48538,218,05:06.7,,,
3956,IDJKT,JKT64,MRTU2268034,H08,5,1,2,,20,GP,,,,,,,,,F,,,,,,,,,,,,,14-08-2026 21:38,,,,770,48538,218,05:06.7,,,
3957,IDJKT,JKT64,MRTU9672238,H03,1A,1,3,3,40,HC,,,,,,,,,F,,,,,,,,,,,,,14-08-2026 22:37,,,,770,48538,218,05:06.7,,,
3958,IDJKT,JKT64,TRHU8094598,H14,1A,1,5,3,40,HC,,,,,,,,,E,,,,,,,,,,,,,14-08-2026 22:26,,,,770,48538,218,05:06.7,,,
3959,IDJKT,JKT64,MRTU2297238,H12,1A,9,4,4,20,GP,,,,,,,,,F,,,,,,,,,,,,,14-08-2026 20:32,,,,770,48538,218,05:06.7,,,
3960,IDJKT,JKT64,MRTU9620640,H10,2A,14,2,3,40,HC,,,,,,,,,F,,,,,,,,,,,,,14-08-2026 20:48,,,,770,48538,218,05:06.7,,,
3961,IDJKT,JKT64,HPCU4316380,H15,2A,14,2,1,40,HC,,,,,,,,,F,,,,,,,,,,,,,14-08-2026 20:46,,,,770,48538,218,05:06.7,,,
3962,IDJKT,JKT64,TXGU8926418,H12,1A,1,5,2,40,HC,,,,,,,,,E,,,,,,,,,,,,,14-08-2026 22:25,,,,770,48538,218,05:06.7,,,
3963,IDJKT,JKT64,MRTU2163603,H07,2A,7,4,1,20,GP,,,,,,,,,F,,,,,,,,,,,,,14-08-2026 23:34,,,,770,48538,218,05:06.7,,,
3964,IDJKT,JKT64,YMLU5278024,Hq7,2A,1,2,4,20,RF,,,,,,,,,E,,,,,,,,,,,,,14-08-2026 20:14,,,,770,48538,218,05:06.7,,,
3965,IDJKT,JKT64,MRTU2141121,H03,1A,5,1,3,20,GP,,,,,,,,,F,,,,,,,,,,,,,14-08-2026 21:40,,,,770,48538,218,05:06.7,,,
3966,IDJKT,JKT64,MRTU9666955,H16,1A,12,1,1,40,HC,,,,,,,,,F,,,,,,,,,,,,,14-08-2026 20:14,,,,770,48538,218,05:06.7,,,
3967,IDJKT,JKT64,RLTU2099154,H13,1A,6,5,3,20,TN,,,,,,,,,E,,,,,,,,,,,,,14-08-2026 21:57,,,,770,48538,218,05:06.7,,,
3968,IDJKT,JKT64,RPTU2025966,H14,2A,1,3,4,20,GP,,,,,,,,,E,,,,,,,,,,,,,14-08-2026 20:21,,,,770,48538,218,05:06.7,,,
3969,IDJKT,JKT64,MRTU9629545,H16,12,12,1,2,40,HC,,,,,,,,,F,,,,,,,,,,,,,14-08-2026 20:39,,,,770,48538,218,05:06.7,,,
3970,IDJKT,JKT64,MRTU2136721,H10,2A,1,4,3,20,GP,,,,,,,,,F,,,,,,,,,,,,,14-08-2026 20:20,,,,770,48538,218,05:06.7,,,
3972,IDJKT,JKT64,TXGU8461075,1A,1A,2,3,2,40,HC,,,,,,,,,F,,,,,,,,,,,,,14-08-2026 22:39,,,,770,48538,218,05:06.7,,,
3974,IDJKT,JKT64,CAAU4945529,H09,,,,,40,HC,,,,,,,,,F,,,,,,,,,,,,,14-08-2026 22:41,,,,770,48538,218,05:06.7,,,
3975,IDJKT,JKT64,MRTU2236612,H12,1A,9,4,3,20,GP,,,,,,,,,F,,,,,,,,,,,,,14-08-2026 20:32,,,,770,48538,218,05:06.7,,,
3976,IDJKT,JKT64,MRTU2147855,H04,1A,6,2,4,20,GP,,,,,,,,,F,,,,,,,,,,,,,14-08-2026 21:44,,,,770,48538,218,05:06.7,,,
3977,IDJKT,JKT64,MRTU2187246,H04,1A,6,2,3,20,GP,,,,,,,,,F,,,,,,,,,,,,,14-08-2026 21:44,,,,770,48538,218,05:06.7,,,
3978,IDJKT,JKT64,MRTU2229594,Hq0,1A,6,4,1,20,GP,,,,,,,,,F,,,,,,,,,,,,,14-08-2026 21:47,,,,770,48538,218,05:06.7,,,
3979,IDJKT,JKT64,TXGU4074247,H18,1A,1,5,1,40,HC,,,,,,,,,E,,,,,,,,,,,,,14-08-2026 22:16,,,,770,48538,218,05:06.7,,,
3980,IDJKT,JKT64,MRTU2246164,H08,1A,5,1,1,20,GP,,,,,,,,,F,,,,,,,,,,,,,14-08-2026 21:36,,,,770,48538,218,05:06.7,,,
3981,IDJKT,JKT64,MRTU2294579,H06,2A,7,4,3,20,GP,,,,,,,,,F,,,,,,,,,,,,,14-08-2026 23:36,,,,770,48538,218,05:06.7,,,
3982,IDJKT,JKT64,RFCU8227526,H13,1A,6,5,4,20,TN,,,,,,,,,E,,,,,,,,,,,,,14-08-2026 21:58,,,,770,48538,218,05:06.7,,,
3983,IDJKT,JKT64,FCIU7022172,H18,1A,12,1,3,40,HC,,,,,,,,,F,,,,,,,,,,,,,14-08-2026 20:40,,,,770,48538,218,05:06.7,,,
3984,IDJKT,JKT64,MRTU2236680,H19,1A,6,2,2,20,GP,,,,,,,,,F,,,,,,,,,,,,,14-08-2026 21:43,,,,770,48538,218,05:06.7,,,
3985,IDJKT,JKT64,RPTU2380045,H08,2A,14,3,R,40,HC,,,,,,,,,E,,,,,,,,,,,,,14-08-2026 20:46,,,,770,48538,218,05:06.7,,,
3986,IDJKT,JKT64,MRTU9669785,H10,1A,2,3,3,40,HC,,,,,,,,,F,,,,,,,,,,,,,14-08-2026 22:40,,,,770,48538,218,05:06.7,,,
3987,IDJKT,JKT64,TXGU8488190,H19,2A,14,2,2,40,HC,,,,,,,,,F,,,,,,,,,,,,,14-08-2026 20:47,,,,770,48538,218,05:06.7,,,
3988,IDJKT,JKT64,HPCU2217177,H19,1A,6,2,1,20,GP,,,,,,,,,F,,,,,,,,,,,,,14-08-2026 21:42,,,,770,48538,218,05:06.7,,,
3989,IDJKT,JKT64,MRLU2381777,Ht09,3A,2,3,2,20,GP,,,,,,,,,E,,,,,,,,,,,,,14-08-2026 23:07,,,,770,48528,218m,05:06.8,,,
3990,IDJKT,JKT64,MRTU2296015,Ht05,3A,2,2,3,20,GP,,,,,,,,,F,Ada,,,,,,,,,,,,14-08-2026 23:16,,,,770,48528,218m,05:06.8,,,
3991,IDJKT,JKT64,MCCU1117790,Ht02,3a,16,3,3,20,GP,,,,,,,,,F,Ada,,,,,,,,,,,,14-08-2026 21:19,,,,770,48528,218m,05:06.8,,,
3992,IDJKT,JKT64,MRTU9608795,Ht18,3a,12,2,2,40,HC,,,,,,,,,E,,,,,,,,,,,,,14-08-2026 22:42,,,,770,48528,218m,05:06.8,,,
3993,IDJKT,JKT64,HPCU2217182,Ht02,3a,13,1,1,20,GP,,,,,,,,,F,Ada,,,,,,,,,,,,14-08-2026 22:39,,,,770,48528,218m,05:06.8,,,
3994,IDJKT,JKT64,TLLU5222619,Ht23,3A,12,3,3x,40,HC,,,,,,,,,F,Ada,,,,,,,,,,,,14-08-2026 22:59,,,,770,48528,218m,05:06.8,,,
3995,IDJKT,JKT64,MRTU2221844,Ht15,3a,16,2,1,20,GP,,,,,,,,,F,Ada,,,,,,,,,,,,14-08-2026 22:21,,,,770,48528,218m,05:06.8,,,
3996,IDJKT,JKT64,HPCU2230097,Ht05,3A,2,2,4,20,GP,,,,,,,,,F,Ada,,,,,,,,,,,,14-08-2026 23:16,,,,770,48528,218m,05:06.8,,,
3997,IDJKT,JKT64,CAIU8853681,Ht12,3a,12,2,3,40,HC,,,,,,,,,E,,,,,,,,,,,,,14-08-2026 22:46,,,,770,48528,218m,05:06.8,,,
3998,IDJKT,JKT64,MRTU9647662,Ht21,3A,12,3,2,40,HC,,,,,,,,,F,Ada,,,,,,,,,,,,14-08-2026 22:58,,,,770,48528,218m,05:06.8,,,
3999,IDJKT,JKT64,MRTU2280934,Ht01,3A,2,2,1,20,GP,,,,,,,,,F,Ada,,,,,,,,,,,,14-08-2026 23:14,,,,770,48528,218m,05:06.8,,,
4000,IDJKT,JKT64,MRLU2373642,Ht09,3a,2,3,1,20,GP,,,,,,,,,E,,,,,,,,,,,,,14-08-2026 23:06,,,,770,48528,218m,05:06.8,,,
4001,IDJKT,JKT64,MCCU1108103,Ht02,3A,16,3,4,20,GP,,,,,,,,,F,Ada,,,,,,,,,,,,14-08-2026 21:20,,,,770,48528,218m,05:06.8,,,
4002,IDJKT,JKT64,HPCU4317128,Ht17,3A,12,2,4,40,HC,,,,,,,,,E,,,,,,,,,,,,,14-08-2026 22:47,,,,770,48528,218m,05:06.8,,,
4003,IDJKT,JKT64,MRTU2266290,Ht03,3A,7,3,2,20,GP,,,,,,,,,F,Ada,,,,,,,,,,,,14-08-2026 21:07,,,,770,48528,218m,05:06.8,,,
4004,IDJKT,JKT64,MRTU2326207,Ht01,3A,2,2,2,20,GP,,,,,,,,,F,Ada,,,,,,,,,,,,14-08-2026 23:15,,,,770,48528,218m,05:06.8,,,
4005,IDJKT,JKT64,MRTU9666641,Ht13,3A,12,1,2,40,HC,,,,,,,,,E,,,,,,,,,,,,,14-08-2026 23:00,,,,770,48528,218m,05:06.8,,,
4006,IDJKT,JKT64,SEKU1599854,Ht15,3A,16,2,2,20,GP,,,,,,,,,F,Ada,,,,,,,,,,,,14-08-2026 22:27,,,,770,48528,218m,05:06.8,,,
4007,IDJKT,JKT64,MRTU2174803,Ht22,3A,2,3,4,20,GP,,,,,,,,,F,Ada,,,,,,,,,,,,14-08-2026 23:12,,,,770,48528,218m,05:06.8,,,
4008,IDJKT,JKT64,MRTU2132177,Ht22,3A,2,3,3,20,GP,,,,,,,,,E,,,,,,,,,,,,,14-08-2026 23:11,,,,770,48528,218m,05:06.8,,,
4009,IDJKT,JKT64,HPCU2227200,Ht11,3a,16,2,3,20,GP,,,,,,,,,F,Ada,,,,,,,,,,,,14-08-2026 22:30,,,,770,48528,218m,05:06.8,,,
4010,IDJKT,JKT64,MRTU2313473,Ht03,3a,7,3,1,20,GP,,,,,,,,,F,Ada,,,,,,,,,,,,14-08-2026 21:06,,,,770,48528,218m,05:06.8,,,
3973,IDJKT,JKT64,MRTU2316723,H10,,,,,20,GP,,,,,,,,,F,,,,,,,,,,,,,14-08-2026 21:48,,,,770,48538,218,05:06.7,,,
4011,IDJKT,JKT64,FCIU7015907,Ht20,3a,12,2,1,40,HC,,,,,,,,,E,,,,,,,,,,,,,14-08-2026 22:42,,,,770,48528,218m,05:06.8,,,
4012,IDJKT,JKT64,MRTU2351792,Ht02,3A,13,1,2,20,GP,,,,,,,,,F,Ada,,,,,,,,,,,,14-08-2026 22:40,,,,770,48528,218m,05:06.8,,,
4013,IDJKT,JKT64,MRTU2177042,Ht13,3a,16,3,2,20,GP,,,,,,,,,F,Ada,,,,,,,,,,,,14-08-2026 21:15,,,,770,48528,218m,05:06.8,,,
4014,IDJKT,JKT64,SEGU4799872,Ht14,3A,12,3,1,40,HC,,,,,,,,,F,Ada,,,,,,,,,,,,14-08-2026 22:56,,,,770,48528,218m,05:06.8,,,
4015,IDJKT,JKT64,HPCU2231299,Ht13,3A,16,3,1,20,GP,,,,,,,,,F,Ada,,,,,,,,,,,,14-08-2026 21:14,,,,770,48528,218m,05:06.8,,,
4016,IDJKT,JKT64,MRTU2298912,Ht11,3A,16,2,4,20,GP,,,,,,,,,F,Ada,,,,,,,,,,,,14-08-2026 22:30,,,,770,48528,218m,05:06.8,,,
4017,IDJKT,JKT64,CAJU5078706,Ht23,3A,12,1,1,40,HC,,,,,,,,,E,,,,,,,,,,,,,14-08-2026 22:49,,,,770,48528,218m,05:06.8,,,
4018,IDJKT,JKT64,MRTU2183430,6,1b,,,,20,GP,,,,,,,,,F,,,,,,,,,,,,,14-08-2026 21:57,,,,770,48533,218,05:06.9,,,
4019,IDJKT,JKT64,FCIU6088555,6,1b,,,,20,GP,,,,,,,,,F,,,,,,,,,,,,,14-08-2026 21:28,,,,770,48533,218,05:06.9,,,
4020,IDJKT,JKT64,MRTU2254447,6,1b,,,,20,GP,,,,,,,,,F,,,,,,,,,,,,,14-08-2026 21:24,,,,770,48533,218,05:06.9,,,
4021,IDJKT,JKT64,MRTU2254560,6,1b,,,,20,GP,,,,,,,,,F,,,,,,,,,,,,,14-08-2026 20:22,,,,770,48533,218,05:06.9,,,
4022,IDJKT,JKT64,MRTU2305185,6,1b,,,,20,GP,,,,,,,,,F,,,,,,,,,,,,,14-08-2026 20:35,,,,770,48533,218,05:06.9,,,
4023,IDJKT,JKT64,MRTU2294603,6,1b,,,,20,GP,,,,,,,,,F,,,,,,,,,,,,,14-08-2026 20:35,,,,770,48533,218,05:06.9,,,
4024,IDJKT,JKT64,MRTU2349970,6,1b,,,,40,GP,,,,,,,,,F,,,,,,,,,,,,,14-08-2026 21:58,,,,770,48533,218,05:06.9,,,
4025,IDJKT,JKT64,MRTU2244881,6,1b,,,,20,GP,,,,,,,,,F,,,,,,,,,,,,,14-08-2026 21:57,,,,770,48533,218,05:06.9,,,
4026,IDJKT,JKT64,MRTU2337900,6,1b,,,,20,GP,,,,,,,,,F,,,,,,,,,,,,,14-08-2026 20:50,,,,770,48533,218,05:06.9,,,
4027,IDJKT,JKT64,MRTU2291332,6,1b,,,,20,GP,,,,,,,,,F,,,,,,,,,,,,,14-08-2026 22:16,,,,770,48533,218,05:06.9,,,
4028,IDJKT,JKT64,MRLU2374850,6,1b,,,,20,GP,,,,,,,,,E,,,,,,,,,,,,,14-08-2026 23:40,,,,770,48533,218,05:06.9,,,
4029,IDJKT,JKT64,MRTU2282177,6,1b,,,,20,GP,,,,,,,,,F,,,,,,,,,,,,,14-08-2026 22:16,,,,770,48533,218,05:06.9,,,
4030,IDJKT,JKT64,MRTU2316600,7,1b,,,,20,GP,,,,,,,,,F,,,,,,,,,,,,,14-08-2026 21:28,,,,770,48533,218,05:06.9,,,
4031,IDJKT,JKT64,MRTU2303897,5,1b,,,,20,GP,,,,,,,,,F,,,,,,,,,,,,,14-08-2026 21:15,,,,770,48533,218,05:06.9,,,
4032,IDJKT,JKT64,MRTU2238847,6,1b,,,,20,GP,,,,,,,,,F,,,,,,,,,,,,,14-08-2026 20:38,,,,770,48533,218,05:06.9,,,
4033,IDJKT,JKT64,MRTU2137353,7,1b,,,,20,GP,,,,,,,,,F,,,,,,,,,,,,,14-08-2026 20:58,,,,770,48533,218,05:06.9,,,
4034,IDJKT,JKT64,HPCU2223565,6,1b,,,,20,GP,,,,,,,,,F,,,,,,,,,,,,,14-08-2026 21:18,,,,770,48533,218,05:06.9,,,
4035,IDJKT,JKT64,KAGU3332572,6,1b,,,,20,RF,,,,,,,,,E,,,,,,,,,,,,,14-08-2026 20:17,,,,770,48533,218,05:06.9,,,
4036,IDJKT,JKT64,SEKU1694553,7,1b,,,,20,GP,,,,,,,,,F,,,,,,,,,,,,,14-08-2026 21:08,,,,770,48533,218,05:06.9,,,
4037,IDJKT,JKT64,HKSU6958939,7,1b,,,,20,GP,,,,,,,,,E,,,,,,,,,,,,,14-08-2026 20:17,,,,770,48533,218,05:06.9,,,
4038,IDJKT,JKT64,MRTU2265586,6,1b,,,,20,GP,,,,,,,,,F,,,,,,,,,,,,,14-08-2026 20:50,,,,770,48533,218,05:06.9,,,
4039,IDJKT,JKT64,MRTU2338764,6,1b,,,,20,GP,,,,,,,,,F,,,,,,,,,,,,,14-08-2026 21:00,,,,770,48533,218,05:06.9,,,
4040,IDJKT,JKT64,MRTU2160076,5,1b,,,,20,GP,,,,,,,,,F,,,,,,,,,,,,,14-08-2026 23:04,,,,770,48533,218,05:06.9,,,
4041,IDJKT,JKT64,MRTU2208610,6,1b,,,,20,GP,,,,,,,,,F,,,,,,,,,,,,,14-08-2026 20:57,,,,770,48533,218,05:06.9,,,
4042,IDJKT,JKT64,KAGU3330564,7,1b,,,,20,RF,,,,,,,,,E,,,,,,,,,,,,,14-08-2026 20:16,,,,770,48533,218,05:06.9,,,
4043,IDJKT,JKT64,MRTU2293628,6,1b,,,,20,GP,,,,,,,,,F,,,,,,,,,,,,,14-08-2026 21:32,,,,770,48533,218,05:06.9,,,
4044,IDJKT,JKT64,HPCU2223800,6,1b,,,,20,GP,,,,,,,,,E,,,,,,,,,,,,,14-08-2026 23:19,,,,770,48533,218,05:06.9,,,
4045,IDJKT,JKT64,MRTU2165144,6,1b,,,,20,GP,,,,,,,,,F,,,,,,,,,,,,,14-08-2026 20:36,,,,770,48533,218,05:06.9,,,
4046,IDJKT,JKT64,MRTU2163347,6,1b,,,,20,GP,,,,,,,,,F,,,,,,,,,,,,,14-08-2026 21:15,,,,770,48533,218,05:06.9,,,
4047,IDJKT,JKT64,ONEU1603854,6,1b,,,,40,HC,,,,,,,,,F,,,,,,,,,,,,,14-08-2026 22:39,,,,770,48533,218,05:06.9,,,
4048,IDJKT,JKT64,SEGU3956679,6,1b,,,,20,GP,,,,,,,,,F,,,,,,,,,,,,,14-08-2026 21:58,,,,770,48533,218,05:06.9,,,
4049,IDJKT,JKT64,CRLU3605871,6,1b,,,,20,RF,,,,,,,,,E,,,,,,,,,,,,,14-08-2026 20:16,,,,770,48533,218,05:06.9,,,
4050,IDJKT,JKT64,ONEU1891447,6,1b,,,,40,HC,,,,,,,,,F,,,,,,,,,,,,,14-08-2026 22:47,,,,770,48533,218,05:06.9,,,
4051,IDJKT,JKT64,MRTU2326845,6,1b,,,,20,GP,,,,,,,,,F,,,,,,,,,,,,,14-08-2026 20:39,,,,770,48533,218,05:06.9,,,
4052,IDJKT,JKT64,MRTU2293850,6,1b,,,,20,GP,,,,,,,,,F,,,,,,,,,,,,,14-08-2026 21:08,,,,770,48533,218,05:06.9,,,
4053,IDJKT,JKT64,MRTU2237440,6,1b,,,,20,GP,,,,,,,,,F,,,,,,,,,,,,,14-08-2026 21:20,,,,770,48533,218,05:06.9,,,
4054,IDJKT,JKT64,MRTU9628322,6,1b,,,,40,HC,,,,,,,,,F,,,,,,,,,,,,,14-08-2026 22:43,,,,770,48533,218,05:06.9,,,
4055,IDJKT,JKT64,MRTU2292196,6,1b,,,,20,GP,,,,,,,,,F,,,,,,,,,,,,,14-08-2026 23:03,,,,770,48533,218,05:06.9,,,
4056,IDJKT,JKT64,MRTU2293525,7,1b,,,,20,GP,,,,,,,,,F,,,,,,,,,,,,,14-08-2026 21:24,,,,770,48533,218,05:06.9,,,
4057,IDJKT,JKT64,MRTU2243078,6,1b,,,,20,GP,,,,,,,,,F,,,,,,,,,,,,,14-08-2026 21:00,,,,770,48533,218,05:06.9,,,
4058,IDJKT,JKT64,FCIU6086505,6,1b,,,,20,GP,,,,,,,,,F,,,,,,,,,,,,,14-08-2026 20:36,,,,770,48533,218,05:06.9,,,
4059,IDJKT,JKT64,MRTU2148759,6,1b,,,,20,GP,,,,,,,,,F,,,,,,,,,,,,,14-08-2026 20:24,,,,770,48533,218,05:06.9,,,
4060,IDJKT,JKT64,MRTU2246570,7,1b,,,,20,GP,,,,,,,,,F,,,,,,,,,,,,,14-08-2026 20:05,,,,770,48533,218,05:06.9,,,
4061,IDJKT,JKT64,MRTU2301488,7,1b,,,,20,GP,,,,,,,,,F,,,,,,,,,,,,,14-08-2026 20:05,,,,770,48533,218,05:06.9,,,
4062,IDJKT,JKT64,FFAU1058653,,,,,,40,HC,,,,,,,,,F,,,,,,,,,,,,,14-08-2026 22:48,,,,770,48533,218,05:06.9,,,
4063,IDJKT,JKT64,MRTU2282686,6,1b,,,,20,GP,,,,,,,,,F,,,,,,,,,,,,,14-08-2026 21:33,,,,770,48533,218,05:06.9,,,
4064,IDJKT,JKT64,MRTU2058763,5,1b,,,,20,GP,,,,,,,,,E,,,,,,,,,,,,,14-08-2026 23:40,,,,770,48533,218,05:06.9,,,
4065,IDJKT,JKT64,MRTU2331815,6,1b,,,,,GP,,,,,,,,,E,,,,,,,,,,,,,14-08-2026 23:19,,,,770,48533,218,05:06.9,,,
4066,IDJKT,JKT74,MRTU2053421,,,,,,20,GP,,,,,,,,,E,,,,,,,,,,,,,14-08-2026 23:12,,,,770,48541,Cy219,05:07.1,,,
4067,IDJKT,JKT74,MRLU2362740,,,,,,20,GP,,,,,,,,,E,,,,,,,,,,,,,14-08-2026 23:04,,,,770,48541,Cy219,05:07.1,,,
4068,IDJKT,JKT74,MRTU2027675,,,,,,20,GP,,,,,,,,,E,,,,,,,,,,,,,14-08-2026 23:58,,,,770,48541,Cy219,05:07.1,,,
4069,IDJKT,JKT74,GESU2592372,,,,,,20,GP,,,,,,,,,E,,,,,,,,,,,,,14-08-2026 23:52,,,,770,48541,Cy219,05:07.1,,,
4070,IDJKT,JKT74,MRLU2382773,,,,,,20,GP,,,,,,,,,E,,,,,,,,,,,,,14-08-2026 23:36,,,,770,48541,Cy219,05:07.1,,,
4071,IDJKT,JKT74,MRLU2386130,,,,,,20,GP,,,,,,,,,E,,,,,,,,,,,,,15-08-2026 00:16,,,,770,48541,Cy219,05:07.1,,,
4072,IDJKT,JKT74,MRTU2052847,,,,,,20,GP,,,,,,,,,E,,,,,,,,,,,,,15-08-2026 00:13,,,,770,48541,Cy219,05:07.1,,,
4073,IDJKT,JKT74,MRTU2003396,,,,,,20,GP,,,,,,,,,E,,,,,,,,,,,,,14-08-2026 22:56,,,,770,48541,Cy219,05:07.1,,,
4074,IDJKT,JKT74,MRLU2384945,,,,,,20,GP,,,,,,,,,E,,,,,,,,,,,,,15-08-2026 00:01,,,,770,48541,Cy219,05:07.1,,,
4075,IDJKT,JKT74,MRTU2149380,,,,,,20,GP,,,,,,,,,E,,,,,,,,,,,,,14-08-2026 23:45,,,,770,48541,Cy219,05:07.1,,,
4076,IDJKT,JKT74,MRTU2054557,,,,,,20,GP,,,,,,,,,E,,,,,,,,,,,,,14-08-2026 23:53,,,,770,48541,Cy219,05:07.1,,,
4077,IDJKT,JKT74,MRLU2387224,,,,,,20,GP,,,,,,,,,E,,,,,,,,,,,,,14-08-2026 22:38,,,,770,48541,Cy219,05:07.1,,,
4078,IDJKT,JKT74,FCIU6087728,,,,,,20,GP,,,,,,,,,E,,,,,,,,,,,,,15-08-2026 00:17,,,,770,48541,Cy219,05:07.1,,,
4079,IDJKT,JKT74,MRTU2068503,,,,,,20,GP,,,,,,,,,E,,,,,,,,,,,,,14-08-2026 23:54,,,,770,48541,Cy219,05:07.1,,,
4080,IDJKT,JKT74,MRLU2339606,,,,,,20,GP,,,,,,,,,E,,,,,,,,,,,,,14-08-2026 23:13,,,,770,48541,Cy219,05:07.1,,,
4081,IDJKT,JKT74,MRTU2023793,,,,,,20,GP,,,,,,,,,E,,,,,,,,,,,,,14-08-2026 23:56,,,,770,48541,Cy219,05:07.1,,,
4082,IDJKT,JKT74,MRTU2098827,,,,,,20,GP,,,,,,,,,E,,,,,,,,,,,,,15-08-2026 00:19,,,,770,48541,Cy219,05:07.1,,,
4083,IDJKT,JKT74,MRTU2180811,,,,,,20,GP,,,,,,,,,E,,,,,,,,,,,,,15-08-2026 00:12,,,,770,48541,Cy219,05:07.1,,,
4084,IDJKT,JKT74,MRTU2023582,,,,,,20,GP,,,,,,,,,E,,,,,,,,,,,,,14-08-2026 23:37,,,,770,48541,Cy219,05:07.1,,,
4085,IDJKT,JKT74,MRTU2114825,,,,,,20,GP,,,,,,,,,E,,,,,,,,,,,,,15-08-2026 00:20,,,,770,48541,Cy219,05:07.1,,,
4086,IDJKT,JKT74,MRTU2166921,,,,,,20,GP,,,,,,,,,E,,,,,,,,,,,,,15-08-2026 00:13,,,,770,48541,Cy219,05:07.1,,,
4087,IDJKT,JKT74,MRTU2004089,,,,,,20,GP,,,,,,,,,E,,,,,,,,,,,,,15-08-2026 00:03,,,,770,48541,Cy219,05:07.1,,,
4088,IDJKT,JKT74,HPCU2217290,,,,,,20,GP,,,,,,,,,E,,,,,,,,,,,,,15-08-2026 00:21,,,,770,48541,Cy219,05:07.1,,,
4089,IDJKT,JKT74,MRTU2012063,,,,,,20,GP,,,,,,,,,E,,,,,,,,,,,,,14-08-2026 23:03,,,,770,48541,Cy219,05:07.1,,,
4090,IDJKT,JKT74,MRTU2131268,,,,,,20,GP,,,,,,,,,E,,,,,,,,,,,,,14-08-2026 23:22,,,,770,48541,Cy219,05:07.1,,,
4091,IDJKT,JKT74,MRTU2002980,,,,,,20,GP,,,,,,,,,E,,,,,,,,,,,,,15-08-2026 00:21,,,,770,48541,Cy219,05:07.1,,,
4092,IDJKT,JKT74,MRLU2363222,,,,,,20,GP,,,,,,,,,E,,,,,,,,,,,,,15-08-2026 00:16,,,,770,48541,Cy219,05:07.1,,,
4093,IDJKT,JKT74,MRTU2062700,,,,,,20,GP,,,,,,,,,E,,,,,,,,,,,,,15-08-2026 00:17,,,,770,48541,Cy219,05:07.1,,,
4094,IDJKT,JKT74,MRTU2106310,,,,,,20,GP,,,,,,,,,E,,,,,,,,,,,,,14-08-2026 23:10,,,,770,48541,Cy219,05:07.1,,,
4095,IDJKT,JKT74,TRHU3438638,,,,,,20,GP,,,,,,,,,E,,,,,,,,,,,,,14-08-2026 23:11,,,,770,48541,Cy219,05:07.1,,,
4096,IDJKT,JKT74,MRTU2256558,,,,,,20,GP,,,,,,,,,E,,,,,,,,,,,,,15-08-2026 00:12,,,,770,48541,Cy219,05:07.1,,,
4097,IDJKT,JKT74,MRLU2374696,,,,,,20,GP,,,,,,,,,E,,,,,,,,,,,,,14-08-2026 23:12,,,,770,48541,Cy219,05:07.1,,,
4098,IDJKT,JKT74,MRLU2353749,,,,,,20,GP,,,,,,,,,E,,,,,,,,,,,,,14-08-2026 23:59,,,,770,48541,Cy219,05:07.1,,,
4099,IDJKT,JKT74,MRTU2145385,,,,,,20,GP,,,,,,,,,E,,,,,,,,,,,,,14-08-2026 22:44,,,,770,48541,Cy219,05:07.1,,,
4100,IDJKT,JKT74,MRLU2359536,,,,,,20,GP,,,,,,,,,E,,,,,,,,,,,,,14-08-2026 23:54,,,,770,48541,Cy219,05:07.1,,,
4101,IDJKT,JKT74,MRTU2029852,,,,,,20,GP,,,,,,,,,E,,,,,,,,,,,,,14-08-2026 23:03,,,,770,48541,Cy219,05:07.1,,,
4102,IDJKT,JKT74,MRTU2243930,,,,,,20,GP,,,,,,,,,E,,,,,,,,,,,,,15-08-2026 00:14,,,,770,48541,Cy219,05:07.1,,,
4103,IDJKT,JKT74,MRTU2146463,,,,,,20,GP,,,,,,,,,E,,,,,,,,,,,,,15-08-2026 00:15,,,,770,48541,Cy219,05:07.1,,,
4104,IDJKT,JKT74,MRTU2106497,,,,,,20,GP,,,,,,,,,E,,,,,,,,,,,,,15-08-2026 00:02,,,,770,48541,Cy219,05:07.1,,,
4105,IDJKT,JKT74,MRTU2062974,,,,,,20,GP,,,,,,,,,E,,,,,,,,,,,,,14-08-2026 23:02,,,,770,48541,Cy219,05:07.1,,,
4106,IDJKT,JKT74,MRTU2081130,,,,,,20,GP,,,,,,,,,E,,,,,,,,,,,,,15-08-2026 00:12,,,,770,48541,Cy219,05:07.1,,,
4107,IDJKT,JKT74,MRTU2004089,,,,,,20,GP,,,,,,,,,E,,,,,,,,,,,,,15-08-2026 00:11,,,,770,48541,Cy219,05:07.1,,,
4108,IDJKT,JKT74,MRTU2160991,,,,,,20,GP,,,,,,,,,E,,,,,,,,,,,,,15-08-2026 00:22,,,,770,48541,Cy219,05:07.1,,,
4109,IDJKT,JKT74,MRTU2007299,,,,,,20,GP,,,,,,,,,E,,,,,,,,,,,,,15-08-2026 00:02,,,,770,48541,Cy219,05:07.1,,,
4110,IDJKT,JKT74,MRTU2243951,,,,,,20,GP,,,,,,,,,E,,,,,,,,,,,,,15-08-2026 00:20,,,,770,48541,Cy219,05:07.1,,,
4111,IDJKT,JKT74,MRTU2179739,,,,,,20,GP,,,,,,,,,E,,,,,,,,,,,,,14-08-2026 22:37,,,,770,48541,Cy219,05:07.1,,,
4112,IDJKT,JKT74,MRTU2284797,,,,,,20,GP,,,,,,,,,E,,,,,,,,,,,,,15-08-2026 00:12,,,,770,48541,Cy219,05:07.1,,,
4113,IDJKT,JKT74,MRTU2160651,,,,,,20,GP,,,,,,,,,E,,,,,,,,,,,,,14-08-2026 23:02,,,,770,48541,Cy219,05:07.1,,,
4114,IDJKT,JKT74,MRTU2000967,,,,,,20,GP,,,,,,,,,E,,,,,,,,,,,,,14-08-2026 23:02,,,,770,48541,Cy219,05:07.1,,,
4115,IDJKT,JKT74,MRTU2078292,,,,,,20,GP,,,,,,,,,E,,,,,,,,,,,,,14-08-2026 23:13,,,,770,48541,Cy219,05:07.1,,,
4116,IDJKT,JKT74,MRTU2018056,,,,,,20,GP,,,,,,,,,E,,,,,,,,,,,,,14-08-2026 22:41,,,,770,48541,Cy219,05:07.1,,,
4117,IDJKT,JKT74,MRTU2058172,,,,,,20,GP,,,,,,,,,E,,,,,,,,,,,,,15-08-2026 00:18,,,,770,48541,Cy219,05:07.1,,,
4118,IDJKT,JKT74,MRLU2368950,,,,,,20,GP,,,,,,,,,E,,,,,,,,,,,,,15-08-2026 00:17,,,,770,48541,Cy219,05:07.1,,,
4119,IDJKT,JKT74,MRTU2276765,,,,,,20,GP,,,,,,,,,E,,,,,,,,,,,,,14-08-2026 23:37,,,,770,48541,Cy219,05:07.1,,,
4120,IDJKT,JKT74,MRLU2388935,,,,,,20,GP,,,,,,,,,E,,,,,,,,,,,,,15-08-2026 00:15,,,,770,48541,Cy219,05:07.1,,,
4121,IDJKT,JKT74,MRTU2003631,,,,,,20,GP,,,,,,,,,E,,,,,,,,,,,,,15-08-2026 00:18,,,,770,48541,Cy219,05:07.1,,,
4122,IDJKT,JKT74,MRLU2380180,,,,,,20,GP,,,,,,,,,E,,,,,,,,,,,,,15-08-2026 00:16,,,,770,48541,Cy219,05:07.1,,,
4123,IDJKT,JKT74,MRLU2365544,,,,,,20,GP,,,,,,,,,E,,,,,,,,,,,,,14-08-2026 23:58,,,,770,48541,Cy219,05:07.1,,,
4124,IDJKT,JKT74,MRTU2014493,,,,,,20,GP,,,,,,,,,E,,,,,,,,,,,,,14-08-2026 23:24,,,,770,48541,Cy219,05:07.1,,,
4125,IDJKT,JKT74,SEGU1038139,,,,,,20,GP,,,,,,,,,E,,,,,,,,,,,,,14-08-2026 22:39,,,,770,48541,Cy219,05:07.1,,,
4126,IDJKT,JKT74,MRLU2377165,,,,,,20,GP,,,,,,,,,E,,,,,,,,,,,,,14-08-2026 23:56,,,,770,48541,Cy219,05:07.1,,,
4127,IDJKT,JKT74,MRTU2115441,,,,,,20,GP,,,,,,,,,E,,,,,,,,,,,,,15-08-2026 00:14,,,,770,48541,Cy219,05:07.1,,,
4128,IDJKT,JKT74,MRTU2078292,,,,,,20,GP,,,,,,,,,E,,,,,,,,,,,,,14-08-2026 23:04,,,,770,48541,Cy219,05:07.1,,,
4129,IDJKT,JKT74,MRTU2053946,,,,,,20,GP,,,,,,,,,E,,,,,,,,,,,,,15-08-2026 00:14,,,,770,48541,Cy219,05:07.1,,,
4130,IDJKT,JKT74,MRTU2197780,,,,,,20,GP,,,,,,,,,E,,,,,,,,,,,,,15-08-2026 00:18,,,,770,48541,Cy219,05:07.1,,,
4131,IDJKT,JKT74,MRTU2265478,,,,,,20,GP,,,,,,,,,E,,,,,,,,,,,,,15-08-2026 00:20,,,,770,48541,Cy219,05:07.1,,,
4132,IDJKT,JKT74,MRLU2385010,,,,,,20,GP,,,,,,,,,E,,,,,,,,,,,,,14-08-2026 23:24,,,,770,48541,Cy219,05:07.1,,,
4133,IDJKT,JKT74,MRTU2091606,,,,,,20,GP,,,,,,,,,E,,,,,,,,,,,,,15-08-2026 00:15,,,,770,48541,Cy219,05:07.1,,,
6197,IDJKT,JKT74,MRTU9606724,,,,,,40,HC,,,,,,,,,E,,,,,,,,,,,,,29-08-2026 14:42,,,,770,50251,Cy219,59:26.1,,,
6198,IDJKT,JKT74,MRTU9645654,,,,,,40,HC,,,,,,,,,E,,,,,,,,,,,,,29-08-2026 11:43,,,,770,50251,Cy219,59:26.1,,,
4902,IDJKT,JKT64,TCLU6889613,Ht07,,,,,20,GP,,,,,,,,,F,,,,,,,,,,,,,27-08-2026 03:29,,,,770,49941,218,15:10.5,,,
6199,IDJKT,JKT74,MRTU9666282,,,,,,40,HC,,,,,,,,,E,,,,,,,,,,,,,29-08-2026 11:41,,,,770,50251,Cy219,59:26.1,,,
4849,IDJKT,JKT64,TEGU7101693,,,,,,20,GP,,,,,,,,,F,,,,,,,,,,,,,27-08-2026 01:22,,,,770,49945,Cy218,15:09.9,,,
6417,IDJKT,JKT64,MRTU2023052,Ht11,,,,,20,GP,,,,,,,,,F,,,,,,,,,,,,,30-08-2026 02:35,,,,770,50307,218,00:30.5,,,
4866,IDJKT,JKT64,MRTU2179533,Ht04,,,,,20,GP,,,,,,,,,F,,,,,,,,,,,,,27-08-2026 07:28,,,,770,49949,218,15:10.0,,,
4867,IDJKT,JKT64,CSNU2260603,Ht08,,,,,20,GP,,,,,,,,,F,,,,,,,,,,,,,27-08-2026 05:45,,,,770,49949,218,15:10.0,,,
4876,IDJKT,JKT64,TEMU5288873,Ht05,,,,,20,GP,,,,,,,,,F,,,,,,,,,,,,,27-08-2026 03:05,,,,770,49949,218,15:10.0,,,
4857,IDJKT,JKT64,CSNU2400916,Ht04,2a,8,3,3,20,GP,,,,,,,,,F,,,,,,,,,,,,,27-08-2026 05:27,,,,770,49949,218,15:10.0,,,
4858,IDJKT,JKT64,TLLU2896823,Ht06,2a,10,1,2,20,GP,,,,,,,,,F,,,,,,,,,,,,,27-08-2026 03:23,,,,770,49949,218,15:10.0,,,
4859,IDJKT,JKT64,CSNU2034479,Ht01,1a,6,3,3,20,GP,,,,,,,,,F,,,,,,,,,,,,,27-08-2026 02:58,,,,770,49949,218,15:10.0,,,
4861,IDJKT,JKT64,MRTU2170834,Ht01,1a,9,2,4,20,GP,,,,,,,,,F,,,,,,,,,,,,,27-08-2026 07:48,,,,770,49949,218,15:10.0,,,
6202,IDJKT,JKT74,CRSU9295423,,,,,,40,HC,,,,,,,,,E,,,,,,,,,,,,,29-08-2026 13:38,,,,770,50251,Cy219,59:26.1,,,
4865,IDJKT,JKT64,GLDU9809471,Ht05,2a,10,1,3,20,GP,,,,,,,,,F,,,,,,,,,,,,,27-08-2026 03:24,,,,770,49949,218,15:10.0,,,
4869,IDJKT,JKT64,CSLU2101693,Ht05,2a,10,1,4,20,GP,,,,,,,,,F,,,,,,,,,,,,,27-08-2026 03:25,,,,770,49949,218,15:10.0,,,
6418,IDJKT,JKT64,MRTU2149626,Ht10,3a,42,,,20,GP,,,,,,,,,F,,,,,,,,,,,,,30-08-2026 02:58,,,,770,50307,218,00:30.5,,,
4880,IDJKT,JKT64,MRTU2275835,Ht08,1a,4,6,4,20,GP,,,,,,,,,F,,,,,,,,,,,,,27-08-2026 02:50,,,,770,49949,218,15:10.0,,,
4881,IDJKT,JKT64,CAIU6074912,Ht04,2a,8,3,4,20,GP,,,,,,,,,F,,,,,,,,,,,,,27-08-2026 05:28,,,,770,49949,218,15:10.0,,,
4882,IDJKT,JKT64,FTAU2497827,Ht08,2a,9,4,3,20,GP,,,,,,,,,F,,,,,,,,,,,,,27-08-2026 05:43,,,,770,49949,218,15:10.0,,,
4884,IDJKT,JKT64,CSGU2818532,Ht06,2a,10,1,1,20,GP,,,,,,,,,F,,,,,,,,,,,,,27-08-2026 03:16,,,,770,49949,218,15:10.0,,,
6419,IDJKT,JKT64,MRLU2358294,Hy30,3a,42,,,20,GP,,,,,,,,,F,,,,,,,,,,,,,30-08-2026 03:04,,,,770,50307,218,00:30.5,,,
6422,IDJKT,JKT64,SPNU4654416,Ht03,3a,12,,,40,HC,,,,,,,,,E,,,,,,,,,,,,,30-08-2026 05:54,,,,770,50307,218,00:30.5,,,
6423,IDJKT,JKT64,MRTU2204852,Ht18,3a,23,,,20,GP,,,,,,,,,F,,,,,,,,,,,,,30-08-2026 01:50,,,,770,50307,218,00:30.5,,,
6424,IDJKT,JKT64,HPCU2226780,ht09,3a,21,,,20,GP,,,,,,,,,F,,,,,,,,,,,,,30-08-2026 02:44,,,,770,50307,218,00:30.5,,,
6425,IDJKT,JKT64,SPNU4643160,Ht17,3a,18,,,40,HC,,,,,,,,,E,,,,,,,,,,,,,30-08-2026 05:20,,,,770,50307,218,00:30.5,,,
6426,IDJKT,JKT64,MRTU2133168,Hy10,3a,42,,,20,GP,,,,,,,,,F,,,,,,,,,,,,,30-08-2026 03:00,,,,770,50307,218,00:30.5,,,
4901,IDJKT,JKT64,TEMU5753553,Ht08,3a,7,,,20,GP,,,,,,,,,F,,,,,,,,,,,,,27-08-2026 01:44,,,,770,49941,218,15:10.5,,,
4903,IDJKT,JKT64,SEGU3284050,Ht08,3a,7,,,20,GP,,,,,,,,,F,,,,,,,,,,,,,27-08-2026 01:45,,,,770,49941,218,15:10.5,,,
4907,IDJKT,JKT64,FTAU1082425,Ht05,3a,16,,,20,GP,,,,,,,,,F,,,,,,,,,,,,,27-08-2026 02:47,,,,770,49941,218,15:10.5,,,
4931,IDJKT,JKT64,ONEU2398327,Mst,,,,,20,GP,,,,,,,,,F,,,,,,,,,,,,,27-08-2026 02:21,,,,770,49941,218,15:10.5,,,
4911,IDJKT,JKT64,ONEU2659755,Ht02,3a,13,,,20,GP,,,,,,,,,F,,,,,,,,,,,,,27-08-2026 02:33,,,,770,49941,218,15:10.5,,,
4908,IDJKT,JKT64,HPCU2229877,Ht27,,,,,20,GP,,,,,,,,,F,,,,,,,,,,,,,27-08-2026 01:31,,,,770,49941,218,15:10.5,,,
4915,IDJKT,JKT64,CSGU2213686,Ht03,,,,,20,GP,,,,,,,,,F,,,,,,,,,,,,,27-08-2026 01:59,,,,770,49941,218,15:10.5,,,
4917,IDJKT,JKT64,ONEU2499282,Ht08,3a,16,,,20,GP,,,,,,,,,F,,,,,,,,,,,,,27-08-2026 02:55,,,,770,49941,218,15:10.5,,,
4922,IDJKT,JKT64,BMOU1668188,Ht08,,,,,20,GP,,,,,,,,,F,,,,,,,,,,,,,27-08-2026 03:21,,,,770,49941,218,15:10.5,,,
4927,IDJKT,JKT64,MRTU2337855,Ht24,,,,,20,GP,,,,,,,,,F,,,,,,,,,,,,,27-08-2026 01:29,,,,770,49941,218,15:10.5,,,
4921,IDJKT,JKT64,SEGU2452328,Ht07,3a,2,,,20,GP,,,,,,,,,F,,,,,,,,,,,,,27-08-2026 01:51,,,,770,49941,218,15:10.5,,,
4926,IDJKT,JKT64,BMOU1493731,Ht05,3a,15,,,20,GP,,,,,,,,,F,,,,,,,,,,,,,27-08-2026 02:46,,,,770,49941,218,15:10.5,,,
4929,IDJKT,JKT64,TEMU0387282,Ht07,3a,2,,,20,GP,,,,,,,,,F,,,,,,,,,,,,,27-08-2026 01:52,,,,770,49941,218,15:10.5,,,
4933,IDJKT,JKT64,MRSU0189328,Ht02,3a,13,,,20,GP,,,,,,,,,F,,,,,,,,,,,,,27-08-2026 02:32,,,,770,49941,218,15:10.5,,,
4934,IDJKT,JKT64,NYKU3685875,Ht08,3a,21,,,20,GP,,,,,,,,,F,,,,,,,,,,,,,27-08-2026 02:55,,,,770,49941,218,15:10.5,,,
6214,,JKT64,MRLU2376301,,3a,34,3,1,20,GP,,,,,,,,,F,,,,,,,,,,,,,29-08-2026 11:30,,,,770,50256,218,19:27.7,,,
4943,IDJKT,JKT74,TEGU2918382,,,,,,20,GP,,,,,,,,,E,,,,,,,,,,,,,27-08-2026 07:50,,,,770,49940,219,15:10.6,,,
4945,IDJKT,JKT74,MRTU2147921,,,,,,20,GP,,,,,,,,,E,,,,,,,,,,,,,27-08-2026 03:31,,,,770,49940,219,15:10.6,,,
4946,IDJKT,JKT74,MRTU2111066,,,,,,20,GP,,,,,,,,,E,,,,,,,,,,,,,27-08-2026 05:30,,,,770,49940,219,15:10.6,,,
4947,IDJKT,JKT74,MRTU2019010,,,,,,20,GP,,,,,,,,,E,,,,,,,,,,,,,27-08-2026 03:39,,,,770,49940,219,15:10.6,,,
6215,,JKT64,FCIU6081273,,3a,36,1,4,20,GP,,,,,,,,,F,,,,,,,,,,,,,29-08-2026 11:14,,,,770,50256,218,19:27.7,,,
6217,,JKT64,HPCU2217069,,3a,34,2,4,20,GP,,,,,,,,,F,,,,,,,,,,,,,29-08-2026 13:58,,,,770,50256,218,19:27.7,,,
4952,IDJKT,JKT74,MRTU2344495,,,,,,20,GP,,,,,,,,,E,,,,,,,,,,,,,27-08-2026 01:47,,,,770,49940,219,15:10.6,,,
6219,,JKT64,MRTU2104318,,3a,34,2,3,20,GP,,,,,,,,,F,,,,,,,,,,,,,29-08-2026 13:54,,,,770,50256,218,19:27.7,,,
4957,IDJKT,JKT74,MRTU2297578,,,,,,20,GP,,,,,,,,,E,,,,,,,,,,,,,27-08-2026 02:13,,,,770,49940,219,15:10.6,,,
4964,IDJKT,JKT74,MRTU2311640,,,,,,20,GP,,,,,,,,,E,,,,,,,,,,,,,27-08-2026 02:17,,,,770,49940,219,15:10.6,,,
6228,,JKT64,MRTU2150735,,3a,20,1,4,20,GP,,,,,,,,,F,,,,,,,,,,,,,29-08-2026 15:11,,,,770,50256,218,19:27.7,,,
4972,IDJKT,JKT74,MRTU2337705,,,,,,20,GP,,,,,,,,,E,,,,,,,,,,,,,27-08-2026 02:10,,,,770,49940,219,15:10.6,,,
4974,IDJKT,JKT74,TEGU2964686,,,,,,20,GP,,,,,,,,,E,,,,,,,,,,,,,27-08-2026 00:24,,,,770,49940,219,15:10.6,,,
4976,IDJKT,JKT74,TEGU3019967,,,,,,20,GP,,,,,,,,,E,,,,,,,,,,,,,27-08-2026 00:23,,,,770,49940,219,15:10.6,,,
4977,IDJKT,JKT74,MRTU2314504,,,,,,20,GP,,,,,,,,,E,,,,,,,,,,,,,27-08-2026 01:53,,,,770,49940,219,15:10.6,,,
6231,,JKT64,FCIU6083569,,3a,34,3,3,20,GP,,,,,,,,,F,,,,,,,,,,,,,29-08-2026 11:33,,,,770,50256,218,19:27.7,,,
4980,IDJKT,JKT74,SEKU1596217,,,,,,20,GP,,,,,,,,,E,,,,,,,,,,,,,27-08-2026 02:17,,,,770,49940,219,15:10.6,,,
4981,IDJKT,JKT74,TLLU2483687,,,,,,20,GP,,,,,,,,,E,,,,,,,,,,,,,27-08-2026 01:23,,,,770,49940,219,15:10.6,,,
6232,,JKT64,MRTU2166639,,3a,29,2,2,20,GP,,,,,,,,,F,,,,,,,,,,,,,29-08-2026 14:10,,,,770,50256,218,19:27.7,,,
4984,IDJKT,JKT74,MRTU2160060,,,,,,20,GP,,,,,,,,,E,,,,,,,,,,,,,27-08-2026 03:32,,,,770,49940,219,15:10.6,,,
4985,IDJKT,JKT74,MRTU2337372,,,,,,20,GP,,,,,,,,,E,,,,,,,,,,,,,27-08-2026 03:04,,,,770,49940,219,15:10.6,,,
6234,,JKT64,MRTU2159497,,3a,34,3,2,20,GP,,,,,,,,,F,,,,,,,,,,,,,29-08-2026 11:31,,,,770,50256,218,19:27.7,,,
6268,IDJKT,JKT64,MRTU2077280,Ht19,,,,,20,GP,,,,,,,,,F,,,,,,,,,,,,,29-08-2026 23:04,,,,770,50300,218,10:01.2,,,
6237,,JKT64,MRTU2236422,,3a,36,1,1,20,GP,,,,,,,,,F,,,,,,,,,,,,,29-08-2026 11:11,,,,770,50256,218,19:27.7,,,
6238,,JKT64,MRTU2226506,,3a,29,2,4,20,GP,,,,,,,,,F,,,,,,,,,,,,,29-08-2026 14:21,,,,770,50256,218,19:27.7,,,
6265,IDJKT,JKT64,MRTU2023540,Ht12,,,,,20,GP,,,,,,,,,F,,,,,,,,,,,,,29-08-2026 23:53,,,,770,50300,218,10:01.2,,,
6259,IDJKT,JKT74,MRTU2002609,,,,,,20,GP,,,,,,,,,E,,,,,,,,,,,,,29-08-2026 22:08,,,,770,50296,219,00:00.5,,,
4996,IDJKT,JKT74,MRTU2103332,,,,,,20,GP,,,,,,,,,E,,,,,,,,,,,,,27-08-2026 00:52,,,,770,49940,219,15:10.6,,,
4998,IDJKT,JKT74,MRTU2078179,,,,,,20,GP,,,,,,,,,E,,,,,,,,,,,,,27-08-2026 07:35,,,,770,49940,219,15:10.6,,,
4999,IDJKT,JKT74,MRTU2350646,,,,,,20,GP,,,,,,,,,E,,,,,,,,,,,,,27-08-2026 01:44,,,,770,49940,219,15:10.6,,,
6245,IDJKT,JKT74,MRTU2133384,,,,,,20,GP,,,,,,,,,E,,,,,,,,,,,,,29-08-2026 22:19,,,,770,50296,219,00:00.5,,,
6246,IDJKT,JKT74,MRTU2051033,,,,,,20,GP,,,,,,,,,E,,,,,,,,,,,,,29-08-2026 22:11,,,,770,50296,219,00:00.5,,,
6250,IDJKT,JKT74,MRTU2173514,,,,,,,GP,,,,,,,,,E,,,,,,,,,,,,,29-08-2026 22:11,,,,770,50296,219,00:00.5,,,
5011,IDJKT,JKT74,MRTU2284708,,,,,,20,GP,,,,,,,,,E,,,,,,,,,,,,,27-08-2026 03:08,,,,770,49940,219,15:10.6,,,
5012,IDJKT,JKT74,MRTU2088351,,,,,,20,GP,,,,,,,,,E,,,,,,,,,,,,,27-08-2026 03:36,,,,770,49940,219,15:10.6,,,
6255,IDJKT,JKT74,MRTU2007869,,,,,,20,GP,,,,,,,,,E,,,,,,,,,,,,,29-08-2026 22:05,,,,770,50296,219,00:00.5,,,
6256,IDJKT,JKT74,MRTU2039320,,,,,,20,GP,,,,,,,,,E,,,,,,,,,,,,,29-08-2026 22:14,,,,770,50296,219,00:00.5,,,
5020,IDJKT,JKT74,TEGU3044487,,,,,,20,GP,,,,,,,,,E,,,,,,,,,,,,,27-08-2026 00:19,,,,770,49940,219,15:10.6,,,
5023,IDJKT,JKT74,MRTU2138529,,,,,,20,GP,,,,,,,,,E,,,,,,,,,,,,,27-08-2026 00:16,,,,770,49940,219,15:10.6,,,
5025,IDJKT,JKT74,TEGU3097620,,,,,,20,GP,,,,,,,,,E,,,,,,,,,,,,,27-08-2026 00:25,,,,770,49940,219,15:10.6,,,
5029,IDJKT,JKT74,MRTU2303433,,,,,,20,GP,,,,,,,,,E,,,,,,,,,,,,,27-08-2026 03:06,,,,770,49940,219,15:10.6,,,
6264,IDJKT,JKT64,SEGU4180487,Ht07,3a,18,,,40,HC,,,,,,,,,F,,,,,,,,,,,,,29-08-2026 22:43,,,,770,50300,218,10:01.2,,,
6267,IDJKT,JKT64,MRTU2071370,Ht19,3a,13,,,20,GP,,,,,,,,,F,,,,,,,,,,,,,29-08-2026 23:05,,,,770,50300,218,10:01.2,,,
6272,IDJKT,JKT64,MRLU2371911,Ht01,3a,29,3,3,20,GP,,,,,,,,,F,,,,,,,,,,,,,29-08-2026 21:51,,,,770,50303,218,10:01.3,,,
6273,IDJKT,JKT64,MRTU2163368,Ht02,3a,28,5,1,20,GP,,,,,,,,,F,,,,,,,,,,,,,29-08-2026 21:53,,,,770,50303,218,10:01.3,,,
5033,IDJKT,JKT74,TEGU2968721,,,,,,20,GP,,,,,,,,,E,,,,,,,,,,,,,27-08-2026 00:25,,,,770,49940,219,15:10.6,,,
6274,IDJKT,JKT64,MRTU2005716,Ht01,,,,,20,GP,,,,,,,,,F,,,,,,,,,,,,,29-08-2026 21:52,,,,770,50303,218,10:01.3,,,
5035,IDJKT,JKT74,MRTU2337578,,,,,,20,GP,,,,,,,,,E,,,,,,,,,,,,,27-08-2026 03:48,,,,770,49940,219,15:10.6,,,
5036,IDJKT,JKT74,MRTU2077402,,,,,,20,GP,,,,,,,,,E,,,,,,,,,,,,,27-08-2026 02:42,,,,770,49940,219,15:10.6,,,
6275,IDJKT,JKT64,MRTU2007513,Ht02,3a,28,5,2,20,GP,,,,,,,,,F,,,,,,,,,,,,,29-08-2026 21:54,,,,770,50303,218,10:01.3,,,
6277,IDJKT,JKT74,MRTU2223301,,,,,,20,GP,,,,,,,,,E,,,,,,,,,,,,,29-08-2026 21:54,,,,770,50302,219,40:14.0,,,
6278,IDJKT,JKT74,MRTU2237619,,,,,,20,GP,,,,,,,,,E,,,,,,,,,,,,,29-08-2026 21:30,,,,770,50302,219,40:14.0,,,
6279,IDJKT,JKT74,MRTU2192900,,,,,,20,GP,,,,,,,,,E,,,,,,,,,,,,,30-08-2026 02:18,,,,770,50302,219,40:14.0,,,
6280,IDJKT,JKT74,MRTU2017701,,,,,,20,GP,,,,,,,,,E,,,,,,,,,,,,,29-08-2026 21:28,,,,770,50302,219,40:14.0,,,
6282,IDJKT,JKT74,MRTU2075626,,,,,,20,GP,,,,,,,,,E,,,,,,,,,,,,,30-08-2026 02:16,,,,770,50302,219,40:14.0,,,
6284,IDJKT,JKT74,HPCU4317489,,,,,,40,HC,,,,,,,,,E,,,,,,,,,,,,,30-08-2026 00:59,,,,770,50302,219,40:14.0,,,
5050,IDJKT,JKT74,TEGU2915104,Ht27,B,3,10,2,20,GP,,,,,,,,,E,,,,,,,,,,,,,27-08-2026 08:33,,,,770,50016,219,15:10.8,,,
6287,IDJKT,JKT74,MRTU2090723,,,,,,20,GP,,,,,,,,,E,,,,,,,,,,,,,29-08-2026 21:39,,,,770,50302,219,40:14.0,,,
5063,IDJKT,JKT74,TEGU7021181,Ht24,B,3,8,1,20,GP,,,,,,,,,E,,,,,,,,,,,,,27-08-2026 08:12,,,,770,50016,219,15:10.8,,,
5071,IDJKT,JKT74,TRHU2970646,Ht01,C,8,10,5,20,GP,,,,,,,,,E,,,,,,,,,,,,,27-08-2026 15:08,,,,770,50045,219,55:18.9,,,
5081,IDJKT,JKT74,MRLU2382006,Ht03,C,12,10,2,20,GP,,,,,,,,,E,,,,,,,,,,,,,27-08-2026 15:05,,,,770,50045,219,55:18.9,,,
5090,IDJKT,JKT64,MRLU2360970,Ht17,3A,26,5,4,20,GP,,,,,,,,,E,,,,,,,,,,,,,27-08-2026 08:46,,,,770,50012,218,05:19.7,,,
5094,IDJKT,JKT64,MRTU2036830,Ht12,3A,26,4,1,20,GP,,,,,,,,,E,,,,,,,,,,,,,27-08-2026 08:49,,,,770,50012,218,05:19.7,,,
6288,IDJKT,JKT74,MRTU9642254,,,,,,40,HC,,,,,,,,,E,,,,,,,,,,,,,29-08-2026 22:56,,,,770,50302,219,40:14.0,,,
5097,IDJKT,JKT64,HPCU4458070,Ht05,3A,10,5,1,40,HC,,,,,,,,,E,,,,,,,,,,,,,27-08-2026 15:43,,,,770,50012,218,05:19.7,,,
6290,IDJKT,JKT74,SEGU5002290,,,,,,40,HC,,,,,,,,,E,,,,,,,,,,,,,29-08-2026 21:59,,,,770,50302,219,40:14.0,,,
5121,IDJKT,JKT64,DFSU3190090,6,,,,,20,GP,,,,,,,,,F,,,,,,,,,,,,,27-08-2026 14:14,,,,770,50050,Cy218,05:19.9,,,
5102,IDJKT,JKT64,ONEU1440187,Ht02,3A,6,3,2,40,HC,,,,,,,,,E,,,,,,,,,,,,,27-08-2026 08:18,,,,770,50012,218,05:19.7,,,
5117,IDJKT,JKT64,GESU1436858,6,,,,,20,GP,,,,,,,,,F,,,,,,,,,,,,,27-08-2026 14:15,,,,770,50050,218,05:19.9,,,
5120,IDJKT,JKT64,MRTU2191903,6,1b,,,,20,GP,,,,,,,,,F,,,,,,,,,,,,,27-08-2026 09:38,,,,770,50050,218,05:19.9,,,
5123,IDJKT,JKT64,MRLU2374309,6,1b,,,,20,GP,,,,,,,,,E,,,,,,,,,,,,,27-08-2026 14:43,,,,770,50050,218,05:19.9,,,
5130,IDJKT,JKT64,MRTU2179620,HT 09,2A,12,3,2,20,GP,,,,,,,,,F,,,,,,,,,,,,,27-08-2026 15:33,,,,770,50011,218,05:20.1,,,
6294,IDJKT,JKT74,FCIU6077890,,,,,,20,GP,,,,,,,,,E,,,,,,,,,,,,,30-08-2026 02:35,,,,770,50302,219,40:14.0,,,
5137,IDJKT,JKT64,TEGU3041744,HT22,2A,2,2,3,20,GP,,,,,,,,,E,,,,,,,,,,,,,27-08-2026 08:57,,,,770,50011,218,05:20.1,,,
6295,IDJKT,JKT74,MRTU9622495,,,,,,40,HC,,,,,,,,,E,,,,,,,,,,,,,30-08-2026 00:27,,,,770,50302,219,40:14.0,,,
5152,IDJKT,JKT64,MRTU2126940,,3a,41,3,3,20,GP,,,,,,,,,F,,,,,,,,,,,,,27-08-2026 15:23,,,,770,50019,218,15:21.1,,,
6297,IDJKT,JKT74,MRTU2267402,,,,,,20,GP,,,,,,,,,E,,,,,,,,,,,,,29-08-2026 22:13,,,,770,50302,219,40:14.0,,,
5153,IDJKT,JKT64,MRTU9611490,,3a,44,5,4,40,HC,,,,,,,,,E,,,,,,,,,,,,,27-08-2026 15:45,,,,770,50019,218,15:21.1,,,
5154,IDJKT,JKT64,MRTU9624013,,3a,44,5,3,40,HC,,,,,,,,,E,,,,,,,,,,,,,27-08-2026 15:42,,,,770,50019,218,15:21.1,,,
5155,IDJKT,JKT64,TCNU1065341,,3a,46,6,4,40,HC,,,,,,,,,E,,,,,,,,,,,,,27-08-2026 15:47,,,,770,50019,218,15:21.1,,,
6298,IDJKT,JKT74,MRTU2263095,,,,,,20,GP,,,,,,,,,E,,,,,,,,,,,,,29-08-2026 21:45,,,,770,50302,219,40:14.0,,,
5158,IDJKT,JKT56,TGBU1133153,,1b,21,5,5,20,GP,,,,,,,,,F,,,,,,,,,,,,,27-08-2026 09:08,,,,770,50038,213,25:22.0,,,
5159,IDJKT,JKT56,MRTU2141841,,1b,21,6,5,20,FR,,,,,,,,,F,,,,,,,,,,,,,27-08-2026 08:48,,,,770,50038,213,25:22.0,,,
5160,IDJKT,JKT56,MRLU2363752,,1b,20,2,2,20,GP,,,,,,,,,F,,,,,,,,,,,,,27-08-2026 08:18,,,,770,50038,213,25:22.0,,,
5161,IDJKT,JKT56,MRTU2011998,,1b,19,4,5,20,GP,,,,,,,,,F,,,,,,,,,,,,,27-08-2026 08:44,,,,770,50038,213,25:22.0,,,
5162,IDJKT,JKT56,MRTU2017213,,1b,20,2,4,20,GP,,,,,,,,,F,,,,,,,,,,,,,27-08-2026 08:22,,,,770,50038,213,25:22.0,,,
5163,IDJKT,JKT56,WHSU2968672,,1b,19,2,4,20,GP,,,,,,,,,F,,,,,,,,,,,,,27-08-2026 08:54,,,,770,50038,213,25:22.0,,,
5164,IDJKT,JKT56,WHSU2988200,,1b,19,2,5,20,GP,,,,,,,,,F,,,,,,,,,,,,,27-08-2026 08:56,,,,770,50038,213,25:22.0,,,
5165,IDJKT,JKT56,WHSU2978006,,1b,21,5,4,,GP,,,,,,,,,F,,,,,,,,,,,,,27-08-2026 09:06,,,,770,50038,213,25:22.0,,,
5166,IDJKT,JKT56,WHSU2728579,,1b,21,4,5,20,GP,,,,,,,,,F,,,,,,,,,,,,,27-08-2026 09:18,,,,770,50038,213,25:22.0,,,
5167,IDJKT,JKT56,MRTU2052385,,1b,20,2,3,20,GP,,,,,,,,,F,,,,,,,,,,,,,27-08-2026 08:20,,,,770,50038,213,25:22.0,,,
5168,IDJKT,JKT56,WHSU2956814,,1b,21,5,3,20,GP,,,,,,,,,F,,,,,,,,,,,,,27-08-2026 09:02,,,,770,50038,213,25:22.0,,,
5169,IDJKT,JKT56,WHSU0365849,,1b,19,2,3,20,GP,,,,,,,,,F,,,,,,,,,,,,,27-08-2026 08:52,,,,770,50038,213,25:22.0,,,
5170,IDJKT,JKT56,MRLU2369344,,1b,20,2,1,20,GP,,,,,,,,,F,,,,,,,,,,,,,27-08-2026 08:16,,,,770,50038,213,25:22.0,,,
5171,IDJKT,JKT56,WHSU2908781,,1b,14,2,2,20,GP,,,,,,,,,F,,,,,,,,,,,,,27-08-2026 09:24,,,,770,50038,213,25:22.0,,,
5173,IDJKT,JKT64,MRTU2212328,Ht18,3A,15,1,1,20,GP,,,,,,,,,F,Ada,,,,,,,,,,,,27-08-2026 19:40,,,,770,50055,218,55:38.3,,,
5179,IDJKT,JKT74,TXGU8464686,,,,,,40,HC,,,,,,,,,E,,,,,,,,,,,,,27-08-2026 17:16,,,,770,50078,Cy219,55:38.5,,,
5180,IDJKT,JKT74,CAJU5089402,,,,,,40,HC,,,,,,,,,E,,,,,,,,,,,,,27-08-2026 19:30,,,,770,50078,Cy219,55:38.5,,,
5174,IDJKT,JKT64,MRTU2235283,Ht30,,,,,20,GP,,,,,,,,,F,Ada,,,,,,,,,,,,27-08-2026 19:26,,,,770,50055,218,55:38.3,,,
5175,IDJKT,JKT64,MRTU2211527,Ht30,,,,,20,GP,,,,,,,,,F,Ada,,,,,,,,,,,,27-08-2026 19:25,,,,770,50055,218,55:38.3,,,
5183,IDJKT,JKT74,SEGU4430056,,,,,,40,HC,,,,,,,,,E,,,,,,,,,,,,,27-08-2026 17:12,,,,770,50078,Cy219,55:38.5,,,
5184,IDJKT,JKT74,MRTU9630818,,,,,,40,HC,,,,,,,,,E,,,,,,,,,,,,,27-08-2026 19:30,,,,770,50078,Cy219,55:38.5,,,
5185,IDJKT,JKT74,TXGU8490197,,,,,,40,HC,,,,,,,,,E,,,,,,,,,,,,,27-08-2026 16:50,,,,770,50078,Cy219,55:38.5,,,
5177,IDJKT,JKT64,PSKU2507970,,,,,,20,GP,,,,,,,,,E,,,,,,,,,,,,,27-08-2026 19:22,,,,770,50068,218,55:38.4,,,
5189,IDJKT,JKT74,TXGU8466518,,,,,,40,HC,,,,,,,,,E,,,,,,,,,,,,,27-08-2026 17:17,,,,770,50078,Cy219,55:38.5,,,
5191,IDJKT,JKT74,MRTU9634310,,,,,,40,HC,,,,,,,,,E,,,,,,,,,,,,,27-08-2026 19:31,,,,770,50078,Cy219,55:38.5,,,
5193,IDJKT,JKT74,MRLU5213709,,,,,,40,HC,,,,,,,,,E,,,,,,,,,,,,,27-08-2026 17:13,,,,770,50078,Cy219,55:38.5,,,
5196,IDJKT,JKT74,MRTU9629524,,,,,,40,HC,,,,,,,,,E,,,,,,,,,,,,,27-08-2026 19:28,,,,770,50078,Cy219,55:38.5,,,
5198,IDJKT,JKT64,PSKU2571012,6,1b,,,,20,TN,,,,,,,,,E,,,,,,,,,,,,,27-08-2026 16:37,,,,770,50074,218,55:38.6,,,
5199,IDJKT,JKT64,PSKU2571115,7,1b,,,,20,TN,,,,,,,,,E,,,,,,,,,,,,,27-08-2026 16:38,,,,770,50074,218,55:38.6,,,
5203,IDJKT,JKT74,TEGU2999888,B9944uo,,,,,20,GP,,,,,,,,,E,,,,,,,,,,,,,27-08-2026 19:59,,,,770,50057,219,05:39.5,,,
5207,IDJKT,JKT74,MRTU2309880,Ht03,C,5,,,20,GP,,,,,,,,,E,,,,,,,,,,,,,27-08-2026 20:02,,,,770,50057,219,05:39.5,,,
6300,IDJKT,JKT74,MRTU2198127,,,,,,20,GP,,,,,,,,,E,,,,,,,,,,,,,29-08-2026 22:13,,,,770,50302,219,40:14.0,,,
6301,IDJKT,JKT74,TXGU8955761,,,,,,40,HC,,,,,,,,,E,,,,,,,,,,,,,29-08-2026 23:13,,,,770,50302,219,40:14.0,,,
6302,IDJKT,JKT74,FCIU7015337,,,,,,40,HC,,,,,,,,,E,,,,,,,,,,,,,30-08-2026 00:45,,,,770,50302,219,40:14.0,,,
6304,IDJKT,JKT74,MRTU2194820,,,,,,20,GP,,,,,,,,,E,,,,,,,,,,,,,29-08-2026 21:33,,,,770,50302,219,40:14.0,,,
6305,IDJKT,JKT74,MRTU9615259,,,,,,40,HC,,,,,,,,,E,,,,,,,,,,,,,29-08-2026 22:35,,,,770,50302,219,40:14.0,,,
6306,IDJKT,JKT74,CAJU5103033,,,,,,40,HC,,,,,,,,,E,,,,,,,,,,,,,30-08-2026 00:50,,,,770,50302,219,40:14.0,,,
6316,IDJKT,JKT74,MRTU2032455,,,,,,,GP,,,,,,,,,E,,,,,,,,,,,,,30-08-2026 02:44,,,,770,50302,Cy219,40:14.0,,,
6320,IDJKT,JKT74,MRTU2021722,,,,,,20,GP,,,,,,,,,E,,,,,,,,,,,,,30-08-2026 02:36,,,,770,50302,Cy219,40:14.0,,,
5221,IDJKT,JKT64,MRTU2244644,Ht25,,,,,20,GP,,,,,,,,,F,,,,,,,,,,,,,27-08-2026 20:04,,,,770,50080,218,56:01.5,,,
5225,IDJKT,JKT64,MRTU2168333,Ht06,,,,,20,GP,,,,,,,,,F,,,,,,,,,,,,,27-08-2026 20:31,,,,770,50080,218,56:01.5,,,
5219,IDJKT,JKT74,MRTU2018164,B8234uek,,,,,20,GP,,,,,,,,,E,,,,,,,,,,,,,27-08-2026 19:32,,,,770,50057,219,05:39.5,,,
6315,IDJKT,JKT74,MRLU2371146,,,,,,20,GP,,,,,,,,,E,,,,,,,,,,,,,29-08-2026 21:45,,,,770,50302,219,40:14.0,,,
5223,IDJKT,JKT64,MRTU2236438,Ht30,3a,8,,,20,GP,,,,,,,,,F,,,,,,,,,,,,,27-08-2026 20:56,,,,770,50080,218,56:01.5,,,
5227,IDJKT,JKT64,HPCU2226693,Ht03,3a,8,,,20,GP,,,,,,,,,F,,,,,,,,,,,,,27-08-2026 21:11,,,,770,50080,218,56:01.5,,,
5230,IDJKT,JKT64,PSKU2571060,Ht15,3a,17,,,20,TN,,,,,,,,,E,,,,,,,,,,,,,27-08-2026 20:16,,,,770,50080,218,56:01.5,,,
5231,IDJKT,JKT64,SEGU3958178,Ht09,3a,17,,,20,GP,,,,,,,,,F,,,,,,,,,,,,,27-08-2026 20:19,,,,770,50080,218,56:01.5,,,
5233,IDJKT,JKT74,MRTU2138529,,,,,,20,GP,,,,,,,,,E,,,,,,,,,,,,,27-08-2026 23:26,,,,770,50076,219,56:01.6,,,
6309,IDJKT,JKT74,MRTU2062450,,,,,,20,GP,,,,,,,,,E,,,,,,,,,,,,,29-08-2026 21:53,,,,770,50302,219,40:14.0,,,
6311,IDJKT,JKT74,SEGU4490395,,,,,,40,HC,,,,,,,,,E,,,,,,,,,,,,,29-08-2026 23:12,,,,770,50302,219,40:14.0,,,
6314,IDJKT,JKT74,MRTU2056117,,,,,,20,GP,,,,,,,,,E,,,,,,,,,,,,,29-08-2026 21:52,,,,770,50302,219,40:14.0,,,
6317,IDJKT,JKT74,TXGU4074139,,,,,,40,HC,,,,,,,,,E,,,,,,,,,,,,,29-08-2026 23:23,,,,770,50302,219,40:14.0,,,
6318,IDJKT,JKT74,MRTU2041380,,,,,,20,GP,,,,,,,,,E,,,,,,,,,,,,,29-08-2026 21:33,,,,770,50302,219,40:14.0,,,
5255,IDJKT,JKT74,MRTU2048873,,,,,,20,GP,,,,,,,,,E,,,,,,,,,,,,,27-08-2026 23:35,,,,770,50076,219,56:01.6,,,
6319,IDJKT,JKT74,GESU6911652,,,,,,40,HC,,,,,,,,,E,,,,,,,,,,,,,29-08-2026 23:25,,,,770,50302,219,40:14.0,,,
6321,IDJKT,JKT74,TRHU3351836,,,,,,20,GP,,,,,,,,,E,,,,,,,,,,,,,30-08-2026 02:14,,,,770,50302,219,40:14.0,,,
5274,IDJKT,JKT74,MRTU2246360,,,,,,20,GP,,,,,,,,,E,,,,,,,,,,,,,27-08-2026 23:00,,,,770,50076,219,56:01.6,,,
6324,IDJKT,JKT74,HPCU4317344,,,,,,40,HC,,,,,,,,,E,,,,,,,,,,,,,30-08-2026 00:03,,,,770,50302,219,40:14.0,,,
6330,IDJKT,JKT74,MRTU2094293,,,,,,20,GP,,,,,,,,,E,,,,,,,,,,,,,30-08-2026 02:17,,,,770,50302,219,40:14.0,,,
6323,IDJKT,JKT74,MRTU2149312,,,,,,20,GP,,,,,,,,,E,,,,,,,,,,,,,30-08-2026 02:44,,,,770,50302,219,40:14.0,,,
6325,IDJKT,JKT74,MRTU9626470,,,,,,40,HC,,,,,,,,,E,,,,,,,,,,,,,29-08-2026 23:29,,,,770,50302,219,40:14.0,,,
6326,IDJKT,JKT74,MRTU2270094,,,,,,20,GP,,,,,,,,,E,,,,,,,,,,,,,29-08-2026 22:13,,,,770,50302,219,40:14.0,,,
5300,IDJKT,JKT74,CEOU2269715,,,,,,20,GP,,,,,,,,,E,,,,,,,,,,,,,27-08-2026 23:13,,,,770,50076,219,56:01.6,,,
6329,IDJKT,JKT74,MRTU2239442,,,,,,20,GP,,,,,,,,,E,,,,,,,,,,,,,30-08-2026 02:15,,,,770,50302,219,40:14.0,,,
5307,IDJKT,JKT56,MRTU2307906,B9276bek,1A,16,4,3,20,GP,,,,,,,,,F,,,,,,,,,,,,,27-08-2026 20:58,,,,770,50088,213,06:02.8,,,
5308,IDJKT,JKT56,MRTU2091144,B9985beh,1A,16,4,4,20,EC,,,,,,,,,F,,,,,,,,,,,,,27-08-2026 21:05,,,,770,50088,213,06:02.8,,,
5309,IDJKT,JKT56,MRTU2180745,B9255beh,1A,13,3,4,20,GP,,,,,,,,,F,,,,,,,,,,,,,27-08-2026 20:43,,,,770,50088,213,06:02.8,,,
5310,IDJKT,JKT56,MRTU2263599,B9255bek,1A,13,3,3,20,GP,,,,,,,,,F,,,,,,,,,,,,,27-08-2026 20:42,,,,770,50088,213,06:02.8,,,
5311,IDJKT,JKT56,MRTU2346651,L8964udd,1A,19,2,4,20,GP,,,,,,,,,F,,,,,,,,,,,,,27-08-2026 21:30,,,,770,50088,213,06:02.8,,,
6332,IDJKT,JKT74,TXGU4074165,,,,,,40,HC,,,,,,,,,E,,,,,,,,,,,,,29-08-2026 23:24,,,,770,50302,219,40:14.0,,,
5314,IDJKT,JKT74,MRTU2048873,,,,,,20,GP,,,,,,,,,E,,,,,,,,,,,,,27-08-2026 23:35,,,,770,50076,219,06:02.8,,,
5319,IDJKT,JKT74,CEOU2269715,,,,,,20,GP,,,,,,,,,E,,,,,,,,,,,,,27-08-2026 23:13,,,,770,50076,219,06:02.8,,,
6334,IDJKT,JKT74,MRTU2135561,,,,,,20,GP,,,,,,,,,E,,,,,,,,,,,,,29-08-2026 21:54,,,,770,50302,219,40:14.0,,,
6335,IDJKT,JKT74,TRHU8892113,,,,,,40,HC,,,,,,,,,E,,,,,,,,,,,,,29-08-2026 23:33,,,,770,50302,219,40:14.0,,,
6337,IDJKT,JKT74,MRTU9646460,,,,,,40,HC,,,,,,,,,E,,,,,,,,,,,,,29-08-2026 22:51,,,,770,50302,219,40:14.0,,,
6350,IDJKT,JKT74,FCIU7026774,,,,,,40,HC,,,,,,,,,E,,,,,,,,,,,,,29-08-2026 23:27,,,,770,50302,Cy219,40:14.0,,,
5391,IDJKT,JKT64,MRTU2290193,,,,,,20,GP,,,,,,,,,F,,,,,,,,,,,,,27-08-2026 20:34,,,,770,50084,218,06:03.1,,,
6338,IDJKT,JKT74,MRTU2270520,,,,,,20,GP,,,,,,,,,E,,,,,,,,,,,,,29-08-2026 21:53,,,,770,50302,219,40:14.0,,,
5393,IDJKT,JKT64,MRTU2256162,,,,,,20,GP,,,,,,,,,F,,,,,,,,,,,,,27-08-2026 20:33,,,,770,50084,218,06:03.1,,,
5346,IDJKT,JKT74,MRTU2138529,,,,,,20,GP,,,,,,,,,E,,,,,,,,,,,,,27-08-2026 23:26,,,,770,50076,219,06:02.8,,,
5348,IDJKT,JKT74,MRTU2246360,,,,,,20,GP,,,,,,,,,E,,,,,,,,,,,,,27-08-2026 23:00,,,,770,50076,219,06:02.8,,,
6342,IDJKT,JKT74,MRTU2077803,,,,,,20,GP,,,,,,,,,E,,,,,,,,,,,,,29-08-2026 21:38,,,,770,50302,219,40:14.0,,,
6343,IDJKT,JKT74,SEGU6647673,,,,,,40,HC,,,,,,,,,E,,,,,,,,,,,,,29-08-2026 22:47,,,,770,50302,219,40:14.0,,,
6344,IDJKT,JKT74,MRTU2211173,,,,,,20,GP,,,,,,,,,E,,,,,,,,,,,,,29-08-2026 21:29,,,,770,50302,219,40:14.0,,,
6345,IDJKT,JKT74,MRTU2124696,,,,,,20,GP,,,,,,,,,E,,,,,,,,,,,,,29-08-2026 22:12,,,,770,50302,219,40:14.0,,,
6346,IDJKT,JKT74,TIIU6803869,,,,,,40,HC,,,,,,,,,E,,,,,,,,,,,,,30-08-2026 01:01,,,,770,50302,219,40:14.0,,,
6347,IDJKT,JKT74,MRTU2153734,,,,,,20,GP,,,,,,,,,E,,,,,,,,,,,,,29-08-2026 21:53,,,,770,50302,219,40:14.0,,,
6351,IDJKT,JKT74,SEGU4031082,,,,,,40,HC,,,,,,,,,E,,,,,,,,,,,,,29-08-2026 23:10,,,,770,50302,219,40:14.0,,,
6352,IDJKT,JKT74,MRTU9604130,,,,,,40,HC,,,,,,,,,E,,,,,,,,,,,,,29-08-2026 23:22,,,,770,50302,219,40:14.0,,,
5388,IDJKT,JKT64,HPCU2232171,,,,,,20,GP,,,,,,,,,F,,,,,,,,,,,,,27-08-2026 20:50,,,,770,50084,218,06:03.1,,,
5390,IDJKT,JKT64,MRTU2325284,,,,,,20,GP,,,,,,,,,F,,,,,,,,,,,,,27-08-2026 20:50,,,,770,50084,218,06:03.1,,,
5392,IDJKT,JKT64,MRTU2169978,,,,,,20,GP,,,,,,,,,F,,,,,,,,,,,,,27-08-2026 20:43,,,,770,50084,218,06:03.1,,,
5394,IDJKT,JKT74,DFSU3189458,,,,,,20,GP,,,,,,,,,E,,,,,,,,,,,,,28-08-2026 01:19,,,,770,50079,219,06:25.9,,,
6363,IDJKT,JKT64,MRTU2320744,Ht26,,,,,20,HC,,,,,,,,,F,,,,,,,,,,,,,30-08-2026 02:31,,,,770,50307,218,00:30.5,,,
5396,IDJKT,JKT74,MRTU2249380,,,,,,20,GP,,,,,,,,,E,,,,,,,,,,,,,28-08-2026 00:59,,,,770,50079,219,06:25.9,,,
6357,IDJKT,JKT64,MRTU2011093,Ht29,,,,,20,GP,,,,,,,,,F,,,,,,,,,,,,,30-08-2026 01:13,,,,770,50307,218,00:30.5,,,
5398,IDJKT,JKT74,MRTU2105280,,,,,,20,GP,,,,,,,,,E,,,,,,,,,,,,,28-08-2026 00:37,,,,770,50079,219,06:25.9,,,
5399,IDJKT,JKT74,MRTU2166135,,,,,,20,GP,,,,,,,,,E,,,,,,,,,,,,,28-08-2026 01:31,,,,770,50079,219,06:25.9,,,
6354,IDJKT,JKT64,MRTU2147140,Hg16,,,,,20,GP,,,,,,,,,F,,,,,,,,,,,,,30-08-2026 03:29,,,,770,50307,218,00:30.5,,,
5401,IDJKT,JKT74,MRTU2201431,,,,,,20,GP,,,,,,,,,E,,,,,,,,,,,,,28-08-2026 01:24,,,,770,50079,219,06:25.9,,,
5404,IDJKT,JKT74,MRTU2083160,,,,,,20,GP,,,,,,,,,E,,,,,,,,,,,,,28-08-2026 01:53,,,,770,50079,219,06:25.9,,,
5407,IDJKT,JKT74,MRTU2146740,,,,,,20,GP,,,,,,,,,E,,,,,,,,,,,,,28-08-2026 01:24,,,,770,50079,219,06:25.9,,,
5409,IDJKT,JKT74,MRTU2218964,,,,,,20,GP,,,,,,,,,E,,,,,,,,,,,,,28-08-2026 01:03,,,,770,50079,219,06:25.9,,,
5411,IDJKT,JKT74,MRTU2277078,,,,,,20,GP,,,,,,,,,E,,,,,,,,,,,,,28-08-2026 01:23,,,,770,50079,219,06:25.9,,,
5412,IDJKT,JKT74,MRTU2221628,,,,,,20,GP,,,,,,,,,E,,,,,,,,,,,,,28-08-2026 01:49,,,,770,50079,219,06:25.9,,,
5413,IDJKT,JKT74,MRTU2045494,,,,,,20,GP,,,,,,,,,E,,,,,,,,,,,,,28-08-2026 02:01,,,,770,50079,219,06:25.9,,,
5414,IDJKT,JKT74,MRTU2166460,,,,,,20,GP,,,,,,,,,E,,,,,,,,,,,,,28-08-2026 01:59,,,,770,50079,219,06:25.9,,,
5415,IDJKT,JKT74,MRTU2251788,,,,,,20,GP,,,,,,,,,E,,,,,,,,,,,,,28-08-2026 01:52,,,,770,50079,219,06:25.9,,,
5417,IDJKT,JKT74,MRTU2026508,,,,,,20,GP,,,,,,,,,E,,,,,,,,,,,,,28-08-2026 01:58,,,,770,50079,219,06:25.9,,,
5419,IDJKT,JKT74,MRTU2193439,,,,,,20,GP,,,,,,,,,E,,,,,,,,,,,,,28-08-2026 01:03,,,,770,50079,219,06:25.9,,,
5422,IDJKT,JKT74,MRTU2260429,,,,,,20,GP,,,,,,,,,E,,,,,,,,,,,,,28-08-2026 01:30,,,,770,50079,219,06:25.9,,,
5423,IDJKT,JKT74,MRTU2270129,,,,,,20,GP,,,,,,,,,E,,,,,,,,,,,,,28-08-2026 01:58,,,,770,50079,219,06:25.9,,,
5425,IDJKT,JKT74,MRTU2157956,,,,,,20,GP,,,,,,,,,E,,,,,,,,,,,,,28-08-2026 00:59,,,,770,50079,219,06:25.9,,,
5426,IDJKT,JKT74,MRTU2054259,,,,,,20,GP,,,,,,,,,E,,,,,,,,,,,,,28-08-2026 01:23,,,,770,50079,219,06:25.9,,,
6359,IDJKT,JKT64,SPNU4600600,Ht17,3a,18,,,40,HC,,,,,,,,,F,,,,,,,,,,,,,30-08-2026 05:18,,,,770,50307,218,00:30.5,,,
5429,IDJKT,JKT74,FCIU6079487,,,,,,20,GP,,,,,,,,,E,,,,,,,,,,,,,28-08-2026 01:15,,,,770,50079,219,06:25.9,,,
6360,IDJKT,JKT64,SPNU4614373,Ht21,3a,10,,,40,HC,,,,,,,,,E,,,,,,,,,,,,,30-08-2026 06:23,,,,770,50307,218,00:30.5,,,
6361,IDJKT,JKT64,MRTU2000885,Ht04,3a,23,,,20,GP,,,,,,,,,F,,,,,,,,,,,,,30-08-2026 01:29,,,,770,50307,218,00:30.5,,,
5437,IDJKT,JKT74,MRTU2161149,,,,,,20,GP,,,,,,,,,E,,,,,,,,,,,,,28-08-2026 01:16,,,,770,50079,219,06:25.9,,,
6362,IDJKT,JKT64,MRTU2299550,Ht19,3a,42,,,20,GP,,,,,,,,,F,,,,,,,,,,,,,30-08-2026 03:24,,,,770,50307,218,00:30.5,,,
5439,IDJKT,JKT74,MRTU2137266,,,,,,20,GP,,,,,,,,,E,,,,,,,,,,,,,28-08-2026 02:02,,,,770,50079,219,06:25.9,,,
5440,IDJKT,JKT74,MRTU2215820,,,,,,20,GP,,,,,,,,,E,,,,,,,,,,,,,28-08-2026 01:59,,,,770,50079,219,06:25.9,,,
5441,IDJKT,JKT74,MRTU2185135,,,,,,20,GP,,,,,,,,,E,,,,,,,,,,,,,28-08-2026 01:20,,,,770,50079,219,06:25.9,,,
5443,IDJKT,JKT74,MRTU2025287,,,,,,20,GP,,,,,,,,,E,,,,,,,,,,,,,28-08-2026 02:53,,,,770,50079,219,06:25.9,,,
5444,IDJKT,JKT74,MRTU2261153,,,,,,20,GP,,,,,,,,,E,,,,,,,,,,,,,28-08-2026 01:52,,,,770,50079,219,06:25.9,,,
5446,IDJKT,JKT74,MRTU2282768,,,,,,20,GP,,,,,,,,,E,,,,,,,,,,,,,28-08-2026 01:50,,,,770,50079,219,06:25.9,,,
5449,IDJKT,JKT74,MRTU2172483,,,,,,20,GP,,,,,,,,,E,,,,,,,,,,,,,28-08-2026 01:14,,,,770,50079,219,06:25.9,,,
6364,IDJKT,JKT64,SPNU4647720,Ht20,3a,10,,,40,HC,,,,,,,,,E,,,,,,,,,,,,,30-08-2026 06:32,,,,770,50307,218,00:30.5,,,
5457,IDJKT,JKT64,FCIU6091440,,,,,,20,GP,,,,,,,,,F,,,,,,,,,,,,,28-08-2026 03:53,,,,770,50092,218,56:48.0,,,
5462,IDJKT,JKT64,MRTU2264928,,,,,,20,GP,,,,,,,,,F,,,,,,,,,,,,,28-08-2026 05:43,,,,770,50092,218,56:48.0,,,
5463,IDJKT,JKT64,HPCU2206932,,,,,,20,GP,,,,,,,,,F,,,,,,,,,,,,,28-08-2026 03:46,,,,770,50092,218,56:48.0,,,
5466,IDJKT,JKT64,MRTU2215013,,,,,,20,GP,,,,,,,,,F,,,,,,,,,,,,,28-08-2026 03:08,,,,770,50092,218,56:48.0,,,
5467,IDJKT,JKT64,CEOU2264293,,,,,,20,GP,,,,,,,,,F,,,,,,,,,,,,,28-08-2026 02:38,,,,770,50092,218,56:48.0,,,
5469,IDJKT,JKT64,MRTU2191014,,,,,,20,GP,,,,,,,,,F,,,,,,,,,,,,,28-08-2026 02:32,,,,770,50092,218,56:48.0,,,
5472,IDJKT,JKT64,MRTU2263109,,,,,,20,GP,,,,,,,,,F,,,,,,,,,,,,,28-08-2026 02:44,,,,770,50092,218,56:48.0,,,
5475,IDJKT,JKT64,DFSU3194032,,,,,,20,GP,,,,,,,,,F,,,,,,,,,,,,,28-08-2026 05:46,,,,770,50092,218,56:48.0,,,
5478,IDJKT,JKT64,MRTU2299354,,,,,,20,GP,,,,,,,,,F,,,,,,,,,,,,,28-08-2026 02:57,,,,770,50092,218,56:48.0,,,
5484,IDJKT,JKT64,MRLU2361343,,,,,,20,GP,,,,,,,,,E,,,,,,,,,,,,,28-08-2026 03:05,,,,770,50092,218,56:48.0,,,
5486,IDJKT,JKT64,MRTU2343605,,,,,,20,GP,,,,,,,,,F,,,,,,,,,,,,,28-08-2026 03:42,,,,770,50092,218,56:48.0,,,
5491,IDJKT,JKT64,MRTU2085917,,,,,,20,GP,,,,,,,,,E,,,,,,,,,,,,,28-08-2026 05:48,,,,770,50092,218,56:48.0,,,
5492,IDJKT,JKT64,MRTU2188582,,,,,,20,GP,,,,,,,,,F,,,,,,,,,,,,,28-08-2026 02:32,,,,770,50092,218,56:48.0,,,
5493,IDJKT,JKT64,MRTU2072566,,,,,,20,GP,,,,,,,,,E,,,,,,,,,,,,,28-08-2026 02:57,,,,770,50092,218,56:48.0,,,
5498,IDJKT,JKT64,MRTU2151773,,,,,,20,GP,,,,,,,,,F,,,,,,,,,,,,,28-08-2026 02:44,,,,770,50092,218,56:48.0,,,
5500,IDJKT,JKT64,MRTU2240989,,,,,,20,GP,,,,,,,,,F,,,,,,,,,,,,,28-08-2026 06:42,,,,770,50092,218,56:48.0,,,
5501,IDJKT,JKT64,DFSU3194198,,,,,,20,GP,,,,,,,,,F,,,,,,,,,,,,,28-08-2026 05:48,,,,770,50092,218,56:48.0,,,
5502,IDJKT,JKT64,HPCU2984610,,,,,,20,GP,,,,,,,,,F,,,,,,,,,,,,,28-08-2026 03:35,,,,770,50092,218,56:48.0,,,
5503,IDJKT,JKT64,MRTU2313658,,,,,,20,GP,,,,,,,,,F,,,,,,,,,,,,,28-08-2026 03:12,,,,770,50092,218,56:48.0,,,
5505,IDJKT,JKT64,MRTU2036893,,,,,,20,GP,,,,,,,,,F,,,,,,,,,,,,,28-08-2026 03:38,,,,770,50092,218,56:48.0,,,
5508,IDJKT,JKT64,TRHU3353422,,,,,,20,GP,,,,,,,,,F,,,,,,,,,,,,,28-08-2026 03:46,,,,770,50092,218,56:48.0,,,
5509,IDJKT,JKT64,MRLU4211701,,,,,,40,HC,,,,,,,,,E,,,,,,,,,,,,,28-08-2026 07:14,,,,770,50092,218,56:48.0,,,
5512,IDJKT,JKT64,MRTU2186424,,,,,,20,GP,,,,,,,,,F,,,,,,,,,,,,,28-08-2026 05:46,,,,770,50092,218,56:48.0,,,
5513,IDJKT,JKT64,MRTU2215456,,,,,,20,GP,,,,,,,,,F,,,,,,,,,,,,,28-08-2026 03:06,,,,770,50092,218,56:48.0,,,
5514,IDJKT,JKT74,MRTU2137266,,,,,,20,GP,,,,,,,,,E,,,,,,,,,,,,,28-08-2026 02:02,,,,770,50079,219,56:48.1,,,
5515,IDJKT,JKT74,MRTU2218964,,,,,,20,GP,,,,,,,,,E,,,,,,,,,,,,,28-08-2026 01:03,,,,770,50079,219,56:48.1,,,
5517,IDJKT,JKT74,MRTU2117022,,,,,,20,GP,,,,,,,,,E,,,,,,,,,,,,,28-08-2026 05:28,,,,770,50079,219,56:48.1,,,
5518,IDJKT,JKT74,MRTU9642070,,,,,,40,HC,,,,,,,,,E,,,,,,,,,,,,,27-08-2026 20:27,,,,770,50079,219,56:48.1,,,
5519,IDJKT,JKT74,MRTU2277078,,,,,,20,GP,,,,,,,,,E,,,,,,,,,,,,,28-08-2026 01:23,,,,770,50079,219,56:48.1,,,
5520,IDJKT,JKT74,DFSU3189458,,,,,,20,GP,,,,,,,,,E,,,,,,,,,,,,,28-08-2026 01:19,,,,770,50079,219,56:48.1,,,
5521,IDJKT,JKT74,MRTU2251788,,,,,,20,GP,,,,,,,,,E,,,,,,,,,,,,,28-08-2026 01:52,,,,770,50079,219,56:48.1,,,
6367,IDJKT,JKT64,SPNU4636120,Ht12,,,,,40,HC,,,,,,,,,E,,,,,,,,,,,,,30-08-2026 06:09,,,,770,50307,218,00:30.5,,,
6373,IDJKT,JKT64,SPNU4666947,Ht05,,,,,40,HC,,,,,,,,,E,,,,,,,,,,,,,30-08-2026 06:11,,,,770,50307,218,00:30.5,,,
5524,IDJKT,JKT74,MRTU2161149,,,,,,20,GP,,,,,,,,,E,,,,,,,,,,,,,28-08-2026 01:16,,,,770,50079,219,56:48.1,,,
5525,IDJKT,JKT74,MRTU2157956,,,,,,20,GP,,,,,,,,,E,,,,,,,,,,,,,28-08-2026 00:59,,,,770,50079,219,56:48.1,,,
6369,IDJKT,JKT64,MRTU2059564,Ht18,,,,,20,GP,,,,,,,,,F,,,,,,,,,,,,,30-08-2026 00:51,,,,770,50307,218,00:30.5,,,
6371,IDJKT,JKT64,MRTU2030447,Ht01,,,,,20,GP,,,,,,,,,E,,,,,,,,,,,,,30-08-2026 01:01,,,,770,50307,218,00:30.5,,,
5528,IDJKT,JKT74,MRTU2166135,,,,,,20,GP,,,,,,,,,E,,,,,,,,,,,,,28-08-2026 01:31,,,,770,50079,219,56:48.1,,,
5531,IDJKT,JKT74,MRTU2261153,,,,,,20,GP,,,,,,,,,E,,,,,,,,,,,,,28-08-2026 01:52,,,,770,50079,219,56:48.1,,,
5532,IDJKT,JKT74,MRTU2025287,,,,,,20,GP,,,,,,,,,E,,,,,,,,,,,,,28-08-2026 02:53,,,,770,50079,219,56:48.1,,,
5533,IDJKT,JKT74,MRTU2172483,,,,,,20,GP,,,,,,,,,E,,,,,,,,,,,,,28-08-2026 01:14,,,,770,50079,219,56:48.1,,,
5534,IDJKT,JKT74,MRTU2282768,,,,,,20,GP,,,,,,,,,E,,,,,,,,,,,,,28-08-2026 01:50,,,,770,50079,219,56:48.1,,,
5536,IDJKT,JKT74,TGHU6943816,,,,,,40,HC,,,,,,,,,E,,,,,,,,,,,,,27-08-2026 20:33,,,,770,50079,219,56:48.1,,,
5538,IDJKT,JKT74,MRTU2308939,,,,,,20,GP,,,,,,,,,E,,,,,,,,,,,,,27-08-2026 23:51,,,,770,50079,219,56:48.1,,,
5539,IDJKT,JKT74,MRTU2054259,,,,,,20,GP,,,,,,,,,E,,,,,,,,,,,,,28-08-2026 01:23,,,,770,50079,219,56:48.1,,,
5540,IDJKT,JKT74,MRTU2215820,,,,,,20,GP,,,,,,,,,E,,,,,,,,,,,,,28-08-2026 01:59,,,,770,50079,219,56:48.1,,,
5541,IDJKT,JKT74,MRTU2083160,,,,,,20,GP,,,,,,,,,E,,,,,,,,,,,,,28-08-2026 01:53,,,,770,50079,219,56:48.1,,,
5542,IDJKT,JKT74,MRTU2031757,,,,,,20,GP,,,,,,,,,E,,,,,,,,,,,,,28-08-2026 05:28,,,,770,50079,219,56:48.1,,,
6370,IDJKT,JKT64,MRTU2283002,Ht25,3a,13,,,20,GP,,,,,,,,,F,,,,,,,,,,,,,30-08-2026 02:17,,,,770,50307,218,00:30.5,,,
5545,IDJKT,JKT74,MRTU2185135,,,,,,20,GP,,,,,,,,,E,,,,,,,,,,,,,28-08-2026 01:20,,,,770,50079,219,56:48.1,,,
5547,IDJKT,JKT74,HPCU4315439,,,,,,40,HC,,,,,,,,,E,,,,,,,,,,,,,27-08-2026 20:28,,,,770,50079,219,56:48.1,,,
5549,IDJKT,JKT74,MRTU2166460,,,,,,20,GP,,,,,,,,,E,,,,,,,,,,,,,28-08-2026 01:59,,,,770,50079,219,56:48.1,,,
5551,IDJKT,JKT74,MRTU2026508,,,,,,20,GP,,,,,,,,,E,,,,,,,,,,,,,28-08-2026 01:58,,,,770,50079,219,56:48.1,,,
5553,IDJKT,JKT74,MRTU2270129,,,,,,20,GP,,,,,,,,,E,,,,,,,,,,,,,28-08-2026 01:58,,,,770,50079,219,56:48.1,,,
5554,IDJKT,JKT74,MRTU2193439,,,,,,20,GP,,,,,,,,,E,,,,,,,,,,,,,28-08-2026 01:03,,,,770,50079,219,56:48.1,,,
5556,IDJKT,JKT74,MRTU2201431,,,,,,20,GP,,,,,,,,,E,,,,,,,,,,,,,28-08-2026 01:24,,,,770,50079,219,56:48.1,,,
5559,IDJKT,JKT74,MRTU2260429,,,,,,20,GP,,,,,,,,,E,,,,,,,,,,,,,28-08-2026 01:30,,,,770,50079,219,56:48.1,,,
5560,IDJKT,JKT74,MRTU2284354,,,,,,20,GP,,,,,,,,,E,,,,,,,,,,,,,27-08-2026 23:41,,,,770,50079,219,56:48.1,,,
5566,IDJKT,JKT74,MRTU2249380,,,,,,20,GP,,,,,,,,,E,,,,,,,,,,,,,28-08-2026 00:59,,,,770,50079,219,56:48.1,,,
5570,IDJKT,JKT74,MRTU2146740,,,,,,20,GP,,,,,,,,,E,,,,,,,,,,,,,28-08-2026 01:24,,,,770,50079,219,56:48.1,,,
5571,IDJKT,JKT74,MRTU2105280,,,,,,20,GP,,,,,,,,,E,,,,,,,,,,,,,28-08-2026 00:37,,,,770,50079,219,56:48.1,,,
5572,IDJKT,JKT74,MRTU2221628,,,,,,20,GP,,,,,,,,,E,,,,,,,,,,,,,28-08-2026 01:49,,,,770,50079,219,56:48.1,,,
5573,IDJKT,JKT74,MRTU2045494,,,,,,20,GP,,,,,,,,,E,,,,,,,,,,,,,28-08-2026 02:01,,,,770,50079,219,56:48.1,,,
5575,IDJKT,JKT74,CAAU2947501,,,,,,20,GP,,,,,,,,,E,,,,,,,,,,,,,27-08-2026 23:33,,,,770,50079,219,56:48.1,,,
5576,IDJKT,JKT74,FCIU6079487,,,,,,20,GP,,,,,,,,,E,,,,,,,,,,,,,28-08-2026 01:15,,,,770,50079,219,56:48.1,,,
5589,IDJKT,JKT64,MRTU2307866,Ht19,,,,,20,GP,,,,,,,,,F,,,,,,,,,,,,,28-08-2026 07:20,,,,770,50086,218,56:48.4,,,
5595,IDJKT,JKT64,MRTU2192453,Ht06,,,,,20,GP,,,,,,,,,F,,,,,,,,,,,,,28-08-2026 07:12,,,,770,50086,218,56:48.4,,,
5599,IDJKT,JKT64,MRTU2225834,Ht06,,,,,20,GP,,,,,,,,,F,,,,,,,,,,,,,28-08-2026 07:13,,,,770,50086,218,56:48.4,,,
5605,IDJKT,JKT64,FCIU6090824,Ht11,,,,,20,GP,,,,,,,,,F,,,,,,,,,,,,,28-08-2026 07:17,,,,770,50086,218,56:48.4,,,
5582,IDJKT,JKT64,MRTU2281910,Ht10,3a,35,2,1,20,GP,,,,,,,,,F,,,,,,,,,,,,,28-08-2026 06:31,,,,770,50086,218,56:48.4,,,
5612,IDJKT,JKT64,MRTU2238981,Ht19,,,,,20,GP,,,,,,,,,F,,,,,,,,,,,,,28-08-2026 07:18,,,,770,50086,218,56:48.4,,,
5586,IDJKT,JKT64,HPCU2224005,Ht08,,,,,20,GP,,,,,,,,,F,,,,,,,,,,,,,28-08-2026 04:21,,,,770,50086,218,56:48.4,,,
5609,IDJKT,JKT64,HPCU4319769,Ht19,,,,,40,HC,,,,,,,,,F,,,,,,,,,,,,,28-08-2026 04:14,,,,770,50086,218,56:48.4,,,
5591,IDJKT,JKT64,MRTU2249461,Ht12,3a,34,1,1,20,GP,,,,,,,,,F,,,,,,,,,,,,,28-08-2026 06:16,,,,770,50086,218,56:48.4,,,
5596,IDJKT,JKT64,MRTU2162968,Ht01,3a,34,5,4,20,GP,,,,,,,,,F,,,,,,,,,,,,,28-08-2026 06:24,,,,770,50086,218,56:48.4,,,
5603,IDJKT,JKT64,MRTU2311470,Ht13,3a,42,1,4,20,GP,,,,,,,,,F,,,,,,,,,,,,,28-08-2026 07:24,,,,770,50086,218,56:48.4,,,
5606,IDJKT,JKT64,CAJU5094902,Ht18,3a,30,2,3,40,HC,,,,,,,,,F,,,,,,,,,,,,,28-08-2026 04:18,,,,770,50086,218,56:48.4,,,
5614,IDJKT,JKT64,TGHU8555770,Ht18,3a,46,5,4,40,HC,,,,,,,,,E,,,,,,,,,,,,,28-08-2026 07:21,,,,770,50086,218,56:48.4,,,
5615,IDJKT,JKT74,MRTU2284020,,,,,,20,GP,,,,,,,,,E,,,,,,,,,,,,,28-08-2026 01:00,,,,770,50090,219,56:48.5,,,
5619,IDJKT,JKT74,MRTU2301765,,,,,,20,GP,,,,,,,,,E,,,,,,,,,,,,,28-08-2026 00:43,,,,770,50090,219,56:48.5,,,
6378,IDJKT,JKT64,SPNU4644110,Ht06,3a,10,,,40,HC,,,,,,,,,E,,,,,,,,,,,,,30-08-2026 06:25,,,,770,50307,218,00:30.5,,,
6379,IDJKT,JKT64,MRTU2149626,Ht10,3a,42,,,20,GP,,,,,,,,,F,,,,,,,,,,,,,30-08-2026 02:57,,,,770,50307,218,00:30.5,,,
6380,IDJKT,JKT64,SPNU4646811,Ht07,3a,10,,,40,HC,,,,,,,,,E,,,,,,,,,,,,,30-08-2026 06:10,,,,770,50307,218,00:30.5,,,
6381,IDJKT,JKT64,SPNU4664610,Ht19,3a,12,,,40,HC,,,,,,Yes,,,E,,,,,,,,,,,,,30-08-2026 05:56,,,,770,50307,218,00:30.5,,,
5678,IDJKT,JKT64,MRTU2346097,H04,,,,,20,GP,,,,,,,,,F,,,,,,,,,,,,,28-08-2026 02:35,,,,770,50093,218,06:49.5,,,
5694,IDJKT,JKT64,MRTU2328787,H04,,,,,20,GP,,,,,,,,,F,,,,,,,,,,,,,28-08-2026 02:35,,,,770,50093,218,06:49.5,,,
6384,IDJKT,JKT64,SPNU2744320,Ht07,,,,,20,GP,,,,,,,,,F,,,,,,,,,,,,,30-08-2026 07:23,,,,770,50307,218,00:30.5,,,
5643,IDJKT,JKT74,MRTU2071472,,,,,,20,GP,,,,,,,,,E,,,,,,,,,,,,,28-08-2026 00:21,,,,770,50090,219,56:48.5,,,
6383,IDJKT,JKT64,MRTU2215950,Hg10,3a,23,,,20,GP,,,,,,,,,F,,,,,,,,,,,,,30-08-2026 01:53,,,,770,50307,218,00:30.5,,,
5660,IDJKT,JKT74,MRTU2304717,,,,,,20,GP,,,,,,,,,E,,,,,,,,,,,,,28-08-2026 01:04,,,,770,50090,219,56:48.5,,,
5663,IDJKT,JKT74,MRLU2389989,,,,,,20,GP,,,,,,,,,E,,,,,,,,,,,,,28-08-2026 02:21,,,,770,50090,219,56:48.5,,,
6385,IDJKT,JKT64,FCIU6092703,Ht03,3a,23,,,20,GP,,,,,,,,,F,,,,,,,,,,,,,30-08-2026 01:35,,,,770,50307,218,00:30.5,,,
5668,IDJKT,JKT74,CAAU2936702,,,,,,20,GP,,,,,,,,,E,,,,,,,,,,,,,28-08-2026 00:32,,,,770,50090,219,56:48.5,,,
5670,IDJKT,JKT74,MRTU2297428,,,,,,20,GP,,,,,,,,,E,,,,,,,,,,,,,28-08-2026 00:51,,,,770,50090,219,56:48.5,,,
6386,IDJKT,JKT64,MRTU2091566,Ht30,3a,13,,,20,GP,,,,,,,,,F,,,,,,,,,,,,,30-08-2026 02:14,,,,770,50307,218,00:30.5,,,
5676,IDJKT,JKT64,FCIU6081355,H08,2A,1,5,1,20,GP,,,,,,,,,F,,,,,,,,,,,,,28-08-2026 06:15,,,,770,50093,218,06:49.5,,,
5677,IDJKT,JKT64,MRTU2318177,H03,1A,6,3,1,20,GP,,,,,,,,,F,,,,,,,,,,,,,28-08-2026 05:57,,,,770,50093,218,06:49.5,,,
5683,IDJKT,JKT64,MRTU2212499,H09,1A,10,1,3,20,GP,,,,,,,,,F,,,,,,,,,,,,,28-08-2026 02:38,,,,770,50093,218,06:49.5,,,
5687,IDJKT,JKT64,MRTU2268137,H17,2A,6,4,4,20,GP,,,,,,,,,F,,,,,,,,,,,,,28-08-2026 02:11,,,,770,50093,218,06:49.5,,,
5688,IDJKT,JKT64,FCIU6079785,H06,2A,12,1,3,20,GP,,,,,,,,,F,,,,,,,,,,,,,28-08-2026 01:57,,,,770,50093,218,06:49.5,,,
5691,IDJKT,JKT64,MRTU2186790,H18,2A,5,5,4,20,GP,,,,,,,,,F,,,,,,,,,,,,,28-08-2026 06:42,,,,770,50093,218,06:49.5,,,
5692,IDJKT,JKT64,MRTU2332616,H07,,,,,20,GP,,,,,,,,,F,,,,,,,,,,,,,28-08-2026 06:38,,,,770,50093,218,06:49.5,,,
5717,IDJKT,JKT64,MRTU2343668,H07,,,,,20,GP,,,,,,,,,F,,,,,,,,,,,,,28-08-2026 02:59,,,,770,50093,218,06:49.5,,,
5714,IDJKT,JKT64,MRTU2238831,H07,,,,,20,GP,,,,,,,,,F,,,,,,,,,,,,,28-08-2026 03:00,,,,770,50093,218,06:49.5,,,
5698,IDJKT,JKT64,MRTU2119257,H07,2A,,5,1,20,GP,,,,,,,,,F,,,,,,,,,,,,,28-08-2026 06:37,,,,770,50093,218,06:49.5,,,
5746,IDJKT,JKT64,MRTU2283194,Ht16,,,,,20,GP,,,,,,,,,F,,,,,,,,,,,,,28-08-2026 01:05,,,,770,50091,218,06:49.6,,,
5700,IDJKT,JKT64,MRLU4210562,H12,1A,8,1,2,20,GP,,,,,,,,,E,,,,,,,,,,,,,28-08-2026 05:44,,,,770,50093,218,06:49.5,,,
5747,IDJKT,JKT64,MRTU2204723,Ht02,,,,,20,GP,,,,,,,,,F,,,,,,,,,,,,,28-08-2026 03:27,,,,770,50091,218,06:49.6,,,
5702,IDJKT,JKT64,MRTU2169474,15,2A,2,2,3,20,GP,,,,,,,,,F,,,,,,,,,,,,,28-08-2026 01:27,,,,770,50093,218,06:49.5,,,
5703,IDJKT,JKT64,MRTU2328025,H11,,,,,20,GP,,,,,,,,,F,,,,,,,,,,,,,28-08-2026 07:33,,,,770,50093,218,06:49.5,,,
5704,IDJKT,JKT64,MRTU2257636,H03,,,,,20,GP,,,,,,,,,F,,,,,,,,,,,,,28-08-2026 06:56,,,,770,50093,218,06:49.5,,,
5730,IDJKT,JKT64,MRTU2086596,H08,,,,,20,GP,,,,,,,,,F,,,,,,,,,,,,,28-08-2026 06:17,,,,770,50093,218,06:49.5,,,
5750,IDJKT,JKT64,MRTU2083494,Ht18,,,,,20,GP,,,,,,,,,E,,,,,,,,,,,,,28-08-2026 02:04,,,,770,50091,218,06:49.6,,,
5709,IDJKT,JKT64,MRTU2307655,H13,2A,1,5,4,20,GP,,,,,,,,,F,,,,,,,,,,,,,28-08-2026 06:19,,,,770,50093,218,06:49.5,,,
5712,IDJKT,JKT64,MRTU2191550,H08,,,,,20,GP,,,,,,,,,F,,,,,,,,,,,,,28-08-2026 07:12,,,,770,50093,218,06:49.5,,,
5713,IDJKT,JKT64,MRTU2237820,H20,2A,1,6,4,20,GP,,,,,,,,,F,,,,,,,,,,,,,28-08-2026 07:22,,,,770,50093,218,06:49.5,,,
5715,IDJKT,JKT64,MRTU2325474,H15,,,,,20,GP,,,,,,,,,F,,,,,,,,,,,,,28-08-2026 01:28,,,,770,50093,218,06:49.5,,,
5722,IDJKT,JKT64,MRTU9646394,H17,2A,14,1,1,40,HC,,,,,,,,,E,,,,,,,,,,,,,28-08-2026 00:19,,,,770,50093,218,06:49.5,,,
5728,IDJKT,JKT64,HPCU2232103,H11,2A,7,3,3,20,GP,,,,,,,,,F,,,,,,,,,,,,,28-08-2026 07:29,,,,770,50093,218,06:49.5,,,
5729,IDJKT,JKT64,MRTU2184340,H09,,,,,20,GP,,,,,,,,,F,,,,,,,,,,,,,28-08-2026 02:39,,,,770,50093,218,06:49.5,,,
5732,IDJKT,JKT64,MRTU2270875,H03,1A,6,3,2,20,GP,,,,,,,,,F,,,,,,,,,,,,,28-08-2026 05:58,,,,770,50093,218,06:49.5,,,
5733,IDJKT,JKT64,MRTU2297834,H17,,,,,20,GP,,,,,,,,,F,,,,,,,,,,,,,28-08-2026 05:59,,,,770,50093,218,06:49.5,,,
5735,IDJKT,JKT64,MRTU2261430,H05,2A,6,4,1,20,GP,,,,,,,,,F,,,,,,,,,,,,,28-08-2026 06:46,,,,770,50093,218,06:49.5,,,
5737,IDJKT,JKT64,MRTU2257261,Ht13,3a,14,,,20,GP,,,,,,,,,F,,,,,,,,,,,,,28-08-2026 01:52,,,,770,50091,218,06:49.6,,,
5742,IDJKT,JKT64,MRTU2262993,Ht03,3a,16,,,20,GP,,,,,,,,,F,,,,,,,,,,,,,28-08-2026 03:19,,,,770,50091,218,06:49.6,,,
5743,IDJKT,JKT64,MRTU2345552,Ht11,3a,13,,,20,GP,,,,,,,,,F,,,,,,,,,,,,,28-08-2026 01:36,,,,770,50091,218,06:49.6,,,
5751,IDJKT,JKT64,MRTU2212605,Ht20,3a,1,,,20,GP,,,,,,,,,F,,,,,,,,,,,,,28-08-2026 02:06,,,,770,50091,218,06:49.6,,,
5752,IDJKT,JKT64,MRTU2339483,Ht19,3a,4,,,20,GP,,,,,,,,,F,,,,,,,,,,,,,28-08-2026 02:42,,,,770,50091,218,06:49.6,,,
5753,IDJKT,JKT64,MRTU2282536,Ht15,3a,21,,,20,GP,,,,,,,,,F,,,,,,,,,,,,,28-08-2026 01:08,,,,770,50091,218,06:49.6,,,
5754,IDJKT,JKT64,HPCU2227046,Ht01,3a,16,,,20,GP,,,,,,,,,F,,,,,,,,,,,,,28-08-2026 03:22,,,,770,50091,218,06:49.6,,,
5761,IDJKT,JKT64,MRTU2138257,Ht14,,,,,20,GP,,,,,,,,,F,,,,,,,,,,,,,28-08-2026 02:22,,,,770,50091,218,06:49.6,,,
5757,IDJKT,JKT64,MRTU2226208,Ht01,3a,16,,,20,GP,,,,,,,,,F,,,,,,,,,,,,,28-08-2026 03:21,,,,770,50091,218,06:49.6,,,
5767,IDJKT,JKT64,MRTU2256584,Ht14,,,,,20,GP,,,,,,,,,F,,,,,,,,,,,,,28-08-2026 03:05,,,,770,50091,218,06:49.6,,,
5763,IDJKT,JKT64,MRTU2198549,Ht14,3a,14,,,20,GP,,,,,,,,,F,,,,,,,,,,,,,28-08-2026 01:51,,,,770,50091,218,06:49.6,,,
5765,IDJKT,JKT64,FCIU6079764,Ht12,3a,16,,,20,GP,,,,,,,,,F,,,,,,,,,,,,,28-08-2026 03:26,,,,770,50091,218,06:49.6,,,
5774,IDJKT,JKT64,MRTU2240891,Ht18,3a,20,,,20,GP,,,,,,,,,F,,,,,,,,,,,,,28-08-2026 00:55,,,,770,50091,218,06:49.6,,,
5775,IDJKT,JKT64,MRTU2245810,Ht18,3a,20,,,20,GP,,,,,,,,,F,,,,,,,,,,,,,28-08-2026 00:32,,,,770,50091,218,06:49.6,,,
5777,IDJKT,JKT64,MRTU2259639,Ht01,3a,2,,,20,GP,,,,,,,,,F,,,,,,,,,,,,,28-08-2026 02:27,,,,770,50091,218,06:49.6,,,
5780,IDJKT,JKT64,MRTU2303367,Ht18,3a,20,,,20,GP,,,,,,,,,F,,,,,,,,,,,,,28-08-2026 00:30,,,,770,50091,218,06:49.6,,,
5782,IDJKT,JKT64,MRTU2220236,Ht20,3a,1,,,20,GP,,,,,,,,,F,,,,,,,,,,,,,28-08-2026 02:07,,,,770,50091,218,06:49.6,,,
5783,IDJKT,JKT64,MRTU2209880,ht19,3a,1,,,20,GP,,,,,,,,,F,,,,,,,,,,,,,28-08-2026 02:10,,,,770,50091,218,06:49.6,,,
5802,IDJKT,JKT74,MRTU2205381,Ht12,C,2,11,3,20,GP,,,,,,,,,E,,,,,,,,,,,,,28-08-2026 08:22,,,,770,50151,219,07:11.3,,,
5833,IDJKT,JKT74,MRTU2124145,Ht16,C,7,2,1,20,GP,,,,,,,,,E,,,,,,,,,,,,,28-08-2026 09:26,,,,770,50151,219,07:11.3,,,
5835,IDJKT,JKT74,MRTU2226960,Ht12,C,2,11,4,20,GP,,,,,,,,,E,,,,,,,,,,,,,28-08-2026 08:22,,,,770,50151,219,07:11.3,,,
5839,IDJKT,JKT74,MRTU2133337,Ht10,C,7,2,4,20,GP,,,,,,,,,E,,,,,,,,,,,,,28-08-2026 09:27,,,,770,50151,219,07:11.3,,,
6387,IDJKT,JKT64,TRHU3192740,Ht15,3a,27,,,20,GP,,,,,,,,,F,,,,,,,,,,,,,30-08-2026 00:48,,,,770,50307,218,00:30.5,,,
6388,IDJKT,JKT64,MRLU2361533,Ht06,3a,23,,,20,GP,,,,,,,,,F,,,,,,,,,,,,,30-08-2026 01:31,,,,770,50307,218,00:30.5,,,
6389,IDJKT,JKT64,MRTU2013990,Ht25,3a,13,,,20,GP,,,,,,,,,E,,,,,,,,,,,,,30-08-2026 02:16,,,,770,50307,218,00:30.5,,,
6390,IDJKT,JKT64,SPNU4612576,Ht07,3a,10,,,40,HC,,,,,,,,,E,,,,,,,,,,,,,30-08-2026 06:24,,,,770,50307,218,00:30.5,,,
6393,IDJKT,JKT64,SPNU4671394,Ht01,3a,10,,,40,HC,,,,,,,,,E,,,,,,,,,,,,,30-08-2026 06:30,,,,770,50307,218,00:30.5,,,
6395,IDJKT,JKT64,SPNU4623755,Ht02,3a,6,,,40,HC,,,,,,,,,E,,,,,,,,,,,,,30-08-2026 06:37,,,,770,50307,218,00:30.5,,,
6396,IDJKT,JKT64,SPNU4633603,Ht03,3a,10,,,40,HC,,,,,,,,,E,,,,,,,,,,,,,30-08-2026 06:12,,,,770,50307,218,00:30.5,,,
6397,IDJKT,JKT64,GESU2128253,Ht03,3a. Penyok Sisi Depan Atas,23,,,20,GP,,,,,,,,,E,,,,,,,,,,,,,30-08-2026 01:34,,,,770,50307,218,00:30.5,,,
6398,IDJKT,JKT64,SPNU4645271,Ht17,3a,10,,,40,HC,,,,,,,,,E,,,,,,,,,,,,,30-08-2026 06:33,,,,770,50307,218,00:30.5,,,
6401,IDJKT,JKT64,MRLU2374649,Ht18,3a,23,,,20,GP,,,,,,,,,F,,,,,,,,,,,,,30-08-2026 01:51,,,,770,50307,218,00:30.5,,,
6403,IDJKT,JKT64,MRTU2062296,Ht06,3a,23,,,20,GP,,,,,,,,,F,,,,,,,,,,,,,30-08-2026 01:31,,,,770,50307,218,00:30.5,,,
6406,IDJKT,JKT64,MRTU2090148,Ht30,3a,13,,,20,GP,,,,,,,,,F,,,,,,,,,,,,,30-08-2026 02:12,,,,770,50307,218,00:30.5,,,
6407,IDJKT,JKT64,MRTU2141950,Ht15,3a,27,,,20,GP,,,,,,,,,F,,,,,,,,,,,,,30-08-2026 00:48,,,,770,50307,218,00:30.5,,,
6408,IDJKT,JKT64,SPNU4674449,,,,,,40,HC,,,,,,,,,E,,,,,,,,,,,,,30-08-2026 05:15,,,,770,50307,218,00:30.5,,,
6430,IDJKT,JKT64,SPNU4658900,Ht03,3a,10,,,40,HC,,,,,,,,,E,,,,,,,,,,,,,30-08-2026 06:28,,,,770,50307,218,00:30.5,,,
6431,IDJKT,JKT64,MRLU2353482,Ht09,3a,21,,,20,GP,,,,,,,,,F,,,,,,,,,,,,,30-08-2026 02:46,,,,770,50307,218,00:30.5,,,
6432,IDJKT,JKT64,MRTU2135366,Ht16,3a,41,,,20,GP,,,,,,,,,F,,,,,,,,,,,,,30-08-2026 03:30,,,,770,50307,218,00:30.5,,,
6433,IDJKT,JKT64,SPNU4664348,,,,,,20,GP,,,,,,,,,F,,,,,,,,,,,,,30-08-2026 05:22,,,,770,50304,218,00:30.7,,,
6434,IDJKT,JKT64,MRTU2151536,,,,,,20,GP,,,,,,,,,F,,,,,,,,,,,,,29-08-2026 22:30,,,,770,50304,218,00:30.7,,,
6435,IDJKT,JKT64,MRTU2051157,,,,,,20,GP,,,,,,,,,F,,,,,,,,,,,,,30-08-2026 02:39,,,,770,50304,218,00:30.7,,,
6436,IDJKT,JKT64,SPNU4650386,,,,,,40,HC,,,,,,,,,E,,,,,,,,,,,,,30-08-2026 03:38,,,,770,50304,218,00:30.7,,,
6437,IDJKT,JKT64,SPNU4658617,,,,,,40,HC,,,,,,,,,E,,,,,,,,,,,,,30-08-2026 06:48,,,,770,50304,218,00:30.7,,,
6438,IDJKT,JKT64,MRTU2048385,,,,,,20,GP,,,,,,,,,F,,,,,,,,,,,,,29-08-2026 21:45,,,,770,50304,218,00:30.7,,,
6439,IDJKT,JKT64,SPNU4611440,,,,,,40,HC,,,,,,,,,E,,,,,,,,,,,,,30-08-2026 05:51,,,,770,50304,218,00:30.7,,,
6441,IDJKT,JKT64,MRTU2088860,,,,,,20,GP,,,,,,,,,F,,,,,,,,,,,,,29-08-2026 22:38,,,,770,50304,218,00:30.7,,,
6443,IDJKT,JKT64,MRTU2170583,,,,,,20,GP,,,,,,,,,F,,,,,,,,,,,,,30-08-2026 02:19,,,,770,50304,218,00:30.7,,,
6447,IDJKT,JKT64,TIIU6801784,,,,,,40,HC,,,,,,,,,E,,,,,,,,,,,,,30-08-2026 00:40,,,,770,50304,218,00:30.7,,,
6448,IDJKT,JKT64,SPNU4636177,,,,,,40,HC,,,,,,,,,E,,,,,,,,,,,,,30-08-2026 06:52,,,,770,50304,218,00:30.7,,,
6449,IDJKT,JKT64,CAAU8338518,,,,,,40,HC,,,,,,,,,F,,,,,,,,,,,,,30-08-2026 07:13,,,,770,50304,218,00:30.7,,,
6450,IDJKT,JKT64,MRLU2388719,,,,,,20,GP,,,,,,,,,F,,,,,,,,,,,,,29-08-2026 22:28,,,,770,50304,218,00:30.7,,,
6451,IDJKT,JKT64,MRTU2128520,,,,,,20,GP,,,,,,,,,F,,,,,,,,,,,,,30-08-2026 01:25,,,,770,50304,218,00:30.7,,,
6452,IDJKT,JKT64,MRTU2134246,,,,,,20,GP,,,,,,,,,F,,,,,,,,,,,,,30-08-2026 01:25,,,,770,50304,218,00:30.7,,,
6454,IDJKT,JKT64,MRTU2287055,,,,,,20,GP,,,,,,,,,F,,,,,,,,,,,,,30-08-2026 02:21,,,,770,50304,218,00:30.7,,,
6456,IDJKT,JKT64,SPNU4657591,,,,,,40,HC,,,,,,,,,E,,,,,,,,,,,,,30-08-2026 07:00,,,,770,50304,218,00:30.7,,,
6429,IDJKT,JKT64,MRTU2047157,Ht27,,,,,20,GP,,,,,,,,,F,,,,,,,,,,,,,30-08-2026 01:47,,,,770,50307,218,00:30.5,,,
6459,IDJKT,JKT64,SPNU4629814,,,,,,40,HC,,,,,,,,,E,,,,,,,,,,,,,30-08-2026 07:05,,,,770,50304,218,00:30.7,,,
6460,IDJKT,JKT64,TCNU5867094,,,,,,40,HC,,,,,,,,,E,,,,,,,,,,,,,30-08-2026 00:29,,,,770,50304,218,00:30.7,,,
6463,IDJKT,JKT64,SPNU4640412,,,,,,40,HC,,,,,,,,,F,,,,,,,,,,,,,30-08-2026 07:18,,,,770,50304,218,00:30.7,,,
6466,IDJKT,JKT64,SPNU4622358,,,,,,40,HC,,,,,,,,,E,,,,,,,,,,,,,30-08-2026 06:47,,,,770,50304,218,00:30.7,,,
6467,IDJKT,JKT64,MRTU2194477,,,,,,20,GP,,,,,,,,,F,,,,,,,,,,,,,29-08-2026 22:29,,,,770,50304,218,00:30.7,,,
6469,IDJKT,JKT64,SEKU1619884,,,,,,20,GP,,,,,,,,,F,,,,,,,,,,,,,30-08-2026 02:17,,,,770,50304,218,00:30.7,,,
6470,IDJKT,JKT64,MRTU2026088,,,,,,20,GP,,,,,,,,,F,,,,,,,,,,,,,30-08-2026 03:03,,,,770,50304,218,00:30.7,,,
6472,IDJKT,JKT64,MRLU2350267,,,,,,20,GP,,,,,,,,,F,,,,,,,,,,,,,30-08-2026 01:33,,,,770,50304,218,00:30.7,,,
6473,IDJKT,JKT64,SPNU4680605,,,,,,40,HC,,,,,,,,,E,,,,,,,,,,,,,30-08-2026 03:50,,,,770,50304,218,00:30.7,,,
6474,IDJKT,JKT64,SPNU4614352,,,,,,40,HC,,,,,,,,,E,,,,,,,,,,,,,30-08-2026 05:55,,,,770,50304,218,00:30.7,,,
6476,IDJKT,JKT64,SPNU4644948,,,,,,40,HC,,,,,,,,,E,,,,,,,,,,,,,30-08-2026 03:33,,,,770,50304,218,00:30.7,,,
6479,IDJKT,JKT64,SPNU4651090,,,,,,40,HC,,,,,,,,,E,,,,,,,,,,,,,30-08-2026 05:34,,,,770,50304,218,00:30.7,,,
6480,IDJKT,JKT64,MRTU2043510,,,,,,20,GP,,,,,,,,,F,,,,,,,,,,,,,30-08-2026 01:33,,,,770,50304,218,00:30.7,,,
6485,IDJKT,JKT64,MRTU2023509,,,,,,20,GP,,,,,,,,,E,,,,,,,,,,,,,30-08-2026 02:38,,,,770,50304,218,00:30.7,,,
6486,IDJKT,JKT64,SPNU4617053,,,,,,40,HC,,,,,,,,,E,,,,,,,,,,,,,30-08-2026 05:36,,,,770,50304,218,00:30.7,,,
6487,IDJKT,JKT64,MRLU2342955,,,,,,20,GP,,,,,,,,,F,,,,,,,,,,,,,29-08-2026 21:45,,,,770,50304,218,00:30.7,,,
6488,IDJKT,JKT64,MRTU2194477,,,,,,20,GP,,,,,,,,,F,,,,,,,,,,,,,29-08-2026 22:29,,,,770,50304,218,00:30.7,,,
6484,IDJKT,JKT64,MRTU2106244,,,,,,20,GP,,,,,,,,,F,,,,,,,,,,,,,29-08-2026 21:34,,,,770,50304,218,00:30.7,,,
6526,IDJKT,JKT64,MRTU2138452,H05,,,,,20,GP,,,,,,,,,F,,,,,,,,,,,,,29-08-2026 23:19,,,,770,50353,218,00:30.9,,,
6506,IDJKT,JKT64,SPNU4624094,H04,,,,,40,HC,,,,,,,,,E,,,,,,,,,,,,,30-08-2026 06:35,,,,770,50353,218,00:30.9,,,
6507,IDJKT,JKT64,SPNU4668750,H05,2A,4,2,3,40,HC,,,,,,,,,E,,,,,,,,,,,,,30-08-2026 03:41,,,,770,50353,218,00:30.9,,,
6508,IDJKT,JKT64,SPNU4655304,H01,,,,,40,HC,,,,,,,,,E,,,,,,,,,,,,,30-08-2026 06:36,,,,770,50353,218,00:30.9,,,
6510,IDJKT,JKT64,SPNU4635870,H17,,,,,40,HC,,,,,,,,,E,,,,,,,,,,,,,30-08-2026 06:21,,,,770,50353,218,00:30.9,,,
6511,IDJKT,JKT64,SPNU4656614,H20,1A,2,6,1,40,HC,,,,,,,,,F,,,,,,,,,,,,,30-08-2026 03:14,,,,770,50353,218,00:30.9,,,
6514,IDJKT,JKT64,MRTU2072360,H01,,,,,20,GP,,,,,,,,,F,,,,,,,,,,,,,29-08-2026 23:28,,,,770,50353,218,00:30.9,,,
6516,IDJKT,JKT64,SPNU4625824,H01,1A,2,1,2,40,HC,,,,,,,,,E,,,,,,,,,,,,,30-08-2026 06:25,,,,770,50353,218,00:30.9,,,
6540,IDJKT,JKT64,SPNU4666593,H17,,,,,40,HC,,,,,,,,,E,,,,,,,,,,,,,30-08-2026 03:40,,,,770,50353,218,00:30.9,,,
6523,IDJKT,JKT64,SPNU4601226,H18,,,,,40,HC,,,,,,,,,E,,,,,,,,,,,,,30-08-2026 03:43,,,,770,50353,218,00:30.9,,,
6525,IDJKT,JKT64,SPNU4640080,H20,1A,2,6,4,40,HC,,,,,,,,,E,,,,,,,,,,,,,30-08-2026 06:12,,,,770,50353,218,00:30.9,,,
6528,IDJKT,JKT64,HPCU2226902,B9977,,,,,20,GP,,,,,,,,,F,,,,,,,,,,,,,29-08-2026 22:57,,,,770,50353,218,00:30.9,,,
6529,IDJKT,JKT64,SPNU4674080,H06,1A,12,3,3,40,HC,,,,,,,,,E,,,,,,,,,,,,,30-08-2026 07:06,,,,770,50353,218,00:30.9,,,
6530,IDJKT,JKT64,SPNU4624601,H22,1A,2,1,1,40,HC,,,,,,,,,E,,,,,,,,,,,,,30-08-2026 06:23,,,,770,50353,218,00:30.9,,,
6531,IDJKT,JKT64,MRTU9659513,H01,1A,2,1,1,40,HC,,,,,,,,,F,,,,,,,,,,,,,29-08-2026 22:39,,,,770,50353,218,00:30.9,,,
6532,IDJKT,JKT64,SPNU4635340,H19,,,,,40,HC,,,,,,,,,E,,,,,,,,,,,,,30-08-2026 06:49,,,,770,50353,218,00:30.9,,,
6533,IDJKT,JKT64,SPNU4652650,H03,1A,2,1,4,40,HC,,,,,,,,,E,,,,,,,,,,,,,30-08-2026 06:34,,,,770,50353,218,00:30.9,,,
6535,IDJKT,JKT64,MRTU2299499,H18,2A,11,5,3,20,GP,,,,,,,,,F,,,,,,,,,,,,,29-08-2026 23:24,,,,770,50353,218,00:30.9,,,
6536,IDJKT,JKT64,SPNU4686619,H05,,,,,40,HC,,,,,,,,,E,,,,,,,,,,,,,30-08-2026 06:53,,,,770,50353,218,00:30.9,,,
6538,IDJKT,JKT64,SPNU4630559,H19,,,,,40,HC,,,,,,,,,E,,,,,,,,,,,,,30-08-2026 06:30,,,,770,50353,218,00:30.9,,,
6541,IDJKT,JKT64,SPNU4632084,H17,,,,,40,HC,,,,,,,,,E,,,,,,,,,,,,,30-08-2026 07:08,,,,770,50353,218,00:30.9,,,
6543,IDJKT,JKT74,SPNU4676821,,,,,,40,HC,,,,,,,,,E,,,,,,,,,,,,,30-08-2026 05:25,,,,770,50305,219,00:31.0,,,
6546,IDJKT,JKT74,SPNU4612489,,,,,,,HC,,,,,,,,,E,,,,,,,,,,,,,30-08-2026 03:15,,,,770,50305,219,00:31.0,,,
6547,IDJKT,JKT74,SPNU4684880,,,,,,40,HC,,,,,,,,,E,,,,,,,,,,,,,30-08-2026 05:51,,,,770,50305,219,00:31.0,,,
6548,IDJKT,JKT74,MRTU2059950,,,,,,20,GP,,,,,,,,,E,,,,,,,,,,,,,30-08-2026 00:36,,,,770,50305,219,00:31.0,,,
6549,IDJKT,JKT74,SPNU4664034,,,,,,40,HC,,,,,,,,,E,,,,,,,,,,,,,30-08-2026 05:43,,,,770,50305,219,00:31.0,,,
6550,IDJKT,JKT74,MRTU2313215,,,,,,20,GP,,,,,,,,,E,,,,,,,,,,,,,30-08-2026 02:24,,,,770,50305,219,00:31.0,,,
6551,IDJKT,JKT74,MRTU2135514,,,,,,20,GP,,,,,,,,,E,,,,,,,,,,,,,30-08-2026 00:38,,,,770,50305,219,00:31.0,,,
6556,IDJKT,JKT74,SPNU4663573,,,,,,40,HC,,,,,,,,,E,,,,,,,,,,,,,30-08-2026 03:32,,,,770,50305,219,00:31.0,,,
6576,IDJKT,JKT74,SPNU4635397,,,,,,40,HC,,,,,,,,,E,,,,,,,,,,,,,30-08-2026 03:48,,,,770,50305,219,00:31.0,,,
6578,IDJKT,JKT74,MRTU2223940,,,,,,20,GP,,,,,,,,,E,,,,,,,,,,,,,30-08-2026 02:23,,,,770,50305,219,00:31.0,,,
6581,IDJKT,JKT74,CRXU3243240,,,,,,20,GP,,,,,,,,,E,,,,,,,,,,,,,30-08-2026 00:51,,,,770,50305,219,00:31.0,,,
6582,IDJKT,JKT74,HPCU2987394,,,,,,20,GP,,,,,,,,,E,,,,,,,,,,,,,30-08-2026 02:46,,,,770,50305,219,00:31.0,,,
6587,IDJKT,JKT74,MRTU2093316,,,,,,20,GP,,,,,,,,,E,,,,,,,,,,,,,30-08-2026 00:23,,,,770,50305,219,00:31.0,,,
6589,IDJKT,JKT74,MRTU2125331,,,,,,20,GP,,,,,,,,,E,,,,,,,,,,,,,30-08-2026 00:18,,,,770,50305,219,00:31.0,,,
6590,IDJKT,JKT74,MRTU2019237,,,,,,20,GP,,,,,,,,,E,,,,,,,,,,,,,30-08-2026 00:42,,,,770,50305,219,00:31.0,,,
6591,IDJKT,JKT74,SPNU4681129,,,,,,40,HC,,,,,,,,,E,,,,,,,,,,,,,30-08-2026 03:13,,,,770,50305,219,00:31.0,,,
6592,IDJKT,JKT74,SPNU4686516,,,,,,40,HC,,,,,,,,,E,,,,,,,,,,,,,30-08-2026 03:34,,,,770,50305,219,00:31.0,,,
6595,IDJKT,JKT74,SPNU4644906,,,,,,40,HC,,,,,,,,,E,,,,,,,,,,,,,30-08-2026 05:18,,,,770,50305,219,00:31.0,,,
6600,IDJKT,JKT74,SPNU4667748,,,,,,40,HC,,,,,,,,,E,,,,,,,,,,,,,30-08-2026 03:30,,,,770,50305,219,00:31.0,,,
6601,IDJKT,JKT74,MRTU2068735,,,,,,20,GP,,,,,,,,,E,,,,,,,,,,,,,30-08-2026 00:37,,,,770,50305,219,00:31.0,,,
6605,IDJKT,JKT74,SPNU4645800,,,,,,40,HC,,,,,,,,,E,,,,,,,,,,,,,30-08-2026 05:20,,,,770,50305,219,00:31.0,,,
6606,IDJKT,JKT74,SPNU4643860,,,,,,40,HC,,,,,,,,,E,,,,,,,,,,,,,30-08-2026 03:23,,,,770,50305,219,00:31.0,,,
6607,IDJKT,JKT74,SCZU7805483,,,,,,20,GP,,,,,,,,,E,,,,,,,,,,,,,30-08-2026 03:04,,,,770,50305,219,00:31.0,,,
6608,IDJKT,JKT74,SPNU4631771,,,,,,40,HC,,,,,,,,,E,,,,,,,,,,,,,30-08-2026 03:25,,,,770,50305,219,00:31.0,,,
6610,IDJKT,JKT74,SPNU4632417,,,,,,40,HC,,,,,,,,,E,,,,,,,,,,,,,30-08-2026 05:35,,,,770,50305,219,00:31.0,,,
6621,IDJKT,JKT74,SPNU4660770,,,,,,40,HC,,,,,,,,,E,,,,,,,,,,,,,30-08-2026 05:31,,,,770,50305,219,00:31.0,,,
6625,IDJKT,JKT74,SPNU4669442,,,,,,40,HC,,,,,,,,,E,,,,,,,,,,,,,30-08-2026 05:40,,,,770,50305,219,00:31.0,,,
6627,IDJKT,JKT74,SPNU2778634,,,,,,20,GP,,,,,,,,,E,,,,,,,,,,,,,30-08-2026 06:50,,,,770,50305,219,00:31.0,,,
6631,IDJKT,JKT74,SPNU4677638,,,,,,40,HC,,,,,,,,,E,,,,,,,,,,,,,30-08-2026 05:26,,,,770,50305,219,00:31.0,,,
6633,IDJKT,JKT74,SPNU4687791,,,,,,40,HC,,,,,,,,,E,,,,,,,,,,,,,30-08-2026 05:36,,,,770,50305,219,00:31.0,,,
6634,IDJKT,JKT74,MRTU2025250,,,,,,20,GP,,,,,,,,,E,,,,,,,,,,,,,30-08-2026 00:30,,,,770,50305,219,00:31.0,,,
6676,IDJKT,JKT74,SPNU2759022,Ht02,,,,,20,GP,,,,,,,,,E,,,,,,,,,,,,,30-08-2026 11:25,,,,770,50356,219,10:46.3,,,
6637,IDJKT,JKT74,SPNU4635416,,,,,,40,HC,,,,,,,,,E,,,,,,,,,,,,,30-08-2026 05:19,,,,770,50305,219,00:31.0,,,
6672,IDJKT,JKT74,SPNU3063424,Ht07,,,,,20,GP,,,,,,,,,E,,,,,,,,,,,,,30-08-2026 11:15,,,,770,50356,Cy219,10:46.3,,,
6640,IDJKT,JKT74,MRTU2005280,,,,,,20,GP,,,,,,,,,E,,,,,,,,,,,,,30-08-2026 07:51,,,,770,50305,219,00:31.0,,,
6642,IDJKT,JKT74,SPNU4622466,,,,,,40,HC,,,,,,,,,E,,,,,,,,,,,,,30-08-2026 05:52,,,,770,50305,219,00:31.0,,,
6643,IDJKT,JKT74,SPNU4680170,,,,,,40,HC,,,,,,,,,E,,,,,,,,,,,,,30-08-2026 03:16,,,,770,50305,219,00:31.0,,,
6674,IDJKT,JKT74,MRTU2160266,Ht25,,,,,20,GP,,,,,,,,,E,,,,,,,,,,,,,30-08-2026 10:36,,,,770,50356,Cy219,10:46.3,,,
6647,IDJKT,JKT74,SPNU4614692,,,,,,40,HC,,,,,,,,,E,,,,,,,,,,,,,30-08-2026 05:23,,,,770,50305,219,00:31.0,,,
6649,IDJKT,JKT74,SPNU4664498,,,,,,40,HC,,,,,,,,,E,,,,,,,,,,,,,30-08-2026 05:22,,,,770,50305,219,00:31.0,,,
6650,IDJKT,JKT74,MRTU2098220,,,,,,20,GP,,,,,,,,,E,,,,,,,,,,,,,30-08-2026 07:52,,,,770,50305,219,00:31.0,,,
6651,IDJKT,JKT74,SPNU2845877,,,,,,20,GP,,,,,,,,,E,,,,,,,,,,,,,30-08-2026 06:50,,,,770,50305,219,00:31.0,,,
6684,IDJKT,JKT74,SPNU3088680,Ht05,,,,,20,GP,,,,,,,,,E,,,,,,,,,,,,,30-08-2026 12:03,,,,770,50356,219,10:46.3,,,
6654,IDJKT,JKT74,MRTU2062589,,,,,,20,GP,,,,,,,,,E,,,,,,,,,,,,,30-08-2026 00:42,,,,770,50305,219,00:31.0,,,
6658,IDJKT,JKT74,SPNU4650452,,,,,,40,HC,,,,,,,,,E,,,,,,,,,,,,,30-08-2026 05:41,,,,770,50305,219,00:31.0,,,
6662,IDJKT,JKT74,SPNU4668092,,,,,,40,HC,,,,,,,,,E,,,,,,,,,,,,,30-08-2026 05:21,,,,770,50305,219,00:31.0,,,
6665,IDJKT,JKT74,SPNU4686100,,,,,,40,HC,,,,,,,,,E,,,,,,,,,,,,,30-08-2026 03:14,,,,770,50305,219,00:31.0,,,
6667,IDJKT,JKT74,SPNU2275706,Ht14,B,1,9,1,20,GP,,,,,,,,,E,,,,,,,,,,,,,30-08-2026 11:48,,,,770,50356,219,10:46.3,,,
6669,IDJKT,JKT74,TXGU8325320,Ht27,B,10,9,1,40,HC,,,,,,,,,E,,,,,,,,,,,,,30-08-2026 08:33,,,,770,50356,219,10:46.3,,,
6671,IDJKT,JKT74,MRLU2358057,Ht14,B,1,10,2,20,GP,,,,,,,,,E,,,,,,,,,,,,,30-08-2026 12:01,,,,770,50356,219,10:46.3,,,
6673,IDJKT,JKT74,SPNU2888420,Ht03,B,3,8,5,20,GP,,,,,,,,,E,,,,,,,,,,,,,30-08-2026 11:35,,,,770,50356,219,10:46.3,,,
6675,IDJKT,JKT74,MRTU9666868,Ht08,B,10,11,1,40,HC,,,,,,,,,E,,,,,,,,,,,,,30-08-2026 08:28,,,,770,50356,219,10:46.3,,,
6678,IDJKT,JKT74,TXGU4081729,Ht26,B,10,11,4,40,HC,,,,,,,,,E,,,,,,,,,,,,,30-08-2026 08:30,,,,770,50356,219,10:46.3,,,
6679,IDJKT,JKT74,SPNU2813530,Ht02,B,3,9,3,20,GP,,,,,,,,,E,,,,,,,,,,,,,30-08-2026 11:39,,,,770,50356,219,10:46.3,,,
6681,IDJKT,JKT74,MRLU2342446,Ht24,B,1,10,1,20,GP,,,,,,,,,E,,,,,,,,,,,,,30-08-2026 12:00,,,,770,50356,219,10:46.3,,,
6682,IDJKT,JKT74,SPNU2830141,Ht03,B,2,9,2,20,GP,,,,,,,,,E,,,,,,,,,,,,,30-08-2026 08:20,,,,770,50356,219,10:46.3,,,
6683,IDJKT,JKT74,TIIU6804021,Ht16,B,10,10,3,40,HC,,,,,,,,,E,,,,,,,,,,,,,30-08-2026 08:08,,,,770,50356,219,10:46.3,,,
6685,IDJKT,JKT74,MRTU9633463,Ht12,B,10,11,5,40,HC,,,,,,,,,E,,,,,,,,,,,,,30-08-2026 08:31,,,,770,50356,219,10:46.3,,,
6687,IDJKT,JKT74,SPNU3218784,Ht02,B,3,9,2,20,GP,,,,,,,,,E,,,,,,,,,,,,,30-08-2026 11:55,,,,770,50356,219,10:46.3,,,
6688,IDJKT,JKT74,MRTU2277463,Ht30,B,1,10,1,20,GP,,,,,,,,,E,,,,,,,,,,,,,30-08-2026 11:52,,,,770,50356,219,10:46.3,,,
6689,IDJKT,JKT74,MRLU2355438,Ht10,B,1,9,2,20,GP,,,,,,,,,E,,,,,,,,,,,,,30-08-2026 11:49,,,,770,50356,219,10:46.3,,,
6691,IDJKT,JKT74,SPNU2965682,Ht18,B,2,8,5,20,GP,,,,,,,,,E,,,,,,,,,,,,,30-08-2026 08:17,,,,770,50356,219,10:46.3,,,
6693,IDJKT,JKT74,SPNU2991439,Ht18,B,2,9,1,20,GP,,,,,,,,,E,,,,,,,,,,,,,30-08-2026 08:17,,,,770,50356,219,10:46.3,,,
6695,IDJKT,JKT74,IKSU2602787,Ht27,C,3,7,3,20,GP,,,,,,,,,E,,,,,,,,,,,,,30-08-2026 09:51,,,,770,50356,219,10:46.3,,,
6697,IDJKT,JKT74,SPNU2921010,Ht03,B,2,9,4,20,GP,,,,,,,,,E,,,,,,,,,,,,,30-08-2026 08:20,,,,770,50356,219,10:46.3,,,
6699,IDJKT,JKT74,SPNU2989030,Ht05,B,2,9,4,20,GP,,,,,,,,,E,,,,,,,,,,,,,30-08-2026 08:25,,,,770,50356,219,10:46.3,,,
6702,IDJKT,JKT74,SPNU3118168,Ht01,B,3,9,1,20,GP,,,,,,,,,E,,,,,,,,,,,,,30-08-2026 11:37,,,,770,50356,219,10:46.3,,,
6703,IDJKT,JKT74,SPNU2985518,Ht17,B,2,8,2,20,GP,,,,,,,,,E,,,,,,,,,,,,,30-08-2026 08:12,,,,770,50356,219,10:46.3,,,
6704,IDJKT,JKT74,SPNU2787467,Ht17,B,2,8,1,20,GP,,,,,,,,,E,,,,,,,,,,,,,30-08-2026 08:11,,,,770,50356,219,10:46.3,,,
6705,IDJKT,JKT74,SPNU2855113,Ht05,B,3,10,3,20,GP,,,,,,,,,E,,,,,,,,,,,,,30-08-2026 12:02,,,,770,50356,219,10:46.3,,,
6706,IDJKT,JKT74,MRTU2039378,Ht29,B,1,10,2,20,GP,,,,,,,,,E,,,,,,,,,,,,,30-08-2026 10:48,,,,770,50356,219,10:46.3,,,
6707,IDJKT,JKT74,SPNU3040753,Ht21,,,,,20,GP,,,,,,,,,E,,,,,,,,,,,,,30-08-2026 12:04,,,,770,50356,219,10:46.3,,,
6720,IDJKT,JKT74,SPNU3040270,Ht07,,,,,20,GP,,,,,,,,,E,,,,,,,,,,,,,30-08-2026 11:14,,,,770,50356,219,10:46.3,,,
6715,IDJKT,JKT74,SPNU3153488,Ht03,,,,,20,GP,,,,,,,,,E,,,,,,,,,,,,,30-08-2026 11:35,,,,770,50356,219,10:46.3,,,
6713,IDJKT,JKT74,SPNU3003169,Ht02,B,3,9,2,20,GP,,,,,,,,,E,,,,,,,,,,,,,30-08-2026 11:58,,,,770,50356,219,10:46.3,,,
6714,IDJKT,JKT74,MRTU2078380,Ht15,B,1,9,3,20,GP,,,,,,,,,E,,,,,,,,,,,,,30-08-2026 11:50,,,,770,50356,219,10:46.3,,,
6716,IDJKT,JKT74,SPNU2766187,Ht05,B,2,10,1,20,GP,,,,,,,,,E,,,,,,,,,,,,,30-08-2026 08:24,,,,770,50356,219,10:46.3,,,
6717,IDJKT,JKT74,SPNU3033184,Ht19,B,2,8,4,20,GP,,,,,,,,,E,,,,,,,,,,,,,30-08-2026 08:15,,,,770,50356,219,10:46.3,,,
6718,IDJKT,JKT74,MRTU9622812,Ht27,B,10,10,2,40,HC,,,,,,,,,E,,,,,,,,,,,,,30-08-2026 08:06,,,,770,50356,219,10:46.3,,,
6721,IDJKT,JKT74,GESU2022791,Ht29,,,,,20,GP,,,,,,,,,E,,,,,,,,,,,,,30-08-2026 10:47,,,,770,50356,Cy219,10:46.3,,,
6722,IDJKT,JKT74,MRTU2331538,Ht12,C,5,11,4,20,GP,,,,,,,,,E,,,,,,,,,,,,,30-08-2026 09:20,,,,770,50356,219,10:46.3,,,
6723,IDJKT,JKT74,HPCU4457259,Ht28,B,10,11,2,40,HC,,,,,,,,,E,,,,,,,,,,,,,30-08-2026 08:29,,,,770,50356,219,10:46.3,,,
6724,IDJKT,JKT74,TRHU8909411,Ht26,C,10,10,1,40,HC,,,,,,,,,E,,,,,,,,,,,,,30-08-2026 08:04,,,,770,50356,219,10:46.3,,,
6725,IDJKT,JKT74,MRLU2370469,Ht12,B,1,9,4,20,GP,,,,,,,,,E,,,,,,,,,,,,,30-08-2026 11:51,,,,770,50356,219,10:46.3,,,
6726,IDJKT,JKT74,MRTU2094816,Ht14,C,7,6,1,20,GP,,,,,,,,,E,,,,,,,,,,,,,30-08-2026 11:03,,,,770,50356,219,10:46.3,,,
6727,IDJKT,JKT74,SPNU3239067,Ht06,B,2,9,5,20,GP,,,,,,,,,E,,,,,,,,,,,,,30-08-2026 08:23,,,,770,50356,219,10:46.3,,,
6728,IDJKT,JKT74,SPNU2811809,Ht01,B,3,9,2,20,GP,,,,,,,,,E,,,,,,,,,,,,,30-08-2026 11:38,,,,770,50356,219,10:46.3,,,
6741,IDJKT,JKT74,SPNU3065812,Ht04,,,,,20,GP,,,,,,,,,E,,,,,,,,,,,,,30-08-2026 13:06,,,,770,50388,219,41:00.2,,,
6742,IDJKT,JKT74,SPNU3022770,Ht02,,,,,20,GP,,,,,,,,,E,,,,,,,,,,,,,30-08-2026 13:20,,,,770,50388,219,41:00.2,,,
6731,IDJKT,JKT74,MRTU2232896,Ht10,C,3,8,5,20,GP,,,,,,,,,E,,,,,,,,,,,,,30-08-2026 09:36,,,,770,50356,219,10:46.3,,,
6751,IDJKT,JKT74,SPNU3220518,Ht02,,,,,20,GP,,,,,,,,,E,,,,,,,,,,,,,30-08-2026 13:20,,,,770,50388,219,41:00.2,,,
6701,IDJKT,JKT74,SPNU2867881,Ht07,,,,,20,GP,,,,,,,,,E,,,,,,,,,,,,,30-08-2026 10:31,,,,770,50356,Cy219,10:46.3,,,
6734,IDJKT,JKT74,SPNU3125486,Ht19,B,2,8,3,20,GP,,,,,,,,,E,,,,,,,,,,,,,30-08-2026 08:14,,,,770,50356,219,10:46.3,,,
6737,IDJKT,JKT74,MRLU2370469,Ht12,B,1,9,5,20,GP,,,,,,,,,E,,,,,,,,,,,,,30-08-2026 11:51,,,,770,50356,219,10:46.3,,,
6738,IDJKT,JKT74,SPNU3029498,Ht06,B,2,9,4,20,GP,,,,,,,,,E,,,,,,,,,,,,,30-08-2026 08:22,,,,770,50356,219,10:46.3,,,
6740,IDJKT,JKT74,SPNU3092952,Ht07,B,2,11,2,20,GP,,,,,,,,,E,,,,,,,,,,,,,30-08-2026 10:46,,,,770,50356,219,10:46.3,,,
6745,IDJKT,JKT74,SPNU3128485,Ht05,B,1,11,1,20,GP,,,,,,,,,E,,,,,,,,,,,,,30-08-2026 13:22,,,,770,50388,219,41:00.2,,,
6746,IDJKT,JKT74,SPNU3131827,Ht18,B,3,10,5,20,GP,,,,,,,,,E,,,,,,,,,,,,,30-08-2026 13:15,,,,770,50388,219,41:00.2,,,
6747,IDJKT,JKT74,SPNU3135442,Ht05,B,1,11,2,20,GP,,,,,,,,,E,,,,,,,,,,,,,30-08-2026 13:23,,,,770,50388,219,41:00.2,,,
6754,IDJKT,JKT64,WHSU2477339,6,1b,,,,20,GP,,,,,,,,,F,,,,,,,,,,,,,30-08-2026 10:10,,,,770,50370,218,01:01.6,,,
6755,IDJKT,JKT64,SPNU3104225,6,1b,,,,20,GP,,,,,,,,,F,,,,,,,,,,,,,30-08-2026 08:52,,,,770,50370,218,01:01.6,,,
6812,,JKT64,SPNU3123082,HT 01,,,,,20,GP,,,,,,,,,E,,,,,,,,,,,,,30-08-2026 13:26,,,,770,50383,Cy218,01:01.8,,,
6814,,JKT64,SPNU3088058,Ht03,,,,,20,GP,,,,,,,,,E,,,,,,,,,,,,,30-08-2026 13:29,,,,770,50383,Cy218,01:01.8,,,
6799,IDJKT,JKT64,SPNU3187702,6,,,,,20,GP,,,,,,,,,F,,,,,,,,,,,,,30-08-2026 09:25,,,,770,50370,218,01:01.6,,,
6760,IDJKT,JKT64,SPNU3179862,6,1b,,,,20,GP,,,,,,,,,F,,,,,,,,,,,,,30-08-2026 10:09,,,,770,50370,218,01:01.6,,,
6761,IDJKT,JKT64,SPNU3006189,6,1b,,,,20,GP,,,,,,,,,F,,,,,,,,,,,,,30-08-2026 09:33,,,,770,50370,218,01:01.6,,,
6762,IDJKT,JKT64,SPNU2981370,6,1b,,,,20,GP,,,,,,,,,F,,,,,,,,,,,,,30-08-2026 11:01,,,,770,50370,218,01:01.6,,,
6770,IDJKT,JKT64,SPNU2808404,6,1b,,,,20,GP,,,,,,,,,F,,,,,,,,,,,,,30-08-2026 09:11,,,,770,50370,218,01:01.6,,,
6771,IDJKT,JKT64,SPNU2885340,6,1b,,,,20,GP,,,,,,,,,F,,,,,,,,,,,,,30-08-2026 10:10,,,,770,50370,218,01:01.6,,,
6773,IDJKT,JKT64,SPNU3148780,6,1b,,,,20,GP,,,,,,,,,F,,,,,,,,,,,,,30-08-2026 10:00,,,,770,50370,218,01:01.6,,,
6774,IDJKT,JKT64,WHSU2740907,,,,,,20,GP,,,,,,,,,F,,,,,,,,,,,,,30-08-2026 15:01,,,,770,50370,218,01:01.6,,,
6778,IDJKT,JKT64,SPNU3127241,6,1b,,,,20,GP,,,,,,,,,F,,,,,,,,,,,,,30-08-2026 15:00,,,,770,50370,218,01:01.6,,,
6786,IDJKT,JKT64,SPNU2835966,6,1b,,,,20,GP,,,,,,,,,E,,,,,,,,,,,,,30-08-2026 11:03,,,,770,50370,218,01:01.6,,,
6792,IDJKT,JKT64,SPNU2810280,7,1b,,,,20,GP,,,,,,,,,F,,,,,,,,,,,,,30-08-2026 14:50,,,,770,50370,218,01:01.6,,,
6794,IDJKT,JKT64,SPNU2830645,6,1b,,,,20,GP,,,,,,,,,E,,,,,,,,,,,,,30-08-2026 14:46,,,,770,50370,218,01:01.6,,,
6795,IDJKT,JKT64,SPNU2918799,6,1b,,,,20,GP,,,,,,,,,E,,,,,,,,,,,,,30-08-2026 14:27,,,,770,50370,218,01:01.6,,,
6796,IDJKT,JKT64,SPNU2992707,6,1b,,,,20,GP,,,,,,,,,F,,,,,,,,,,,,,30-08-2026 09:45,,,,770,50370,218,01:01.6,,,
6797,IDJKT,JKT64,WHSU2298230,6,1b,,,,20,GP,,,,,,,,,F,,,,,,,,,,,,,30-08-2026 14:18,,,,770,50370,218,01:01.6,,,
6801,IDJKT,JKT64,SPNU3157360,6,1b,,,,20,GP,,,,,,,,,E,,,,,,,,,,,,,30-08-2026 14:26,,,,770,50370,218,01:01.6,,,
6802,IDJKT,JKT64,SPNU2824690,6,1b,,,,20,GP,,,,,,,,,F,,,,,,,,,,,,,30-08-2026 10:59,,,,770,50370,218,01:01.6,,,
6803,IDJKT,JKT64,SPNU3206844,6,1b,,,,20,GP,,,,,,,,,F,,,,,,,,,,,,,30-08-2026 09:36,,,,770,50370,218,01:01.6,,,
6805,IDJKT,JKT64,SPNU2781200,6,1b,,,,20,GP,,,,,,,,,F,,,,,,,,,,,,,30-08-2026 09:52,,,,770,50370,218,01:01.6,,,
6806,IDJKT,JKT64,WHSU2540750,6,1b,,,,20,GP,,,,,,,,,F,,,,,,,,,,,,,30-08-2026 14:17,,,,770,50370,218,01:01.6,,,
6808,IDJKT,JKT64,MRTU3235930,6,1b,,,,20,GP,,,,,,,,,E,,,,,,,,,,,,,30-08-2026 14:43,,,,770,50370,218,01:01.6,,,
6813,,JKT64,WHSU0512934,HT 02,2A,9,3,2,,GP,,,,,,,,,F,,,,,,,,,,,,,30-08-2026 13:43,,,,770,50383,218,01:01.8,,,
6816,,JKT64,WHSU2386310,HT07,2A,12,6,2,20,GP,,,,,,,,,F,,,,,,,,,,,,,30-08-2026 14:27,,,,770,50383,218,01:01.8,,,
6817,,JKT64,WHSU2426060,HT02,2A,9,3,1,20,GP,,,,,,,,,F,,,,,,,,,,,,,30-08-2026 13:42,,,,770,50383,218,01:01.8,,,
6820,,JKT64,SPNU3200126,HT 03,2A,6,1,4,20,GP,,,,,,,,,E,,,,,,,,,,,,,30-08-2026 15:09,,,,770,50383,218,01:01.8,,,
6821,,JKT64,WHSU2807195,HT18,2A,7,3,1,20,GP,,,,,,,,,F,,,,,,,,,,,,,30-08-2026 11:56,,,,770,50383,218,01:01.8,,,
6840,,JKT64,WHSU2349580,HT 06,,,,,20,GP,,,,,,,,,F,,,,,,,,,,,,,30-08-2026 14:42,,,,770,50383,218,01:01.8,,,
6826,,JKT64,WHSU2224351,HT05,2A,10,3,3,20,GP,,,,,,,,,F,,,,,,,,,,,,,30-08-2026 14:00,,,,770,50383,218,01:01.8,,,
6848,,JKT64,SPNU3144887,HT 04,,,,,20,GP,,,,,,,,,E,,,,,,,,,,,,,30-08-2026 14:50,,,,770,50383,218,01:01.8,,,
6829,,JKT64,WHSU2296460,HT07,2A,12,6,1,20,GP,,,,,,,,,F,,,,,,,,,,,,,30-08-2026 14:26,,,,770,50383,218,01:01.8,,,
6830,,JKT64,WHSU0001092,HT 01,1A,6,1,1,20,GP,,,,,,,,,F,,,,,,,,,,,,,30-08-2026 11:41,,,,770,50383,218,01:01.8,,,
6831,,JKT64,WHSU2864750,HT 05,1A,6,1,4,20,GP,,,,,,,,,F,,,,,,,,,,,,,30-08-2026 11:47,,,,770,50383,218,01:01.8,,,
6832,,JKT64,SPNU2850805,HT07,2A,8,1,1,20,GP,,,,,,,,,E,,,,,,,,,,,,,30-08-2026 08:04,,,,770,50383,218,01:01.8,,,
6835,,JKT64,WHSU2554923,HT23,,,,,20,GP,,,,,,,,,F,,,,,,,,,,,,,30-08-2026 14:05,,,,770,50383,218,01:01.8,,,
6834,,JKT64,SPNU3213150,HT 01,2A,8,2,1,20,GP,,,,,,,,,E,,,,,,,,,,,,,30-08-2026 13:30,,,,770,50383,218,01:01.8,,,
6836,,JKT64,WHSU2423543,HT 05,1A,6,1,3,20,GP,,,,,,,,,F,,,,,,,,,,,,,30-08-2026 11:46,,,,770,50383,218,01:01.8,,,
6838,,JKT64,WHSU2650320,HT 01,1A,6,1,2,20,GP,,,,,,,,,F,,,,,,,,,,,,,30-08-2026 11:43,,,,770,50383,218,01:01.8,,,
6818,,JKT64,SPNU2809078,Ht04,,,,,20,GP,,,,,,,,,E,,,,,,,,,,,,,30-08-2026 15:01,,,,770,50383,Cy218,01:01.8,,,
6819,,JKT64,SPNU2861775,HT03,,,,,20,GP,,,,,,,,,E,,,,,,,,,,,,,30-08-2026 13:27,,,,770,50383,Cy218,01:01.8,,,
6842,,JKT64,SPNU3195040,HT 05,2A,6,3,4,20,GP,,,,,,,,,E,,,,,,,,,,,,,30-08-2026 15:06,,,,770,50383,218,01:01.8,,,
6843,,JKT64,WHSU2636699,HT05,2A,10,3,4,20,GP,,,,,,,,,F,,,,,,,,,,,,,30-08-2026 14:01,,,,770,50383,218,01:01.8,,,
6837,,JKT64,SPNU3024650,HT 18,,,,,20,GP,,,,,,,,,E,,,,,,,,,,,,,30-08-2026 11:57,,,,770,50383,Cy218,01:01.8,,,
6846,,JKT64,WHSU2109640,HTc04,2A,10,3,2,20,GP,,,,,,,,,F,,,,,,,,,,,,,30-08-2026 13:57,,,,770,50383,218,01:01.8,,,
6847,,JKT64,SPNU2828421,HT17,2A,8,2,2,20,GP,,,,,,,,,E,,,,,,,,,,,,,30-08-2026 13:32,,,,770,50383,218,01:01.8,,,
6852,IDJKT,JKT64,TIIU6813168,,3a,6,3,4,40,HC,,,,,,,,,F,,,,,,,,,,,,,30-08-2026 08:54,,,,770,50357,218,11:02.4,,,
6866,IDJKT,JKT64,SPNU3166675,,,,,,20,GP,,,,,,,,,F,,,,,,,,,,,,,30-08-2026 11:16,,,,770,50357,218,11:02.4,,,
6815,,JKT64,SPNU2849276,HT 05,,,,,20,GP,,,,,,,,,E,,,,,,,,,,,,,30-08-2026 15:05,,,,770,50383,218,01:01.8,,,
6865,IDJKT,JKT64,SPNU2852140,,,,,,20,GP,,,,,,,,,E,,,,,,,,,,,,,30-08-2026 14:15,,,,770,50357,218,11:02.4,,,
6871,IDJKT,JKT64,MRTU9676470,,3a,6,4,3,40,HC,,,,,,,,,F,,,,,,,,,,,,,30-08-2026 09:00,,,,770,50357,218,11:02.4,,,
6873,IDJKT,JKT64,TXGU4080044,,3a,12,6,4,40,HC,,,,,,,,,F,,,,,,,,,,,,,30-08-2026 09:39,,,,770,50357,218,11:02.4,,,
6878,IDJKT,JKT64,SPNU2880137,,3a,8,6,3,20,GP,,,,,,,,,F,,,,,,,,,,,,,30-08-2026 09:19,,,,770,50357,218,11:02.4,,,
6879,IDJKT,JKT64,TRHU8909983,,3a,6,5,4,40,HC,,,,,,,,,F,,,,,,,,,,,,,30-08-2026 09:28,,,,770,50357,218,11:02.4,,,
6881,IDJKT,JKT64,ONEU2438158,B9815SYL,,,,,20,GP,,,,,,,,,F,,,,,,,,,,,,,30-08-2026 09:25,,,,770,50357,218,11:02.4,,,
6882,IDJKT,JKT64,SPNU3079420,,,,,,20,GP,,,,,,,,,F,,,,,,,,,,,,,30-08-2026 08:14,,,,770,50357,218,11:02.4,,,
6887,IDJKT,JKT64,TXGU4073071,,3a,6,4,4,40,HC,,,,,,,,,F,,,,,,,,,,,,,30-08-2026 09:02,,,,770,50357,218,11:02.4,,,
6889,IDJKT,JKT64,WHSU2289795,,3a,38,,,20,GP,,,,,,,,,F,,,,,,,,,,,,,30-08-2026 10:39,,,,770,50357,218,11:02.4,,,
6890,IDJKT,JKT64,WHLU0535370,,3a,35,6,2,20,GP,,,,,,,,,F,,,,,,,,,,,,,30-08-2026 10:25,,,,770,50357,218,11:02.4,,,
6891,IDJKT,JKT64,SPNU2734261,,3a,22,,,20,GP,,,,,,,,,F,,,,,,,,,,,,,30-08-2026 11:15,,,,770,50357,218,11:02.4,,,
6892,IDJKT,JKT64,MRTU9651831,,3a,12,6,5,40,HC,,,,,,,,,F,,,,,,,,,,,,,30-08-2026 09:40,,,,770,50357,218,11:02.4,,,
6893,IDJKT,JKT64,SPNU2720273,,3a,7,5,4,20,GP,,,,,,,,,E,,,,,,,,,,,,,30-08-2026 08:14,,,,770,50357,218,11:02.4,,,
6920,IDJKT,JKT74,SPNU3220518,Ht02,,,,,20,GP,,,,,,,,,E,,,,,,,,,,,,,30-08-2026 13:20,,,,770,50388,219,11:02.7,,,
6921,IDJKT,JKT74,SPNU3065812,Ht04,,,,,20,GP,,,,,,,,,E,,,,,,,,,,,,,30-08-2026 13:06,,,,770,50388,219,11:02.7,,,
6897,IDJKT,JKT64,SPNU2840896,,3a,38,,,20,GP,,,,,,,,,F,,,,,,,,,,,,,30-08-2026 10:39,,,,770,50357,218,11:02.4,,,
6922,IDJKT,JKT74,SPNU3022770,Ht02,,,,,20,GP,,,,,,,,,E,,,,,,,,,,,,,30-08-2026 13:20,,,,770,50388,219,11:02.7,,,
6877,IDJKT,JKT64,TCKU6098317,,,,,,40,HC,,,,,,,,,F,,,,,,,,,,,,,30-08-2026 09:56,,,,770,50357,218,11:02.4,,,
6904,IDJKT,JKT64,TXGU8464813,,3a,6,5,2,40,HC,,,,,,,,,F,,,,,,,,,,,,,30-08-2026 09:05,,,,770,50357,218,11:02.4,,,
6905,IDJKT,JKT56,MRTU2253440,,1b,20,1,2,20,GP,,,,,,,,,F,,,,,,,,,,,,,30-08-2026 09:00,,,,770,50280,213,11:02.6,,,
6906,IDJKT,JKT56,MRTU2189125,,1b,3,3,3,20,GP,,,,,,,,,F,,,,,,,,,,,,,30-08-2026 11:36,,,,770,50280,213,11:02.6,,,
6907,IDJKT,JKT56,MRTU2293485,,1b,3,3,1,20,GP,,,,,,,,,F,,,,,,,,,,,,,30-08-2026 11:28,,,,770,50280,213,11:02.6,,,
6908,IDJKT,JKT56,SEGU6542712,,1b,26,5,3,40,HC,,,,,,,,,F,,,,,,,,,,,,,30-08-2026 08:56,,,,770,50280,213,11:02.6,,,
6909,IDJKT,JKT56,MRTU2128264,,1b,20,1,1,20,GP,,,,,,,,,F,,,,,,,,,,,,,30-08-2026 08:22,,,,770,50280,213,11:02.6,,,
6910,IDJKT,JKT56,TEGU3010569,,1b,7,2,1,20,GP,,,,,,,,,F,,,,,,,,,,,,,30-08-2026 13:10,,,,770,50280,213,11:02.6,,,
6911,IDJKT,JKT56,MRTU2112695,,1b,7,4,1,20,GP,,,,,,,,,F,,,,,,,,,,,,,30-08-2026 13:06,,,,770,50280,213,11:02.6,,,
6912,IDJKT,JKT56,MRTU2242092,,1b,3,3,4,20,GP,,,,,,,,,F,,,,,,,,,,,,,30-08-2026 11:40,,,,770,50280,213,11:02.6,,,
6913,IDJKT,JKT56,MRTU2288093,,1b,7,3,1,20,GP,,,,,,,,,F,,,,,,,,,,,,,30-08-2026 13:14,,,,770,50280,213,11:02.6,,,
6914,IDJKT,JKT56,MRTU2334413,,1b,3,3,2,20,GP,,,,,,,,,F,,,,,,,,,,,,,30-08-2026 11:32,,,,770,50280,213,11:02.6,,,
6930,,JKT74,SPNU3147417,,,,,,20,GP,,,,,,,,,E,,,,,,,,,,,,,30-08-2026 09:04,,,,770,50381,219,21:03.4,,,
6916,IDJKT,JKT74,SPNU3128485,Ht05,B,1,11,1,20,GP,,,,,,,,,E,,,,,,,,,,,,,30-08-2026 13:22,,,,770,50388,219,11:02.7,,,
6923,IDJKT,JKT74,SPNU3131827,Ht18,B,3,10,5,20,GP,,,,,,,,,E,,,,,,,,,,,,,30-08-2026 13:15,,,,770,50388,219,11:02.7,,,
6926,IDJKT,JKT74,SPNU3135442,Ht05,B,1,11,2,20,GP,,,,,,,,,E,,,,,,,,,,,,,30-08-2026 13:23,,,,770,50388,219,11:02.7,,,
6927,,JKT74,SPNU2972742,,,,,,20,GP,,,,,,,,,E,,,,,,,,,,,,,30-08-2026 08:35,,,,770,50381,Cy219,21:03.4,,,
6929,,JKT74,SPNU3020377,,B,2,,,20,GP,,,,,,,,,E,,,,,,,,,,,,,30-08-2026 08:32,,,,770,50381,Cy219,21:03.4,,,
6931,,JKT74,SPNU2111364,,B,2,,,20,EC,,,,,,,,,E,,,,,,,,,,,,,30-08-2026 08:09,,,,770,50381,Cy219,21:03.4,,,
6933,,JKT74,SPNU2109095,,B,2,,,20,EC,,,,,,,,,E,,,,,,,,,,,,,30-08-2026 08:16,,,,770,50381,Cy219,21:03.4,,,
6934,,JKT74,SPNU3083729,,,,,,20,GP,,,,,,,,,E,,,,,,,,,,,,,30-08-2026 10:01,,,,770,50381,Cy219,21:03.4,,,
6935,,JKT74,SPNU2855751,,,,,,20,GP,,,,,,,,,E,,,,,,,,,,,,,30-08-2026 10:08,,,,770,50381,Cy219,21:03.4,,,
6936,,JKT74,SPNU2810130,,,,,,20,GP,,,,,,,,,E,,,,,,,,,,,,,30-08-2026 08:44,,,,770,50381,Cy219,21:03.4,,,
6937,,JKT74,SPNU3000684,,B,2,,,20,GP,,,,,,,,,E,,,,,,,,,,,,,30-08-2026 08:29,,,,770,50381,Cy219,21:03.4,,,
6938,,JKT74,MRTU2166325,,,,,,20,GP,,,,,,,,,E,,,,,,,,,,,,,30-08-2026 10:17,,,,770,50381,Cy219,21:03.4,,,
6939,,JKT74,MRLU2382074,,B,1,,,20,GP,,,,,,,,,E,,,,,,,,,,,,,30-08-2026 08:24,,,,770,50381,Cy219,21:03.4,,,
6940,,JKT74,HPCU2228850,,,,,,20,GP,,,,,,,,,E,,,,,,,,,,,,,30-08-2026 09:16,,,,770,50381,Cy219,21:03.4,,,
6942,,JKT74,SPNU2763779,,B,2,,,20,GP,,,,,,,,,E,,,,,,,,,,,,,30-08-2026 08:17,,,,770,50381,Cy219,21:03.4,,,
6944,,JKT74,MRTU2226039,,,,,,20,GP,,,,,,,,,E,,,,,,,,,,,,,30-08-2026 10:14,,,,770,50381,Cy219,21:03.4,,,
6945,,JKT74,MRTU2218440,,,,,,20,GP,,,,,,,,,E,,,,,,,,,,,,,30-08-2026 10:22,,,,770,50381,Cy219,21:03.4,,,
6947,,JKT74,MRTU2204636,,B,1,,,20,GP,,,,,,,,,E,,,,,,,,,,,,,30-08-2026 08:22,,,,770,50381,Cy219,21:03.4,,,
6949,,JKT74,SPNU2841594,,B,2,,,20,GP,,,,,,,,,E,,,,,,,,,,,,,30-08-2026 08:12,,,,770,50381,Cy219,21:03.4,,,
6950,,JKT74,SPNU2829243,,,,,,20,GP,,,,,,,,,E,,,,,,,,,,,,,30-08-2026 10:11,,,,770,50381,Cy219,21:03.4,,,
6952,,JKT74,SPNU2801061,,,,,,20,GP,,,,,,,,,E,,,,,,,,,,,,,30-08-2026 08:39,,,,770,50381,Cy219,21:03.4,,,
6953,,JKT74,SPNU2710742,,,,,,20,GP,,,,,,,,,E,,,,,,,,,,,,,30-08-2026 10:11,,,,770,50381,Cy219,21:03.4,,,
6954,,JKT74,MRTU2076432,,,,,,20,GP,,,,,,,,,E,,,,,,,,,,,,,30-08-2026 09:13,,,,770,50381,Cy219,21:03.4,,,
6955,,JKT74,SPNU3176312,,,,,,20,GP,,,,,,,,,E,,,,,,,,,,,,,30-08-2026 08:35,,,,770,50381,Cy219,21:03.4,,,
6956,,JKT74,SPNU2778038,,,,,,20,GP,,,,,,,,,E,,,,,,,,,,,,,30-08-2026 09:54,,,,770,50381,Cy219,21:03.4,,,
6958,,JKT74,MRTU2144630,,,,,,20,GP,,,,,,,,,E,,,,,,,,,,,,,30-08-2026 10:12,,,,770,50381,Cy219,21:03.4,,,
6960,,JKT74,SPNU2948556,,,,,,20,GP,,,,,,,,,E,,,,,,,,,,,,,30-08-2026 10:01,,,,770,50381,Cy219,21:03.4,,,
6961,,JKT74,SPNU2909755,,B,2,,,20,GP,,,,,,,,,E,,,,,,,,,,,,,30-08-2026 08:16,,,,770,50381,Cy219,21:03.4,,,
6963,,JKT74,SPNU3203790,,,,,,20,GP,,,,,,,,,E,,,,,,,,,,,,,30-08-2026 09:04,,,,770,50381,Cy219,21:03.4,,,
6964,,JKT74,MRTU2220278,,,,,,20,GP,,,,,,,,,E,,,,,,,,,,,,,30-08-2026 10:17,,,,770,50381,Cy219,21:03.4,,,
6965,,JKT74,SPNU3141419,,,,,,20,GP,,,,,,,,,E,,,,,,,,,,,,,30-08-2026 08:37,,,,770,50381,Cy219,21:03.4,,,
6966,,JKT74,FCIU6081545,,,,,,20,GP,,,,,,,,,E,,,,,,,,,,,,,30-08-2026 10:22,,,,770,50381,Cy219,21:03.4,,,
6967,,JKT74,SPNU2822594,,B,2,,,20,GP,,,,,,,,,E,,,,,,,,,,,,,30-08-2026 08:15,,,,770,50381,Cy219,21:03.4,,,
6970,,JKT74,MRTU2230419,,,,,,20,GP,,,,,,,,,E,,,,,,,,,,,,,30-08-2026 09:12,,,,770,50381,Cy219,21:03.4,,,
6972,,JKT74,SPNU2795190,,,,,,20,GP,,,,,,,,,E,,,,,,,,,,,,,30-08-2026 10:06,,,,770,50381,Cy219,21:03.4,,,
6973,,JKT74,SPNU2803296,,B,2,,,20,GP,,,,,,,,,E,,,,,,,,,,,,,30-08-2026 08:26,,,,770,50381,Cy219,21:03.4,,,
6975,,JKT74,SPNU2088006,,,,,,20,GP,,,,,,,,,E,,,,,,,,,,,,,30-08-2026 09:03,,,,770,50381,Cy219,21:03.4,,,
6976,,JKT74,SPNU2813972,,B,2,,,20,GP,,,,,,,,,E,,,,,,,,,,,,,30-08-2026 08:09,,,,770,50381,Cy219,21:03.4,,,
6977,,JKT74,SPNU3146447,,,,,,20,GP,,,,,,,,,E,,,,,,,,,,,,,30-08-2026 10:09,,,,770,50381,Cy219,21:03.4,,,
6978,,JKT74,MRTU2265415,,,,,,20,GP,,,,,,,,,E,,,,,,,,,,,,,30-08-2026 09:15,,,,770,50381,Cy219,21:03.4,,,
6979,,JKT74,SPNU2715894,,,,,,20,GP,,,,,,,,,E,,,,,,,,,,,,,30-08-2026 09:55,,,,770,50381,Cy219,21:03.4,,,
6980,,JKT74,SPNU3104502,,,,,,20,GP,,,,,,,,,E,,,,,,,,,,,,,30-08-2026 10:06,,,,770,50381,Cy219,21:03.4,,,
6982,,JKT74,SPNU2799046,,B,2,,,20,GP,,,,,,,,,E,,,,,,,,,,,,,30-08-2026 08:12,,,,770,50381,Cy219,21:03.4,,,
6984,IDJKT,JKT64,SPNU3213150,HT 01,2A,8,2,1,20,GP,,,,,,,,,E,,,,,,,,,,,,,30-08-2026 13:30,,,,770,50383,218,11:18.3,,,
6985,IDJKT,JKT64,WHSU2423543,HT 05,1A,6,1,3,20,GP,,,,,,,,,F,,,,,,,,,,,,,30-08-2026 11:46,,,,770,50383,218,11:18.3,,,
6987,IDJKT,JKT64,SPNU3200126,HT 03,2A,6,1,4,20,GP,,,,,,,,,E,,,,,,,,,,,,,30-08-2026 15:09,,,,770,50383,218,11:18.3,,,
6991,IDJKT,JKT64,WHSU2426060,HT02,2A,9,3,1,20,GP,,,,,,,,,F,,,,,,,,,,,,,30-08-2026 13:42,,,,770,50383,218,11:18.3,,,
6986,IDJKT,JKT64,SPNU3123082,HT 01,,,,,20,GP,,,,,,,,,E,,,,,,,,,,,,,30-08-2026 13:26,,,,770,50383,Cy218,11:18.3,,,
6993,IDJKT,JKT64,WHSU2109640,HTc04,2A,10,3,2,20,GP,,,,,,,,,F,,,,,,,,,,,,,30-08-2026 13:57,,,,770,50383,218,11:18.3,,,
6994,IDJKT,JKT64,WHSU0512934,HT 02,2A,9,3,2,,GP,,,,,,,,,F,,,,,,,,,,,,,30-08-2026 13:43,,,,770,50383,218,11:18.3,,,
6995,IDJKT,JKT64,WHSU2636699,HT05,2A,10,3,4,20,GP,,,,,,,,,F,,,,,,,,,,,,,30-08-2026 14:01,,,,770,50383,218,11:18.3,,,
6989,IDJKT,JKT64,SPNU3024650,HT 18,,,,,20,GP,,,,,,,,,E,,,,,,,,,,,,,30-08-2026 11:57,,,,770,50383,Cy218,11:18.3,,,
6971,,JKT74,SPNU3012474,,,,,,20,GP,,,,,,,,,E,,,,,,,,,,,,,30-08-2026 08:41,,,,770,50381,219,21:03.4,,,
6951,,JKT74,SPNU2788400,,,,,,20,GP,,,,,,,,,E,,,,,,,,,,,,,30-08-2026 08:40,,,,770,50381,219,21:03.4,,,
6974,,JKT74,SPNU3224010,,,,,,20,GP,,,,,,,,,E,,,,,,,,,,,,,30-08-2026 08:38,,,,770,50381,219,21:03.4,,,
6996,IDJKT,JKT64,WHSU2386310,HT07,2A,12,6,2,20,GP,,,,,,,,,F,,,,,,,,,,,,,30-08-2026 14:27,,,,770,50383,218,11:18.3,,,
6997,IDJKT,JKT64,SPNU2862386,2A,1,3,,,20,GP,,,,,,,,,F,,,,,,,,,,,,,30-08-2026 13:37,,,,770,50383,218,11:18.3,,,
7003,IDJKT,JKT64,WHSU2554923,HT23,,,,,20,GP,,,,,,,,,F,,,,,,,,,,,,,30-08-2026 14:05,,,,770,50383,218,11:18.3,,,
6999,IDJKT,JKT64,WHSU2224351,HT05,2A,10,3,3,20,GP,,,,,,,,,F,,,,,,,,,,,,,30-08-2026 14:00,,,,770,50383,218,11:18.3,,,
7006,IDJKT,JKT64,SPNU2850805,HT07,2A,8,1,1,20,GP,,,,,,,,,E,,,,,,,,,,,,,30-08-2026 08:04,,,,770,50383,218,11:18.3,,,
7000,IDJKT,JKT64,SPNU2861775,HT03,,,,,20,GP,,,,,,,,,E,,,,,,,,,,,,,30-08-2026 13:27,,,,770,50383,Cy218,11:18.3,,,
7008,IDJKT,JKT64,WHSU2650320,HT 01,1A,6,1,2,20,GP,,,,,,,,,F,,,,,,,,,,,,,30-08-2026 11:43,,,,770,50383,218,11:18.3,,,
7004,IDJKT,JKT64,SPNU2809078,Ht04,,,,,20,GP,,,,,,,,,E,,,,,,,,,,,,,30-08-2026 15:01,,,,770,50383,Cy218,11:18.3,,,
7011,IDJKT,JKT64,SPNU3126646,HT 07,2A,8,1,2,20,GP,,,,,,,,,F,,,,,,,,,,,,,30-08-2026 08:05,,,,770,50383,218,11:18.3,,,
7013,IDJKT,JKT64,WHSU0001092,HT 01,1A,6,1,1,20,GP,,,,,,,,,F,,,,,,,,,,,,,30-08-2026 11:41,,,,770,50383,218,11:18.3,,,
7009,IDJKT,JKT64,SPNU3088058,Ht03,,,,,20,GP,,,,,,,,,E,,,,,,,,,,,,,30-08-2026 13:29,,,,770,50383,Cy218,11:18.3,,,
7016,IDJKT,JKT64,WHSU2296460,HT07,2A,12,6,1,20,GP,,,,,,,,,F,,,,,,,,,,,,,30-08-2026 14:26,,,,770,50383,218,11:18.3,,,
7017,IDJKT,JKT64,WHSU2864750,HT 05,1A,6,1,4,20,GP,,,,,,,,,F,,,,,,,,,,,,,30-08-2026 11:47,,,,770,50383,218,11:18.3,,,
7018,IDJKT,JKT64,SPNU2874089,HT 18,2A,8,2,4,20,GP,,,,,,,,,F,,,,,,,,,,,,,30-08-2026 13:35,,,,770,50383,218,11:18.3,,,
7019,IDJKT,JKT64,SPNU3195040,HT 05,2A,6,3,4,20,GP,,,,,,,,,E,,,,,,,,,,,,,30-08-2026 15:06,,,,770,50383,218,11:18.3,,,
7020,IDJKT,JKT64,SPNU2828421,HT17,2A,8,2,2,20,GP,,,,,,,,,E,,,,,,,,,,,,,30-08-2026 13:32,,,,770,50383,218,11:18.3,,,
7021,IDJKT,JKT64,WHSU2807195,HT18,2A,7,3,1,20,GP,,,,,,,,,F,,,,,,,,,,,,,30-08-2026 11:56,,,,770,50383,218,11:18.3,,,
7002,IDJKT,JKT64,WHSU2349580,HT 06,,,,,20,GP,,,,,,,,,F,,,,,,,,,,,,,30-08-2026 14:42,,,,770,50383,218,11:18.3,,,
7005,IDJKT,JKT64,SPNU2849276,HT 05,,,,,20,GP,,,,,,,,,E,,,,,,,,,,,,,30-08-2026 15:05,,,,770,50383,218,11:18.3,,,
7014,IDJKT,JKT64,SPNU3144887,HT 04,,,,,20,GP,,,,,,,,,E,,,,,,,,,,,,,30-08-2026 14:50,,,,770,50383,218,11:18.3,,,
